race,driver,team,car_number,lap,lap_time_sec,tyre_compound,pit_stop,position,top_speed_kmh,sector1_sec,sector2_sec,sector3_sec
Bahrain GP,Max Verstappen,Red Bull Racing,1,1,91.24,Hard,0,1,307.1,28.284,34.671,28.284
Bahrain GP,Max Verstappen,Red Bull Racing,1,2,90.572,Hard,0,1,313.7,28.077,34.417,28.077
Bahrain GP,Max Verstappen,Red Bull Racing,1,3,91.31,Soft,0,2,300.3,28.306,34.698,28.306
Bahrain GP,Max Verstappen,Red Bull Racing,1,4,91.417,Hard,0,4,301.9,28.339,34.738,28.339
Bahrain GP,Max Verstappen,Red Bull Racing,1,5,90.852,Medium,0,1,326.8,28.164,34.524,28.164
Bahrain GP,Max Verstappen,Red Bull Racing,1,6,90.793,Soft,0,1,342.0,28.146,34.501,28.146
Bahrain GP,Max Verstappen,Red Bull Racing,1,7,91.101,Hard,0,4,315.4,28.241,34.618,28.241
Bahrain GP,Max Verstappen,Red Bull Racing,1,8,91.44,Hard,0,2,328.5,28.346,34.747,28.346
Bahrain GP,Max Verstappen,Red Bull Racing,1,9,90.976,Medium,0,1,349.4,28.203,34.571,28.203
Bahrain GP,Max Verstappen,Red Bull Racing,1,10,91.646,Hard,0,2,340.2,28.41,34.825,28.41
Bahrain GP,Max Verstappen,Red Bull Racing,1,11,90.806,Intermediate,0,1,306.7,28.15,34.506,28.15
Bahrain GP,Max Verstappen,Red Bull Racing,1,12,91.674,Medium,0,1,302.7,28.419,34.836,28.419
Bahrain GP,Max Verstappen,Red Bull Racing,1,13,91.347,Medium,0,1,307.1,28.318,34.712,28.318
Bahrain GP,Max Verstappen,Red Bull Racing,1,14,90.942,Soft,0,1,303.4,28.192,34.558,28.192
Bahrain GP,Max Verstappen,Red Bull Racing,1,15,91.426,Soft,0,1,327.8,28.342,34.742,28.342
Bahrain GP,Max Verstappen,Red Bull Racing,1,16,91.882,Hard,0,1,332.4,28.483,34.915,28.483
Bahrain GP,Max Verstappen,Red Bull Racing,1,17,91.552,Soft,0,1,301.1,28.381,34.79,28.381
Bahrain GP,Max Verstappen,Red Bull Racing,1,18,90.766,Hard,0,1,348.5,28.137,34.491,28.137
Bahrain GP,Max Verstappen,Red Bull Racing,1,19,91.083,Medium,0,1,328.5,28.236,34.612,28.236
Bahrain GP,Max Verstappen,Red Bull Racing,1,20,90.68,Intermediate,0,1,345.5,28.111,34.458,28.111
Bahrain GP,Max Verstappen,Red Bull Racing,1,21,91.127,Medium,0,3,308.2,28.249,34.628,28.249
Bahrain GP,Max Verstappen,Red Bull Racing,1,22,91.444,Soft,0,1,339.9,28.348,34.749,28.348
Bahrain GP,Max Verstappen,Red Bull Racing,1,23,91.028,Medium,0,1,324.0,28.219,34.591,28.219
Bahrain GP,Max Verstappen,Red Bull Racing,1,24,92.361,Hard,0,1,334.2,28.632,35.097,28.632
Bahrain GP,Max Verstappen,Red Bull Racing,1,25,92.144,Medium,0,1,319.8,28.565,35.015,28.565
Bahrain GP,Max Verstappen,Red Bull Racing,1,26,90.902,Medium,0,1,327.4,28.18,34.543,28.18
Bahrain GP,Max Verstappen,Red Bull Racing,1,27,91.274,Soft,0,1,342.3,28.295,34.684,28.295
Bahrain GP,Max Verstappen,Red Bull Racing,1,28,91.055,Medium,0,1,302.3,28.227,34.601,28.227
Bahrain GP,Max Verstappen,Red Bull Racing,1,29,91.472,Medium,0,1,300.3,28.356,34.759,28.356
Bahrain GP,Max Verstappen,Red Bull Racing,1,30,90.95,Hard,0,1,332.0,28.195,34.561,28.195
Bahrain GP,Max Verstappen,Red Bull Racing,1,31,91.379,Hard,0,1,308.7,28.327,34.724,28.327
Bahrain GP,Max Verstappen,Red Bull Racing,1,32,90.924,Soft,0,4,308.7,28.186,34.551,28.186
Bahrain GP,Max Verstappen,Red Bull Racing,1,33,91.731,Medium,0,1,330.9,28.437,34.858,28.437
Bahrain GP,Max Verstappen,Red Bull Racing,1,34,91.58,Hard,0,1,317.4,28.39,34.8,28.39
Bahrain GP,Max Verstappen,Red Bull Racing,1,35,90.98,Soft,0,2,295.1,28.204,34.572,28.204
Bahrain GP,Max Verstappen,Red Bull Racing,1,36,91.443,Medium,0,1,333.3,28.347,34.748,28.347
Bahrain GP,Max Verstappen,Red Bull Racing,1,37,90.897,Intermediate,0,1,298.4,28.178,34.541,28.178
Bahrain GP,Max Verstappen,Red Bull Racing,1,38,91.234,Medium,0,1,303.7,28.283,34.669,28.283
Bahrain GP,Max Verstappen,Red Bull Racing,1,39,90.744,Soft,0,1,317.2,28.131,34.483,28.131
Bahrain GP,Max Verstappen,Red Bull Racing,1,40,91.03,Soft,0,1,312.4,28.219,34.591,28.219
Bahrain GP,Max Verstappen,Red Bull Racing,1,41,91.504,Soft,0,2,302.2,28.366,34.772,28.366
Bahrain GP,Max Verstappen,Red Bull Racing,1,42,91.853,Intermediate,0,1,320.2,28.474,34.904,28.474
Bahrain GP,Max Verstappen,Red Bull Racing,1,43,90.796,Soft,0,1,343.4,28.147,34.502,28.147
Bahrain GP,Max Verstappen,Red Bull Racing,1,44,90.655,Hard,1,1,328.6,28.103,34.449,28.103
Bahrain GP,Max Verstappen,Red Bull Racing,1,45,91.052,Intermediate,0,1,346.6,28.226,34.6,28.226
Bahrain GP,Max Verstappen,Red Bull Racing,1,46,91.53,Hard,0,1,310.0,28.374,34.781,28.374
Bahrain GP,Max Verstappen,Red Bull Racing,1,47,90.859,Medium,0,1,322.8,28.166,34.526,28.166
Bahrain GP,Max Verstappen,Red Bull Racing,1,48,91.418,Soft,1,3,340.6,28.34,34.739,28.34
Bahrain GP,Max Verstappen,Red Bull Racing,1,49,91.279,Medium,0,1,303.9,28.296,34.686,28.296
Bahrain GP,Max Verstappen,Red Bull Racing,1,50,91.483,Soft,0,1,347.0,28.36,34.764,28.36
Bahrain GP,Max Verstappen,Red Bull Racing,1,51,91.675,Medium,0,1,318.6,28.419,34.837,28.419
Bahrain GP,Max Verstappen,Red Bull Racing,1,52,91.473,Hard,0,1,344.4,28.357,34.76,28.357
Bahrain GP,Max Verstappen,Red Bull Racing,1,53,91.499,Medium,0,1,343.6,28.365,34.77,28.365
Bahrain GP,Max Verstappen,Red Bull Racing,1,54,92.266,Intermediate,0,2,342.6,28.602,35.061,28.602
Bahrain GP,Max Verstappen,Red Bull Racing,1,55,91.069,Hard,0,3,338.0,28.231,34.606,28.231
Bahrain GP,Max Verstappen,Red Bull Racing,1,56,91.361,Hard,0,2,303.8,28.322,34.717,28.322
Bahrain GP,Max Verstappen,Red Bull Racing,1,57,90.6,Medium,0,1,339.9,28.086,34.428,28.086
Bahrain GP,Max Verstappen,Red Bull Racing,1,58,91.318,Hard,0,1,296.3,28.309,34.701,28.309
Bahrain GP,Charles Leclerc,Scuderia Ferrari,16,1,89.142,Soft,0,2,317.0,27.634,33.874,27.634
Bahrain GP,Charles Leclerc,Scuderia Ferrari,16,2,88.331,Wet,0,3,326.9,27.383,33.566,27.383
Bahrain GP,Charles Leclerc,Scuderia Ferrari,16,3,88.769,Medium,0,1,319.0,27.518,33.732,27.518
Bahrain GP,Charles Leclerc,Scuderia Ferrari,16,4,88.802,Soft,0,1,295.1,27.529,33.745,27.529
Bahrain GP,Charles Leclerc,Scuderia Ferrari,16,5,88.314,Hard,0,1,329.3,27.377,33.559,27.377
Bahrain GP,Charles Leclerc,Scuderia Ferrari,16,6,88.629,Medium,0,1,312.9,27.475,33.679,27.475
Bahrain GP,Charles Leclerc,Scuderia Ferrari,16,7,88.517,Hard,0,3,332.3,27.44,33.636,27.44
Bahrain GP,Charles Leclerc,Scuderia Ferrari,16,8,88.668,Medium,0,4,311.7,27.487,33.694,27.487
Bahrain GP,Charles Leclerc,Scuderia Ferrari,16,9,88.925,Hard,0,1,319.3,27.567,33.791,27.567
Bahrain GP,Charles Leclerc,Scuderia Ferrari,16,10,89.186,Intermediate,0,4,331.2,27.648,33.891,27.648
Bahrain GP,Charles Leclerc,Scuderia Ferrari,16,11,89.052,Medium,0,2,332.0,27.606,33.84,27.606
Bahrain GP,Charles Leclerc,Scuderia Ferrari,16,12,88.697,Soft,0,1,328.6,27.496,33.705,27.496
Bahrain GP,Charles Leclerc,Scuderia Ferrari,16,13,89.333,Medium,0,2,322.2,27.693,33.947,27.693
Bahrain GP,Charles Leclerc,Scuderia Ferrari,16,14,89.029,Hard,0,5,337.8,27.599,33.831,27.599
Bahrain GP,Charles Leclerc,Scuderia Ferrari,16,15,89.326,Medium,0,1,325.7,27.691,33.944,27.691
Bahrain GP,Charles Leclerc,Scuderia Ferrari,16,16,89.32,Hard,0,5,327.7,27.689,33.942,27.689
Bahrain GP,Charles Leclerc,Scuderia Ferrari,16,17,89.341,Medium,0,1,319.5,27.696,33.95,27.696
Bahrain GP,Charles Leclerc,Scuderia Ferrari,16,18,89.195,Soft,0,3,341.2,27.65,33.894,27.65
Bahrain GP,Charles Leclerc,Scuderia Ferrari,16,19,89.287,Medium,0,2,319.2,27.679,33.929,27.679
Bahrain GP,Charles Leclerc,Scuderia Ferrari,16,20,88.816,Hard,0,1,302.6,27.533,33.75,27.533
Bahrain GP,Charles Leclerc,Scuderia Ferrari,16,21,88.743,Soft,0,2,317.4,27.51,33.722,27.51
Bahrain GP,Charles Leclerc,Scuderia Ferrari,16,22,88.84,Medium,0,1,342.1,27.54,33.759,27.54
Bahrain GP,Charles Leclerc,Scuderia Ferrari,16,23,89.641,Soft,0,1,341.9,27.789,34.064,27.789
Bahrain GP,Charles Leclerc,Scuderia Ferrari,16,24,89.501,Hard,0,2,321.9,27.745,34.01,27.745
Bahrain GP,Charles Leclerc,Scuderia Ferrari,16,25,88.214,Medium,0,4,334.8,27.346,33.521,27.346
Bahrain GP,Charles Leclerc,Scuderia Ferrari,16,26,90.097,Medium,0,1,327.6,27.93,34.237,27.93
Bahrain GP,Charles Leclerc,Scuderia Ferrari,16,27,88.718,Hard,0,1,297.8,27.503,33.713,27.503
Bahrain GP,Charles Leclerc,Scuderia Ferrari,16,28,88.614,Medium,0,1,310.3,27.47,33.673,27.47
Bahrain GP,Charles Leclerc,Scuderia Ferrari,16,29,88.239,Soft,0,3,297.9,27.354,33.531,27.354
Bahrain GP,Charles Leclerc,Scuderia Ferrari,16,30,88.275,Intermediate,0,2,336.5,27.365,33.544,27.365
Bahrain GP,Charles Leclerc,Scuderia Ferrari,16,31,88.303,Soft,0,1,321.0,27.374,33.555,27.374
Bahrain GP,Charles Leclerc,Scuderia Ferrari,16,32,88.734,Hard,0,3,304.2,27.508,33.719,27.508
Bahrain GP,Charles Leclerc,Scuderia Ferrari,16,33,88.803,Medium,0,2,346.1,27.529,33.745,27.529
Bahrain GP,Charles Leclerc,Scuderia Ferrari,16,34,89.007,Soft,0,3,300.6,27.592,33.823,27.592
Bahrain GP,Charles Leclerc,Scuderia Ferrari,16,35,89.13,Soft,0,1,314.1,27.63,33.869,27.63
Bahrain GP,Charles Leclerc,Scuderia Ferrari,16,36,88.447,Medium,1,1,341.7,27.419,33.61,27.419
Bahrain GP,Charles Leclerc,Scuderia Ferrari,16,37,89.192,Medium,0,1,333.9,27.65,33.893,27.65
Bahrain GP,Charles Leclerc,Scuderia Ferrari,16,38,88.814,Hard,0,1,337.6,27.532,33.749,27.532
Bahrain GP,Charles Leclerc,Scuderia Ferrari,16,39,89.101,Soft,0,2,340.7,27.621,33.858,27.621
Bahrain GP,Charles Leclerc,Scuderia Ferrari,16,40,88.7,Hard,0,2,313.5,27.497,33.706,27.497
Bahrain GP,Charles Leclerc,Scuderia Ferrari,16,41,88.712,Soft,0,2,313.7,27.501,33.711,27.501
Bahrain GP,Charles Leclerc,Scuderia Ferrari,16,42,89.163,Soft,1,1,334.6,27.641,33.882,27.641
Bahrain GP,Charles Leclerc,Scuderia Ferrari,16,43,88.726,Medium,0,1,319.6,27.505,33.716,27.505
Bahrain GP,Charles Leclerc,Scuderia Ferrari,16,44,88.54,Hard,1,1,331.5,27.447,33.645,27.447
Bahrain GP,Charles Leclerc,Scuderia Ferrari,16,45,89.13,Medium,0,1,313.2,27.63,33.869,27.63
Bahrain GP,Charles Leclerc,Scuderia Ferrari,16,46,88.699,Soft,0,1,312.4,27.497,33.706,27.497
Bahrain GP,Charles Leclerc,Scuderia Ferrari,16,47,88.988,Soft,0,1,327.8,27.586,33.815,27.586
Bahrain GP,Charles Leclerc,Scuderia Ferrari,16,48,88.855,Medium,0,2,295.8,27.545,33.765,27.545
Bahrain GP,Charles Leclerc,Scuderia Ferrari,16,49,89.314,Medium,0,5,330.1,27.687,33.939,27.687
Bahrain GP,Charles Leclerc,Scuderia Ferrari,16,50,88.413,Soft,1,2,319.2,27.408,33.597,27.408
Bahrain GP,Charles Leclerc,Scuderia Ferrari,16,51,88.82,Hard,0,2,340.2,27.534,33.752,27.534
Bahrain GP,Charles Leclerc,Scuderia Ferrari,16,52,89.335,Hard,0,1,303.2,27.694,33.947,27.694
Bahrain GP,Charles Leclerc,Scuderia Ferrari,16,53,88.45,Medium,0,1,328.3,27.419,33.611,27.419
Bahrain GP,Charles Leclerc,Scuderia Ferrari,16,54,88.852,Intermediate,0,1,342.3,27.544,33.764,27.544
Bahrain GP,Charles Leclerc,Scuderia Ferrari,16,55,89.278,Medium,0,2,347.1,27.676,33.926,27.676
Bahrain GP,Charles Leclerc,Scuderia Ferrari,16,56,88.806,Soft,0,6,304.6,27.53,33.746,27.53
Bahrain GP,Charles Leclerc,Scuderia Ferrari,16,57,88.636,Hard,0,1,311.0,27.477,33.682,27.477
Bahrain GP,Charles Leclerc,Scuderia Ferrari,16,58,88.683,Hard,0,2,332.8,27.492,33.7,27.492
Bahrain GP,Lewis Hamilton,Scuderia Ferrari,44,1,89.94,Medium,0,2,340.5,27.881,34.177,27.881
Bahrain GP,Lewis Hamilton,Scuderia Ferrari,44,2,90.189,Medium,0,1,319.2,27.959,34.272,27.959
Bahrain GP,Lewis Hamilton,Scuderia Ferrari,44,3,90.165,Intermediate,0,5,324.7,27.951,34.263,27.951
Bahrain GP,Lewis Hamilton,Scuderia Ferrari,44,4,89.462,Medium,0,4,328.2,27.733,33.996,27.733
Bahrain GP,Lewis Hamilton,Scuderia Ferrari,44,5,90.398,Hard,0,4,350.0,28.023,34.351,28.023
Bahrain GP,Lewis Hamilton,Scuderia Ferrari,44,6,90.3,Soft,0,1,330.8,27.993,34.314,27.993
Bahrain GP,Lewis Hamilton,Scuderia Ferrari,44,7,90.066,Medium,0,5,348.3,27.92,34.225,27.92
Bahrain GP,Lewis Hamilton,Scuderia Ferrari,44,8,89.87,Hard,0,1,313.1,27.86,34.151,27.86
Bahrain GP,Lewis Hamilton,Scuderia Ferrari,44,9,90.486,Hard,0,4,297.0,28.051,34.385,28.051
Bahrain GP,Lewis Hamilton,Scuderia Ferrari,44,10,89.89,Wet,0,7,342.6,27.866,34.158,27.866
Bahrain GP,Lewis Hamilton,Scuderia Ferrari,44,11,90.242,Medium,0,1,323.5,27.975,34.292,27.975
Bahrain GP,Lewis Hamilton,Scuderia Ferrari,44,12,90.478,Soft,0,1,302.2,28.048,34.382,28.048
Bahrain GP,Lewis Hamilton,Scuderia Ferrari,44,13,90.372,Soft,0,3,334.0,28.015,34.341,28.015
Bahrain GP,Lewis Hamilton,Scuderia Ferrari,44,14,90.296,Soft,0,1,320.4,27.992,34.312,27.992
Bahrain GP,Lewis Hamilton,Scuderia Ferrari,44,15,89.968,Intermediate,0,1,323.0,27.89,34.188,27.89
Bahrain GP,Lewis Hamilton,Scuderia Ferrari,44,16,90.215,Medium,0,3,325.3,27.967,34.282,27.967
Bahrain GP,Lewis Hamilton,Scuderia Ferrari,44,17,90.239,Hard,0,1,342.5,27.974,34.291,27.974
Bahrain GP,Lewis Hamilton,Scuderia Ferrari,44,18,90.824,Medium,0,3,309.7,28.155,34.513,28.155
Bahrain GP,Lewis Hamilton,Scuderia Ferrari,44,19,89.745,Medium,0,1,342.6,27.821,34.103,27.821
Bahrain GP,Lewis Hamilton,Scuderia Ferrari,44,20,90.241,Medium,0,6,315.7,27.975,34.292,27.975
Bahrain GP,Lewis Hamilton,Scuderia Ferrari,44,21,91.111,Soft,0,1,307.8,28.244,34.622,28.244
Bahrain GP,Lewis Hamilton,Scuderia Ferrari,44,22,90.366,Hard,0,2,316.2,28.013,34.339,28.013
Bahrain GP,Lewis Hamilton,Scuderia Ferrari,44,23,89.509,Medium,1,4,342.8,27.748,34.013,27.748
Bahrain GP,Lewis Hamilton,Scuderia Ferrari,44,24,90.595,Soft,0,1,317.5,28.084,34.426,28.084
Bahrain GP,Lewis Hamilton,Scuderia Ferrari,44,25,90.228,Soft,0,3,330.7,27.971,34.287,27.971
Bahrain GP,Lewis Hamilton,Scuderia Ferrari,44,26,90.268,Medium,0,5,329.5,27.983,34.302,27.983
Bahrain GP,Lewis Hamilton,Scuderia Ferrari,44,27,90.385,Soft,0,1,349.9,28.019,34.346,28.019
Bahrain GP,Lewis Hamilton,Scuderia Ferrari,44,28,89.724,Medium,0,3,319.4,27.814,34.095,27.814
Bahrain GP,Lewis Hamilton,Scuderia Ferrari,44,29,89.604,Hard,0,3,314.7,27.777,34.05,27.777
Bahrain GP,Lewis Hamilton,Scuderia Ferrari,44,30,89.933,Medium,0,4,304.3,27.879,34.175,27.879
Bahrain GP,Lewis Hamilton,Scuderia Ferrari,44,31,90.151,Hard,0,1,345.2,27.947,34.257,27.947
Bahrain GP,Lewis Hamilton,Scuderia Ferrari,44,32,90.231,Medium,0,1,344.4,27.972,34.288,27.972
Bahrain GP,Lewis Hamilton,Scuderia Ferrari,44,33,90.199,Soft,0,4,347.0,27.962,34.276,27.962
Bahrain GP,Lewis Hamilton,Scuderia Ferrari,44,34,90.089,Soft,0,3,306.0,27.928,34.234,27.928
Bahrain GP,Lewis Hamilton,Scuderia Ferrari,44,35,89.764,Medium,0,3,326.6,27.827,34.11,27.827
Bahrain GP,Lewis Hamilton,Scuderia Ferrari,44,36,90.331,Medium,1,3,326.1,28.003,34.326,28.003
Bahrain GP,Lewis Hamilton,Scuderia Ferrari,44,37,90.305,Hard,0,1,337.7,27.995,34.316,27.995
Bahrain GP,Lewis Hamilton,Scuderia Ferrari,44,38,90.177,Medium,0,3,332.3,27.955,34.267,27.955
Bahrain GP,Lewis Hamilton,Scuderia Ferrari,44,39,90.305,Medium,0,3,338.4,27.995,34.316,27.995
Bahrain GP,Lewis Hamilton,Scuderia Ferrari,44,40,90.324,Soft,0,1,313.0,28.0,34.323,28.0
Bahrain GP,Lewis Hamilton,Scuderia Ferrari,44,41,89.703,Medium,0,6,324.2,27.808,34.087,27.808
Bahrain GP,Lewis Hamilton,Scuderia Ferrari,44,42,90.293,Hard,0,3,348.2,27.991,34.311,27.991
Bahrain GP,Lewis Hamilton,Scuderia Ferrari,44,43,90.327,Soft,0,1,302.7,28.001,34.324,28.001
Bahrain GP,Lewis Hamilton,Scuderia Ferrari,44,44,90.097,Wet,0,4,315.1,27.93,34.237,27.93
Bahrain GP,Lewis Hamilton,Scuderia Ferrari,44,45,90.097,Medium,0,1,327.2,27.93,34.237,27.93
Bahrain GP,Lewis Hamilton,Scuderia Ferrari,44,46,89.872,Soft,0,4,313.0,27.86,34.151,27.86
Bahrain GP,Lewis Hamilton,Scuderia Ferrari,44,47,90.097,Medium,0,5,330.7,27.93,34.237,27.93
Bahrain GP,Lewis Hamilton,Scuderia Ferrari,44,48,90.489,Medium,0,1,301.4,28.052,34.386,28.052
Bahrain GP,Lewis Hamilton,Scuderia Ferrari,44,49,89.692,Medium,0,4,318.1,27.805,34.083,27.805
Bahrain GP,Lewis Hamilton,Scuderia Ferrari,44,50,90.466,Hard,0,3,346.6,28.044,34.377,28.044
Bahrain GP,Lewis Hamilton,Scuderia Ferrari,44,51,89.798,Medium,0,4,342.0,27.837,34.123,27.837
Bahrain GP,Lewis Hamilton,Scuderia Ferrari,44,52,90.371,Intermediate,0,6,298.3,28.015,34.341,28.015
Bahrain GP,Lewis Hamilton,Scuderia Ferrari,44,53,89.605,Hard,0,2,300.0,27.778,34.05,27.778
Bahrain GP,Lewis Hamilton,Scuderia Ferrari,44,54,90.321,Soft,0,1,308.4,28.0,34.322,28.0
Bahrain GP,Lewis Hamilton,Scuderia Ferrari,44,55,90.149,Hard,0,1,306.4,27.946,34.257,27.946
Bahrain GP,Lewis Hamilton,Scuderia Ferrari,44,56,90.087,Hard,0,1,310.3,27.927,34.233,27.927
Bahrain GP,Lewis Hamilton,Scuderia Ferrari,44,57,89.913,Hard,1,2,331.4,27.873,34.167,27.873
Bahrain GP,Lewis Hamilton,Scuderia Ferrari,44,58,89.912,Hard,0,3,295.9,27.873,34.167,27.873
Bahrain GP,Lewis Hamilton,Scuderia Ferrari,44,59,90.265,Medium,0,3,321.2,27.982,34.301,27.982
Bahrain GP,Lewis Hamilton,Scuderia Ferrari,44,60,89.685,Medium,0,4,335.0,27.802,34.08,27.802
Bahrain GP,Lando Norris,McLaren,4,1,89.066,Wet,0,4,318.4,27.61,33.845,27.61
Bahrain GP,Lando Norris,McLaren,4,2,89.965,Soft,0,6,312.7,27.889,34.187,27.889
Bahrain GP,Lando Norris,McLaren,4,3,89.317,Medium,0,3,334.2,27.688,33.94,27.688
Bahrain GP,Lando Norris,McLaren,4,4,89.696,Medium,0,9,300.5,27.806,34.084,27.806
Bahrain GP,Lando Norris,McLaren,4,5,89.835,Hard,0,5,318.7,27.849,34.137,27.849
Bahrain GP,Lando Norris,McLaren,4,6,89.968,Medium,0,2,312.2,27.89,34.188,27.89
Bahrain GP,Lando Norris,McLaren,4,7,89.59,Soft,0,1,298.7,27.773,34.044,27.773
Bahrain GP,Lando Norris,McLaren,4,8,89.205,Hard,0,4,325.6,27.654,33.898,27.654
Bahrain GP,Lando Norris,McLaren,4,9,89.687,Hard,0,3,342.7,27.803,34.081,27.803
Bahrain GP,Lando Norris,McLaren,4,10,89.997,Medium,0,5,306.7,27.899,34.199,27.899
Bahrain GP,Lando Norris,McLaren,4,11,89.298,Hard,0,4,301.3,27.682,33.933,27.682
Bahrain GP,Lando Norris,McLaren,4,12,90.14,Hard,0,3,296.4,27.943,34.253,27.943
Bahrain GP,Lando Norris,McLaren,4,13,89.42,Hard,0,2,314.3,27.72,33.98,27.72
Bahrain GP,Lando Norris,McLaren,4,14,90.077,Medium,0,1,335.8,27.924,34.229,27.924
Bahrain GP,Lando Norris,McLaren,4,15,89.536,Medium,0,3,313.7,27.756,34.024,27.756
Bahrain GP,Lando Norris,McLaren,4,16,89.64,Intermediate,0,5,343.6,27.788,34.063,27.788
Bahrain GP,Lando Norris,McLaren,4,17,89.874,Hard,0,4,319.4,27.861,34.152,27.861
Bahrain GP,Lando Norris,McLaren,4,18,89.89,Soft,0,1,301.3,27.866,34.158,27.866
Bahrain GP,Lando Norris,McLaren,4,19,89.937,Medium,0,4,331.7,27.88,34.176,27.88
Bahrain GP,Lando Norris,McLaren,4,20,90.057,Soft,0,4,311.6,27.918,34.222,27.918
Bahrain GP,Lando Norris,McLaren,4,21,89.77,Soft,0,2,295.4,27.829,34.113,27.829
Bahrain GP,Lando Norris,McLaren,4,22,89.722,Hard,0,4,325.7,27.814,34.094,27.814
Bahrain GP,Lando Norris,McLaren,4,23,90.147,Soft,0,4,320.3,27.946,34.256,27.946
Bahrain GP,Lando Norris,McLaren,4,24,89.833,Medium,1,1,310.9,27.848,34.137,27.848
Bahrain GP,Lando Norris,McLaren,4,25,89.596,Hard,1,4,340.8,27.775,34.046,27.775
Bahrain GP,Lando Norris,McLaren,4,26,89.85,Soft,0,5,323.8,27.853,34.143,27.853
Bahrain GP,Lando Norris,McLaren,4,27,89.752,Soft,0,6,299.2,27.823,34.106,27.823
Bahrain GP,Lando Norris,McLaren,4,28,89.459,Hard,0,6,335.0,27.732,33.994,27.732
Bahrain GP,Lando Norris,McLaren,4,29,89.323,Soft,0,1,336.8,27.69,33.943,27.69
Bahrain GP,Lando Norris,McLaren,4,30,89.978,Medium,0,2,332.5,27.893,34.192,27.893
Bahrain GP,Lando Norris,McLaren,4,31,89.848,Soft,0,5,320.8,27.853,34.142,27.853
Bahrain GP,Lando Norris,McLaren,4,32,89.868,Medium,0,5,312.1,27.859,34.15,27.859
Bahrain GP,Lando Norris,McLaren,4,33,89.419,Soft,0,5,328.8,27.72,33.979,27.72
Bahrain GP,Lando Norris,McLaren,4,34,89.727,Hard,0,11,319.7,27.815,34.096,27.815
Bahrain GP,Lando Norris,McLaren,4,35,89.756,Soft,0,5,319.8,27.824,34.107,27.824
Bahrain GP,Lando Norris,McLaren,4,36,89.524,Medium,1,6,308.6,27.752,34.019,27.752
Bahrain GP,Lando Norris,McLaren,4,37,89.848,Medium,0,5,315.5,27.853,34.142,27.853
Bahrain GP,Lando Norris,McLaren,4,38,90.083,Hard,0,5,338.4,27.926,34.232,27.926
Bahrain GP,Lando Norris,McLaren,4,39,89.268,Hard,0,3,308.9,27.673,33.922,27.673
Bahrain GP,Lando Norris,McLaren,4,40,89.628,Soft,0,5,312.1,27.785,34.059,27.785
Bahrain GP,Lando Norris,McLaren,4,41,89.909,Soft,0,2,315.7,27.872,34.165,27.872
Bahrain GP,Lando Norris,McLaren,4,42,90.261,Hard,0,3,300.1,27.981,34.299,27.981
Bahrain GP,Lando Norris,McLaren,4,43,89.403,Medium,0,3,313.8,27.715,33.973,27.715
Bahrain GP,Lando Norris,McLaren,4,44,90.226,Soft,1,4,341.4,27.97,34.286,27.97
Bahrain GP,Lando Norris,McLaren,4,45,89.773,Hard,0,8,297.1,27.83,34.114,27.83
Bahrain GP,Lando Norris,McLaren,4,46,90.386,Medium,0,1,303.9,28.02,34.347,28.02
Bahrain GP,Lando Norris,McLaren,4,47,89.271,Medium,0,5,348.3,27.674,33.923,27.674
Bahrain GP,Lando Norris,McLaren,4,48,89.79,Soft,0,1,312.0,27.835,34.12,27.835
Bahrain GP,Lando Norris,McLaren,4,49,89.905,Hard,0,3,320.4,27.871,34.164,27.871
Bahrain GP,Lando Norris,McLaren,4,50,89.575,Medium,0,6,339.9,27.768,34.038,27.768
Bahrain GP,Lando Norris,McLaren,4,51,89.528,Medium,0,4,325.5,27.754,34.021,27.754
Bahrain GP,Lando Norris,McLaren,4,52,90.023,Soft,0,1,337.0,27.907,34.209,27.907
Bahrain GP,Lando Norris,McLaren,4,53,89.683,Hard,0,2,347.1,27.802,34.08,27.802
Bahrain GP,Lando Norris,McLaren,4,54,90.235,Intermediate,0,5,297.9,27.973,34.289,27.973
Bahrain GP,Lando Norris,McLaren,4,55,90.051,Medium,0,2,312.5,27.916,34.219,27.916
Bahrain GP,Lando Norris,McLaren,4,56,89.726,Hard,0,4,297.1,27.815,34.096,27.815
Bahrain GP,Lando Norris,McLaren,4,57,89.978,Hard,0,4,328.8,27.893,34.192,27.893
Bahrain GP,Lando Norris,McLaren,4,58,89.295,Soft,0,2,318.3,27.681,33.932,27.681
Bahrain GP,Lando Norris,McLaren,4,59,89.316,Soft,0,8,298.5,27.688,33.94,27.688
Bahrain GP,Lando Norris,McLaren,4,60,89.022,Medium,0,5,334.5,27.597,33.828,27.597
Bahrain GP,Lando Norris,McLaren,4,61,89.918,Soft,0,1,305.3,27.875,34.169,27.875
Bahrain GP,Lando Norris,McLaren,4,62,89.649,Intermediate,0,4,322.9,27.791,34.067,27.791
Bahrain GP,Lando Norris,McLaren,4,63,89.541,Medium,0,2,309.0,27.758,34.026,27.758
Bahrain GP,Lando Norris,McLaren,4,64,89.156,Soft,0,5,337.4,27.638,33.879,27.638
Bahrain GP,Lando Norris,McLaren,4,65,89.568,Medium,0,2,340.7,27.766,34.036,27.766
Bahrain GP,Lando Norris,McLaren,4,66,89.8,Soft,0,3,298.5,27.838,34.124,27.838
Bahrain GP,Lando Norris,McLaren,4,67,89.307,Hard,0,5,312.4,27.685,33.937,27.685
Bahrain GP,Lando Norris,McLaren,4,68,90.504,Medium,0,5,297.0,28.056,34.392,28.056
Bahrain GP,Lando Norris,McLaren,4,69,89.979,Soft,1,1,310.0,27.893,34.192,27.893
Bahrain GP,Lando Norris,McLaren,4,70,89.822,Medium,0,3,313.6,27.845,34.132,27.845
Bahrain GP,Lando Norris,McLaren,4,71,89.777,Intermediate,0,3,309.7,27.831,34.115,27.831
Bahrain GP,Lando Norris,McLaren,4,72,89.212,Medium,0,2,325.0,27.656,33.901,27.656
Bahrain GP,Lando Norris,McLaren,4,73,89.634,Soft,0,7,328.1,27.787,34.061,27.787
Bahrain GP,Oscar Piastri,McLaren,81,1,90.909,Hard,0,5,328.8,28.182,34.545,28.182
Bahrain GP,Oscar Piastri,McLaren,81,2,91.862,Intermediate,0,2,331.9,28.477,34.908,28.477
Bahrain GP,Oscar Piastri,McLaren,81,3,91.71,Hard,0,6,302.9,28.43,34.85,28.43
Bahrain GP,Oscar Piastri,McLaren,81,4,90.957,Hard,0,9,314.9,28.197,34.564,28.197
Bahrain GP,Oscar Piastri,McLaren,81,5,91.666,Intermediate,0,7,319.4,28.416,34.833,28.416
Bahrain GP,Oscar Piastri,McLaren,81,6,91.539,Medium,0,1,308.7,28.377,34.785,28.377
Bahrain GP,Oscar Piastri,McLaren,81,7,91.107,Medium,0,4,301.5,28.243,34.621,28.243
Bahrain GP,Oscar Piastri,McLaren,81,8,91.309,Medium,0,7,306.0,28.306,34.697,28.306
Bahrain GP,Oscar Piastri,McLaren,81,9,91.618,Hard,0,3,349.8,28.402,34.815,28.402
Bahrain GP,Oscar Piastri,McLaren,81,10,91.856,Medium,0,5,344.0,28.475,34.905,28.475
Bahrain GP,Oscar Piastri,McLaren,81,11,92.118,Medium,0,6,323.0,28.557,35.005,28.557
Bahrain GP,Oscar Piastri,McLaren,81,12,92.113,Soft,0,3,296.4,28.555,35.003,28.555
Bahrain GP,Oscar Piastri,McLaren,81,13,92.141,Soft,0,4,298.6,28.564,35.014,28.564
Bahrain GP,Oscar Piastri,McLaren,81,14,92.125,Medium,0,1,340.3,28.559,35.008,28.559
Bahrain GP,Oscar Piastri,McLaren,81,15,91.369,Soft,0,2,332.4,28.324,34.72,28.324
Bahrain GP,Oscar Piastri,McLaren,81,16,91.897,Medium,0,4,337.2,28.488,34.921,28.488
Bahrain GP,Oscar Piastri,McLaren,81,17,92.147,Soft,0,2,323.5,28.566,35.016,28.566
Bahrain GP,Oscar Piastri,McLaren,81,18,91.437,Hard,0,8,347.1,28.345,34.746,28.345
Bahrain GP,Oscar Piastri,McLaren,81,19,91.769,Medium,0,2,310.1,28.448,34.872,28.448
Bahrain GP,Oscar Piastri,McLaren,81,20,91.508,Medium,1,4,304.4,28.367,34.773,28.367
Bahrain GP,Oscar Piastri,McLaren,81,21,92.15,Hard,0,5,299.5,28.567,35.017,28.567
Bahrain GP,Oscar Piastri,McLaren,81,22,92.263,Medium,0,7,322.4,28.602,35.06,28.602
Bahrain GP,Oscar Piastri,McLaren,81,23,91.821,Soft,0,2,311.4,28.465,34.892,28.465
Bahrain GP,Oscar Piastri,McLaren,81,24,91.219,Medium,0,7,306.2,28.278,34.663,28.278
Bahrain GP,Oscar Piastri,McLaren,81,25,91.68,Hard,0,5,348.6,28.421,34.838,28.421
Bahrain GP,Oscar Piastri,McLaren,81,26,91.591,Soft,0,3,320.7,28.393,34.805,28.393
Bahrain GP,Oscar Piastri,McLaren,81,27,91.081,Soft,0,5,342.5,28.235,34.611,28.235
Bahrain GP,Oscar Piastri,McLaren,81,28,91.711,Soft,0,5,346.4,28.43,34.85,28.43
Bahrain GP,Oscar Piastri,McLaren,81,29,91.068,Wet,0,3,322.4,28.231,34.606,28.231
Bahrain GP,Oscar Piastri,McLaren,81,30,91.085,Medium,0,5,348.2,28.236,34.612,28.236
Bahrain GP,Oscar Piastri,McLaren,81,31,91.17,Soft,0,4,310.7,28.263,34.645,28.263
Bahrain GP,Oscar Piastri,McLaren,81,32,91.348,Hard,0,5,337.0,28.318,34.712,28.318
Bahrain GP,Oscar Piastri,McLaren,81,33,90.977,Medium,0,6,325.4,28.203,34.571,28.203
Bahrain GP,Oscar Piastri,McLaren,81,34,91.296,Medium,0,8,302.1,28.302,34.692,28.302
Bahrain GP,Oscar Piastri,McLaren,81,35,92.012,Medium,0,2,336.5,28.524,34.965,28.524
Bahrain GP,Oscar Piastri,McLaren,81,36,91.668,Soft,1,9,302.5,28.417,34.834,28.417
Bahrain GP,Oscar Piastri,McLaren,81,37,91.775,Soft,0,1,302.7,28.45,34.875,28.45
Bahrain GP,Oscar Piastri,McLaren,81,38,92.03,Hard,0,4,327.7,28.529,34.971,28.529
Bahrain GP,Oscar Piastri,McLaren,81,39,91.427,Hard,0,6,313.2,28.342,34.742,28.342
Bahrain GP,Oscar Piastri,McLaren,81,40,91.587,Hard,0,5,327.8,28.392,34.803,28.392
Bahrain GP,Oscar Piastri,McLaren,81,41,92.331,Hard,0,3,334.7,28.623,35.086,28.623
Bahrain GP,Oscar Piastri,McLaren,81,42,91.656,Medium,0,4,303.1,28.413,34.829,28.413
Bahrain GP,Oscar Piastri,McLaren,81,43,92.024,Soft,0,4,319.3,28.527,34.969,28.527
Bahrain GP,Oscar Piastri,McLaren,81,44,91.769,Medium,0,3,343.0,28.448,34.872,28.448
Bahrain GP,Oscar Piastri,McLaren,81,45,91.77,Medium,0,6,323.9,28.449,34.873,28.449
Bahrain GP,Oscar Piastri,McLaren,81,46,92.118,Medium,0,5,314.5,28.557,35.005,28.557
Bahrain GP,Oscar Piastri,McLaren,81,47,91.066,Soft,0,3,311.4,28.23,34.605,28.23
Bahrain GP,Oscar Piastri,McLaren,81,48,91.551,Hard,0,6,312.4,28.381,34.789,28.381
Bahrain GP,Oscar Piastri,McLaren,81,49,92.397,Hard,0,5,301.7,28.643,35.111,28.643
Bahrain GP,Oscar Piastri,McLaren,81,50,92.088,Medium,0,6,311.0,28.547,34.993,28.547
Bahrain GP,Oscar Piastri,McLaren,81,51,91.041,Intermediate,0,6,336.1,28.223,34.596,28.223
Bahrain GP,Oscar Piastri,McLaren,81,52,91.545,Intermediate,0,3,302.6,28.379,34.787,28.379
Bahrain GP,Oscar Piastri,McLaren,81,53,91.671,Medium,0,3,297.9,28.418,34.835,28.418
Bahrain GP,Oscar Piastri,McLaren,81,54,91.836,Hard,0,6,295.3,28.469,34.898,28.469
Bahrain GP,Oscar Piastri,McLaren,81,55,92.114,Hard,0,6,330.8,28.555,35.003,28.555
Bahrain GP,Oscar Piastri,McLaren,81,56,91.649,Intermediate,0,4,330.9,28.411,34.827,28.411
Bahrain GP,Oscar Piastri,McLaren,81,57,91.908,Intermediate,0,5,318.0,28.491,34.925,28.491
Bahrain GP,Oscar Piastri,McLaren,81,58,91.567,Hard,0,7,305.2,28.386,34.795,28.386
Bahrain GP,Oscar Piastri,McLaren,81,59,91.254,Medium,0,3,346.1,28.289,34.677,28.289
Bahrain GP,Oscar Piastri,McLaren,81,60,92.02,Medium,0,6,343.9,28.526,34.968,28.526
Bahrain GP,Oscar Piastri,McLaren,81,61,91.456,Soft,0,4,313.2,28.351,34.753,28.351
Bahrain GP,Oscar Piastri,McLaren,81,62,91.682,Soft,0,4,338.5,28.421,34.839,28.421
Bahrain GP,Oscar Piastri,McLaren,81,63,91.702,Hard,0,7,323.3,28.428,34.847,28.428
Bahrain GP,Oscar Piastri,McLaren,81,64,91.228,Wet,0,6,312.8,28.281,34.667,28.281
Bahrain GP,Oscar Piastri,McLaren,81,65,91.444,Medium,0,6,347.5,28.348,34.749,28.348
Bahrain GP,George Russell,Mercedes-AMG,63,1,91.234,Soft,0,8,320.6,28.283,34.669,28.283
Bahrain GP,George Russell,Mercedes-AMG,63,2,91.403,Hard,0,6,333.0,28.335,34.733,28.335
Bahrain GP,George Russell,Mercedes-AMG,63,3,91.14,Intermediate,0,7,303.4,28.253,34.633,28.253
Bahrain GP,George Russell,Mercedes-AMG,63,4,91.495,Medium,0,5,339.1,28.363,34.768,28.363
Bahrain GP,George Russell,Mercedes-AMG,63,5,91.701,Medium,0,6,323.9,28.427,34.846,28.427
Bahrain GP,George Russell,Mercedes-AMG,63,6,91.495,Soft,0,5,344.7,28.363,34.768,28.363
Bahrain GP,George Russell,Mercedes-AMG,63,7,91.196,Medium,0,6,319.3,28.271,34.654,28.271
Bahrain GP,George Russell,Mercedes-AMG,63,8,91.597,Hard,0,7,339.5,28.395,34.807,28.395
Bahrain GP,George Russell,Mercedes-AMG,63,9,91.397,Medium,0,4,320.4,28.333,34.731,28.333
Bahrain GP,George Russell,Mercedes-AMG,63,10,91.569,Hard,0,10,326.8,28.386,34.796,28.386
Bahrain GP,George Russell,Mercedes-AMG,63,11,91.806,Medium,0,3,346.4,28.46,34.886,28.46
Bahrain GP,George Russell,Mercedes-AMG,63,12,91.803,Soft,0,3,337.3,28.459,34.885,28.459
Bahrain GP,George Russell,Mercedes-AMG,63,13,92.024,Medium,0,8,315.7,28.527,34.969,28.527
Bahrain GP,George Russell,Mercedes-AMG,63,14,91.619,Soft,0,7,316.6,28.402,34.815,28.402
Bahrain GP,George Russell,Mercedes-AMG,63,15,91.557,Soft,0,7,348.8,28.383,34.792,28.383
Bahrain GP,George Russell,Mercedes-AMG,63,16,91.884,Medium,0,7,308.6,28.484,34.916,28.484
Bahrain GP,George Russell,Mercedes-AMG,63,17,91.294,Hard,0,5,296.8,28.301,34.692,28.301
Bahrain GP,George Russell,Mercedes-AMG,63,18,92.305,Hard,0,4,306.3,28.615,35.076,28.615
Bahrain GP,George Russell,Mercedes-AMG,63,19,91.331,Hard,0,6,308.5,28.313,34.706,28.313
Bahrain GP,George Russell,Mercedes-AMG,63,20,91.179,Soft,0,4,302.7,28.265,34.648,28.265
Bahrain GP,George Russell,Mercedes-AMG,63,21,92.13,Medium,0,7,308.0,28.56,35.009,28.56
Bahrain GP,George Russell,Mercedes-AMG,63,22,91.496,Medium,1,5,298.4,28.364,34.768,28.364
Bahrain GP,George Russell,Mercedes-AMG,63,23,91.37,Medium,1,4,346.8,28.325,34.721,28.325
Bahrain GP,George Russell,Mercedes-AMG,63,24,91.981,Medium,0,5,311.5,28.514,34.953,28.514
Bahrain GP,George Russell,Mercedes-AMG,63,25,91.493,Hard,0,6,342.2,28.363,34.767,28.363
Bahrain GP,George Russell,Mercedes-AMG,63,26,92.01,Medium,0,4,325.7,28.523,34.964,28.523
Bahrain GP,George Russell,Mercedes-AMG,63,27,91.284,Medium,0,4,345.7,28.298,34.688,28.298
Bahrain GP,George Russell,Mercedes-AMG,63,28,91.606,Soft,0,6,315.7,28.398,34.81,28.398
Bahrain GP,George Russell,Mercedes-AMG,63,29,91.515,Hard,0,6,306.9,28.37,34.776,28.37
Bahrain GP,George Russell,Mercedes-AMG,63,30,91.514,Intermediate,0,4,306.6,28.369,34.775,28.369
Bahrain GP,George Russell,Mercedes-AMG,63,31,91.362,Wet,0,5,345.3,28.322,34.718,28.322
Bahrain GP,George Russell,Mercedes-AMG,63,32,91.336,Medium,0,6,315.9,28.314,34.708,28.314
Bahrain GP,George Russell,Mercedes-AMG,63,33,91.351,Hard,0,3,300.4,28.319,34.713,28.319
Bahrain GP,George Russell,Mercedes-AMG,63,34,91.308,Soft,0,3,317.8,28.305,34.697,28.305
Bahrain GP,George Russell,Mercedes-AMG,63,35,91.292,Medium,0,4,311.2,28.301,34.691,28.301
Bahrain GP,George Russell,Mercedes-AMG,63,36,91.535,Hard,0,5,325.3,28.376,34.783,28.376
Bahrain GP,George Russell,Mercedes-AMG,63,37,91.891,Intermediate,0,6,320.3,28.486,34.919,28.486
Bahrain GP,George Russell,Mercedes-AMG,63,38,91.758,Medium,0,8,349.5,28.445,34.868,28.445
Bahrain GP,George Russell,Mercedes-AMG,63,39,91.875,Soft,0,7,337.0,28.481,34.913,28.481
Bahrain GP,George Russell,Mercedes-AMG,63,40,91.656,Soft,1,5,295.5,28.413,34.829,28.413
Bahrain GP,George Russell,Mercedes-AMG,63,41,91.728,Hard,0,5,331.3,28.436,34.857,28.436
Bahrain GP,George Russell,Mercedes-AMG,63,42,91.53,Soft,0,3,334.7,28.374,34.781,28.374
Bahrain GP,George Russell,Mercedes-AMG,63,43,91.869,Hard,0,5,300.9,28.479,34.91,28.479
Bahrain GP,George Russell,Mercedes-AMG,63,44,91.303,Medium,1,5,339.8,28.304,34.695,28.304
Bahrain GP,George Russell,Mercedes-AMG,63,45,91.68,Intermediate,0,6,326.1,28.421,34.838,28.421
Bahrain GP,George Russell,Mercedes-AMG,63,46,91.722,Soft,0,4,300.1,28.434,34.854,28.434
Bahrain GP,George Russell,Mercedes-AMG,63,47,91.759,Medium,0,7,299.5,28.445,34.868,28.445
Bahrain GP,George Russell,Mercedes-AMG,63,48,91.774,Wet,0,9,344.2,28.45,34.874,28.45
Bahrain GP,George Russell,Mercedes-AMG,63,49,91.774,Hard,0,5,309.9,28.45,34.874,28.45
Bahrain GP,George Russell,Mercedes-AMG,63,50,91.625,Medium,0,6,304.9,28.404,34.818,28.404
Bahrain GP,George Russell,Mercedes-AMG,63,51,91.074,Soft,0,7,346.1,28.233,34.608,28.233
Bahrain GP,George Russell,Mercedes-AMG,63,52,91.156,Hard,0,5,332.2,28.258,34.639,28.258
Bahrain GP,George Russell,Mercedes-AMG,63,53,91.661,Hard,0,6,322.5,28.415,34.831,28.415
Bahrain GP,George Russell,Mercedes-AMG,63,54,91.317,Hard,0,6,328.3,28.308,34.7,28.308
Bahrain GP,George Russell,Mercedes-AMG,63,55,91.222,Medium,0,6,322.0,28.279,34.664,28.279
Bahrain GP,George Russell,Mercedes-AMG,63,56,91.338,Soft,0,4,299.7,28.315,34.708,28.315
Bahrain GP,George Russell,Mercedes-AMG,63,57,91.875,Soft,0,6,315.9,28.481,34.913,28.481
Bahrain GP,George Russell,Mercedes-AMG,63,58,91.205,Soft,0,6,346.9,28.274,34.658,28.274
Bahrain GP,George Russell,Mercedes-AMG,63,59,91.147,Soft,0,8,318.7,28.256,34.636,28.256
Bahrain GP,George Russell,Mercedes-AMG,63,60,90.998,Medium,0,7,342.5,28.209,34.579,28.209
Bahrain GP,George Russell,Mercedes-AMG,63,61,91.263,Soft,0,10,344.8,28.292,34.68,28.292
Bahrain GP,Fernando Alonso,Aston Martin,14,1,91.912,Soft,0,5,322.1,28.493,34.927,28.493
Bahrain GP,Fernando Alonso,Aston Martin,14,2,92.018,Soft,0,8,314.9,28.526,34.967,28.526
Bahrain GP,Fernando Alonso,Aston Martin,14,3,92.303,Medium,0,7,300.9,28.614,35.075,28.614
Bahrain GP,Fernando Alonso,Aston Martin,14,4,92.148,Hard,0,11,339.2,28.566,35.016,28.566
Bahrain GP,Fernando Alonso,Aston Martin,14,5,92.259,Hard,0,5,311.5,28.6,35.058,28.6
Bahrain GP,Fernando Alonso,Aston Martin,14,6,92.036,Medium,0,5,311.0,28.531,34.974,28.531
Bahrain GP,Fernando Alonso,Aston Martin,14,7,92.767,Medium,0,5,339.9,28.758,35.251,28.758
Bahrain GP,Fernando Alonso,Aston Martin,14,8,92.812,Soft,0,2,304.9,28.772,35.269,28.772
Bahrain GP,Fernando Alonso,Aston Martin,14,9,92.521,Hard,0,5,338.9,28.682,35.158,28.682
Bahrain GP,Fernando Alonso,Aston Martin,14,10,92.853,Medium,0,5,302.7,28.784,35.284,28.784
Bahrain GP,Fernando Alonso,Aston Martin,14,11,92.56,Hard,0,7,299.1,28.694,35.173,28.694
Bahrain GP,Fernando Alonso,Aston Martin,14,12,92.576,Intermediate,0,7,324.9,28.699,35.179,28.699
Bahrain GP,Fernando Alonso,Aston Martin,14,13,92.928,Medium,0,10,301.0,28.808,35.313,28.808
Bahrain GP,Fernando Alonso,Aston Martin,14,14,92.483,Medium,0,8,326.0,28.67,35.144,28.67
Bahrain GP,Fernando Alonso,Aston Martin,14,15,92.629,Hard,0,5,295.6,28.715,35.199,28.715
Bahrain GP,Fernando Alonso,Aston Martin,14,16,92.725,Medium,0,5,319.5,28.745,35.235,28.745
Bahrain GP,Fernando Alonso,Aston Martin,14,17,92.798,Hard,0,7,314.0,28.767,35.263,28.767
Bahrain GP,Fernando Alonso,Aston Martin,14,18,92.081,Intermediate,0,4,301.4,28.545,34.991,28.545
Bahrain GP,Fernando Alonso,Aston Martin,14,19,92.055,Hard,0,10,321.6,28.537,34.981,28.537
Bahrain GP,Fernando Alonso,Aston Martin,14,20,92.692,Medium,0,9,311.5,28.735,35.223,28.735
Bahrain GP,Fernando Alonso,Aston Martin,14,21,92.087,Soft,0,6,346.1,28.547,34.993,28.547
Bahrain GP,Fernando Alonso,Aston Martin,14,22,92.264,Medium,0,3,347.7,28.602,35.06,28.602
Bahrain GP,Fernando Alonso,Aston Martin,14,23,92.376,Soft,0,9,316.8,28.637,35.103,28.637
Bahrain GP,Fernando Alonso,Aston Martin,14,24,92.212,Soft,0,6,306.3,28.586,35.041,28.586
Bahrain GP,Fernando Alonso,Aston Martin,14,25,92.73,Medium,0,9,312.9,28.746,35.237,28.746
Bahrain GP,Fernando Alonso,Aston Martin,14,26,92.731,Medium,0,3,327.8,28.747,35.238,28.747
Bahrain GP,Fernando Alonso,Aston Martin,14,27,92.06,Hard,0,5,339.8,28.539,34.983,28.539
Bahrain GP,Fernando Alonso,Aston Martin,14,28,92.452,Hard,0,7,301.5,28.66,35.132,28.66
Bahrain GP,Fernando Alonso,Aston Martin,14,29,92.153,Soft,0,7,318.0,28.567,35.018,28.567
Bahrain GP,Fernando Alonso,Aston Martin,14,30,92.435,Medium,0,6,333.1,28.655,35.125,28.655
Bahrain GP,Fernando Alonso,Aston Martin,14,31,92.495,Soft,0,8,341.3,28.673,35.148,28.673
Bahrain GP,Fernando Alonso,Aston Martin,14,32,92.664,Medium,0,4,339.8,28.726,35.212,28.726
Bahrain GP,Fernando Alonso,Aston Martin,14,33,92.27,Hard,0,6,321.9,28.604,35.063,28.604
Bahrain GP,Fernando Alonso,Aston Martin,14,34,92.508,Soft,0,7,310.1,28.677,35.153,28.677
Bahrain GP,Fernando Alonso,Aston Martin,14,35,92.335,Hard,0,8,325.2,28.624,35.087,28.624
Bahrain GP,Fernando Alonso,Aston Martin,14,36,91.98,Medium,0,8,324.8,28.514,34.952,28.514
Bahrain GP,Fernando Alonso,Aston Martin,14,37,92.317,Soft,0,4,300.6,28.618,35.08,28.618
Bahrain GP,Fernando Alonso,Aston Martin,14,38,93.014,Medium,0,3,342.4,28.834,35.345,28.834
Bahrain GP,Fernando Alonso,Aston Martin,14,39,92.822,Hard,0,9,306.5,28.775,35.272,28.775
Bahrain GP,Fernando Alonso,Aston Martin,14,40,92.824,Medium,1,7,338.2,28.775,35.273,28.775
Bahrain GP,Fernando Alonso,Aston Martin,14,41,92.965,Medium,0,5,304.3,28.819,35.327,28.819
Bahrain GP,Fernando Alonso,Aston Martin,14,42,92.315,Hard,0,10,302.5,28.618,35.08,28.618
Bahrain GP,Fernando Alonso,Aston Martin,14,43,93.268,Hard,0,7,333.6,28.913,35.442,28.913
Bahrain GP,Fernando Alonso,Aston Martin,14,44,92.528,Hard,0,9,321.9,28.684,35.161,28.684
Bahrain GP,Fernando Alonso,Aston Martin,14,45,92.721,Soft,0,7,317.2,28.744,35.234,28.744
Bahrain GP,Fernando Alonso,Aston Martin,14,46,92.589,Medium,0,11,313.0,28.703,35.184,28.703
Bahrain GP,Fernando Alonso,Aston Martin,14,47,92.631,Soft,0,10,329.9,28.716,35.2,28.716
Bahrain GP,Fernando Alonso,Aston Martin,14,48,93.289,Medium,1,6,340.4,28.92,35.45,28.92
Bahrain GP,Fernando Alonso,Aston Martin,14,49,92.883,Medium,0,8,326.1,28.794,35.296,28.794
Bahrain GP,Fernando Alonso,Aston Martin,14,50,93.279,Hard,0,8,300.5,28.916,35.446,28.916
Bahrain GP,Fernando Alonso,Aston Martin,14,51,92.872,Soft,0,9,295.0,28.79,35.291,28.79
Bahrain GP,Fernando Alonso,Aston Martin,14,52,92.786,Soft,0,5,303.7,28.764,35.259,28.764
Bahrain GP,Fernando Alonso,Aston Martin,14,53,92.162,Soft,0,8,297.8,28.57,35.022,28.57
Bahrain GP,Fernando Alonso,Aston Martin,14,54,92.658,Medium,0,9,333.7,28.724,35.21,28.724
Bahrain GP,Fernando Alonso,Aston Martin,14,55,91.954,Medium,0,3,332.4,28.506,34.943,28.506
Bahrain GP,Fernando Alonso,Aston Martin,14,56,92.168,Soft,0,4,333.2,28.572,35.024,28.572
Bahrain GP,Fernando Alonso,Aston Martin,14,57,92.422,Hard,1,2,300.7,28.651,35.12,28.651
Bahrain GP,Fernando Alonso,Aston Martin,14,58,92.068,Hard,0,6,330.3,28.541,34.986,28.541
Bahrain GP,Fernando Alonso,Aston Martin,14,59,92.299,Medium,0,8,319.2,28.613,35.074,28.613
Bahrain GP,Yuki Tsunoda,RB,22,1,88.929,Medium,0,11,299.8,27.568,33.793,27.568
Bahrain GP,Yuki Tsunoda,RB,22,2,88.427,Hard,0,8,348.0,27.412,33.602,27.412
Bahrain GP,Yuki Tsunoda,RB,22,3,88.625,Medium,0,11,325.4,27.474,33.678,27.474
Bahrain GP,Yuki Tsunoda,RB,22,4,89.1,Hard,0,5,306.3,27.621,33.858,27.621
Bahrain GP,Yuki Tsunoda,RB,22,5,88.733,Soft,0,4,322.2,27.507,33.719,27.507
Bahrain GP,Yuki Tsunoda,RB,22,6,89.017,Soft,0,7,349.3,27.595,33.826,27.595
Bahrain GP,Yuki Tsunoda,RB,22,7,89.234,Medium,0,8,325.0,27.663,33.909,27.663
Bahrain GP,Yuki Tsunoda,RB,22,8,89.493,Hard,0,7,327.3,27.743,34.007,27.743
Bahrain GP,Yuki Tsunoda,RB,22,9,88.476,Soft,0,3,322.9,27.428,33.621,27.428
Bahrain GP,Yuki Tsunoda,RB,22,10,88.905,Medium,0,7,328.9,27.561,33.784,27.561
Bahrain GP,Yuki Tsunoda,RB,22,11,88.492,Intermediate,0,5,324.5,27.433,33.627,27.433
Bahrain GP,Yuki Tsunoda,RB,22,12,89.37,Medium,0,9,312.1,27.705,33.961,27.705
Bahrain GP,Yuki Tsunoda,RB,22,13,89.537,Soft,0,8,345.9,27.756,34.024,27.756
Bahrain GP,Yuki Tsunoda,RB,22,14,89.215,Medium,0,6,301.6,27.657,33.902,27.657
Bahrain GP,Yuki Tsunoda,RB,22,15,88.905,Intermediate,0,6,323.4,27.561,33.784,27.561
Bahrain GP,Yuki Tsunoda,RB,22,16,88.643,Hard,0,5,335.3,27.479,33.684,27.479
Bahrain GP,Yuki Tsunoda,RB,22,17,88.868,Hard,0,7,323.8,27.549,33.77,27.549
Bahrain GP,Yuki Tsunoda,RB,22,18,89.417,Soft,0,9,323.1,27.719,33.978,27.719
Bahrain GP,Yuki Tsunoda,RB,22,19,88.917,Medium,0,6,337.5,27.564,33.788,27.564
Bahrain GP,Yuki Tsunoda,RB,22,20,88.818,Soft,0,9,308.5,27.534,33.751,27.534
Bahrain GP,Yuki Tsunoda,RB,22,21,89.635,Soft,0,6,325.4,27.787,34.061,27.787
Bahrain GP,Yuki Tsunoda,RB,22,22,88.892,Intermediate,0,6,309.9,27.557,33.779,27.557
Bahrain GP,Yuki Tsunoda,RB,22,23,88.558,Hard,0,7,304.9,27.453,33.652,27.453
Bahrain GP,Yuki Tsunoda,RB,22,24,88.653,Medium,0,5,337.5,27.482,33.688,27.482
Bahrain GP,Yuki Tsunoda,RB,22,25,88.848,Soft,0,6,311.0,27.543,33.762,27.543
Bahrain GP,Yuki Tsunoda,RB,22,26,88.583,Medium,0,5,349.9,27.461,33.662,27.461
Bahrain GP,Yuki Tsunoda,RB,22,27,89.014,Hard,0,11,295.4,27.594,33.825,27.594
Bahrain GP,Yuki Tsunoda,RB,22,28,88.817,Medium,0,8,347.3,27.533,33.75,27.533
Bahrain GP,Yuki Tsunoda,RB,22,29,89.111,Hard,0,6,300.7,27.624,33.862,27.624
Bahrain GP,Yuki Tsunoda,RB,22,30,89.418,Wet,0,8,334.1,27.72,33.979,27.72
Bahrain GP,Yuki Tsunoda,RB,22,31,88.665,Hard,0,7,333.5,27.486,33.693,27.486
Bahrain GP,Yuki Tsunoda,RB,22,32,89.166,Medium,0,7,302.3,27.641,33.883,27.641
Bahrain GP,Yuki Tsunoda,RB,22,33,88.917,Medium,0,9,308.0,27.564,33.788,27.564
Bahrain GP,Yuki Tsunoda,RB,22,34,89.592,Medium,0,9,312.5,27.774,34.045,27.774
Bahrain GP,Yuki Tsunoda,RB,22,35,89.423,Soft,0,6,303.5,27.721,33.981,27.721
Bahrain GP,Yuki Tsunoda,RB,22,36,88.965,Soft,0,6,348.1,27.579,33.807,27.579
Bahrain GP,Yuki Tsunoda,RB,22,37,89.116,Hard,0,7,303.7,27.626,33.864,27.626
Bahrain GP,Yuki Tsunoda,RB,22,38,89.46,Soft,0,3,303.2,27.733,33.995,27.733
Bahrain GP,Yuki Tsunoda,RB,22,39,89.336,Soft,0,4,309.3,27.694,33.948,27.694
Bahrain GP,Yuki Tsunoda,RB,22,40,88.68,Medium,0,10,308.7,27.491,33.698,27.491
Bahrain GP,Yuki Tsunoda,RB,22,41,89.226,Soft,0,11,340.7,27.66,33.906,27.66
Bahrain GP,Yuki Tsunoda,RB,22,42,89.378,Medium,0,7,327.0,27.707,33.964,27.707
Bahrain GP,Yuki Tsunoda,RB,22,43,89.101,Wet,0,9,344.6,27.621,33.858,27.621
Bahrain GP,Yuki Tsunoda,RB,22,44,88.882,Hard,0,8,301.7,27.553,33.775,27.553
Bahrain GP,Yuki Tsunoda,RB,22,45,89.384,Medium,0,14,322.3,27.709,33.966,27.709
Bahrain GP,Yuki Tsunoda,RB,22,46,89.028,Soft,0,10,310.1,27.599,33.831,27.599
Bahrain GP,Yuki Tsunoda,RB,22,47,88.967,Medium,0,7,330.6,27.58,33.807,27.58
Bahrain GP,Yuki Tsunoda,RB,22,48,89.229,Soft,0,6,316.1,27.661,33.907,27.661
Bahrain GP,Yuki Tsunoda,RB,22,49,89.496,Medium,0,4,338.7,27.744,34.008,27.744
Bahrain GP,Yuki Tsunoda,RB,22,50,89.404,Medium,1,8,313.9,27.715,33.974,27.715
Bahrain GP,Yuki Tsunoda,RB,22,51,88.477,Medium,0,6,296.6,27.428,33.621,27.428
Bahrain GP,Yuki Tsunoda,RB,22,52,89.338,Medium,0,5,348.6,27.695,33.948,27.695
Bahrain GP,Yuki Tsunoda,RB,22,53,88.813,Medium,0,6,337.0,27.532,33.749,27.532
Bahrain GP,Yuki Tsunoda,RB,22,54,89.531,Medium,0,5,304.7,27.755,34.022,27.755
Bahrain GP,Yuki Tsunoda,RB,22,55,89.144,Intermediate,0,11,333.7,27.635,33.875,27.635
Bahrain GP,Yuki Tsunoda,RB,22,56,88.993,Medium,0,9,341.0,27.588,33.817,27.588
Bahrain GP,Yuki Tsunoda,RB,22,57,89.16,Soft,0,7,307.8,27.64,33.881,27.64
Bahrain GP,Yuki Tsunoda,RB,22,58,88.902,Medium,0,10,339.4,27.56,33.783,27.56
Bahrain GP,Yuki Tsunoda,RB,22,59,89.478,Hard,0,8,298.3,27.738,34.002,27.738
Bahrain GP,Yuki Tsunoda,RB,22,60,89.276,Hard,0,6,342.3,27.676,33.925,27.676
Bahrain GP,Yuki Tsunoda,RB,22,61,89.43,Medium,0,11,313.5,27.723,33.983,27.723
Bahrain GP,Yuki Tsunoda,RB,22,62,88.602,Intermediate,0,9,330.7,27.467,33.669,27.467
Bahrain GP,Yuki Tsunoda,RB,22,63,88.931,Hard,0,5,307.3,27.569,33.794,27.569
Bahrain GP,Yuki Tsunoda,RB,22,64,89.095,Soft,0,7,335.1,27.619,33.856,27.619
Bahrain GP,Yuki Tsunoda,RB,22,65,89.437,Medium,0,6,328.1,27.725,33.986,27.725
Bahrain GP,Yuki Tsunoda,RB,22,66,88.38,Medium,0,5,336.0,27.398,33.584,27.398
Bahrain GP,Yuki Tsunoda,RB,22,67,88.616,Medium,0,9,340.2,27.471,33.674,27.471
Bahrain GP,Yuki Tsunoda,RB,22,68,88.962,Soft,0,11,314.3,27.578,33.806,27.578
Bahrain GP,Yuki Tsunoda,RB,22,69,88.798,Medium,0,5,348.3,27.527,33.743,27.527
Bahrain GP,Yuki Tsunoda,RB,22,70,89.001,Medium,0,9,340.6,27.59,33.82,27.59
Bahrain GP,Yuki Tsunoda,RB,22,71,88.424,Hard,0,6,296.1,27.411,33.601,27.411
Bahrain GP,Yuki Tsunoda,RB,22,72,88.465,Soft,1,7,303.8,27.424,33.617,27.424
Bahrain GP,Yuki Tsunoda,RB,22,73,89.306,Soft,0,6,333.7,27.685,33.936,27.685
Bahrain GP,Yuki Tsunoda,RB,22,74,89.13,Hard,0,6,297.9,27.63,33.869,27.63
Bahrain GP,Yuki Tsunoda,RB,22,75,88.466,Hard,0,8,309.6,27.424,33.617,27.424
Bahrain GP,Alexander Albon,Williams,23,1,90.249,Hard,0,7,298.0,27.977,34.295,27.977
Bahrain GP,Alexander Albon,Williams,23,2,90.006,Hard,0,9,306.0,27.902,34.202,27.902
Bahrain GP,Alexander Albon,Williams,23,3,90.353,Wet,0,8,341.4,28.009,34.334,28.009
Bahrain GP,Alexander Albon,Williams,23,4,90.271,Hard,0,8,300.0,27.984,34.303,27.984
Bahrain GP,Alexander Albon,Williams,23,5,90.629,Medium,0,7,297.5,28.095,34.439,28.095
Bahrain GP,Alexander Albon,Williams,23,6,90.036,Soft,0,7,303.3,27.911,34.214,27.911
Bahrain GP,Alexander Albon,Williams,23,7,90.098,Medium,0,10,325.4,27.93,34.237,27.93
Bahrain GP,Alexander Albon,Williams,23,8,90.361,Medium,0,10,326.5,28.012,34.337,28.012
Bahrain GP,Alexander Albon,Williams,23,9,89.964,Intermediate,0,7,322.6,27.889,34.186,27.889
Bahrain GP,Alexander Albon,Williams,23,10,90.559,Soft,0,9,348.5,28.073,34.412,28.073
Bahrain GP,Alexander Albon,Williams,23,11,90.241,Wet,0,10,306.1,27.975,34.292,27.975
Bahrain GP,Alexander Albon,Williams,23,12,90.344,Intermediate,0,5,299.8,28.007,34.331,28.007
Bahrain GP,Alexander Albon,Williams,23,13,90.868,Medium,0,10,338.3,28.169,34.53,28.169
Bahrain GP,Alexander Albon,Williams,23,14,90.003,Medium,0,7,345.9,27.901,34.201,27.901
Bahrain GP,Alexander Albon,Williams,23,15,91.037,Hard,0,10,309.5,28.221,34.594,28.221
Bahrain GP,Alexander Albon,Williams,23,16,90.574,Soft,0,7,302.9,28.078,34.418,28.078
Bahrain GP,Alexander Albon,Williams,23,17,90.745,Medium,0,5,297.7,28.131,34.483,28.131
Bahrain GP,Alexander Albon,Williams,23,18,91.24,Soft,0,5,312.1,28.284,34.671,28.284
Bahrain GP,Alexander Albon,Williams,23,19,91.03,Wet,0,9,302.4,28.219,34.591,28.219
Bahrain GP,Alexander Albon,Williams,23,20,90.651,Hard,0,9,305.3,28.102,34.447,28.102
Bahrain GP,Alexander Albon,Williams,23,21,90.073,Medium,0,7,342.7,27.923,34.228,27.923
Bahrain GP,Alexander Albon,Williams,23,22,89.978,Medium,0,10,317.2,27.893,34.192,27.893
Bahrain GP,Alexander Albon,Williams,23,23,90.663,Soft,0,5,308.7,28.106,34.452,28.106
Bahrain GP,Alexander Albon,Williams,23,24,90.303,Soft,0,8,340.3,27.994,34.315,27.994
Bahrain GP,Alexander Albon,Williams,23,25,90.517,Soft,0,6,321.9,28.06,34.396,28.06
Bahrain GP,Alexander Albon,Williams,23,26,90.935,Medium,0,7,313.9,28.19,34.555,28.19
Bahrain GP,Alexander Albon,Williams,23,27,90.485,Soft,0,9,297.7,28.05,34.384,28.05
Bahrain GP,Alexander Albon,Williams,23,28,90.564,Hard,0,7,330.8,28.075,34.414,28.075
Bahrain GP,Alexander Albon,Williams,23,29,91.136,Hard,0,8,345.1,28.252,34.632,28.252
Bahrain GP,Alexander Albon,Williams,23,30,89.955,Soft,0,11,334.2,27.886,34.183,27.886
Bahrain GP,Alexander Albon,Williams,23,31,90.224,Medium,0,7,307.0,27.969,34.285,27.969
Bahrain GP,Alexander Albon,Williams,23,32,90.733,Medium,0,10,295.4,28.127,34.479,28.127
Bahrain GP,Alexander Albon,Williams,23,33,90.448,Soft,0,6,321.5,28.039,34.37,28.039
Bahrain GP,Alexander Albon,Williams,23,34,90.664,Hard,0,10,331.1,28.106,34.452,28.106
Bahrain GP,Alexander Albon,Williams,23,35,90.356,Soft,0,11,339.3,28.01,34.335,28.01
Bahrain GP,Alexander Albon,Williams,23,36,90.615,Hard,0,4,349.9,28.091,34.434,28.091
Bahrain GP,Alexander Albon,Williams,23,37,90.592,Hard,0,7,313.9,28.084,34.425,28.084
Bahrain GP,Alexander Albon,Williams,23,38,90.794,Medium,0,10,322.9,28.146,34.502,28.146
Bahrain GP,Alexander Albon,Williams,23,39,91.212,Soft,0,8,320.9,28.276,34.661,28.276
Bahrain GP,Alexander Albon,Williams,23,40,90.765,Intermediate,0,9,331.0,28.137,34.491,28.137
Bahrain GP,Alexander Albon,Williams,23,41,90.803,Medium,0,7,315.4,28.149,34.505,28.149
Bahrain GP,Alexander Albon,Williams,23,42,90.214,Soft,0,9,321.0,27.966,34.281,27.966
Bahrain GP,Alexander Albon,Williams,23,43,90.559,Medium,0,8,317.7,28.073,34.412,28.073
Bahrain GP,Alexander Albon,Williams,23,44,89.951,Medium,0,11,302.9,27.885,34.181,27.885
Bahrain GP,Alexander Albon,Williams,23,45,90.321,Medium,0,9,312.2,28.0,34.322,28.0
Bahrain GP,Alexander Albon,Williams,23,46,90.082,Hard,0,9,326.7,27.925,34.231,27.925
Bahrain GP,Alexander Albon,Williams,23,47,90.603,Soft,0,8,329.8,28.087,34.429,28.087
Bahrain GP,Alexander Albon,Williams,23,48,90.624,Soft,0,8,306.0,28.093,34.437,28.093
Bahrain GP,Alexander Albon,Williams,23,49,91.444,Hard,0,8,305.5,28.348,34.749,28.348
Bahrain GP,Alexander Albon,Williams,23,50,90.059,Hard,0,9,312.2,27.918,34.222,27.918
Bahrain GP,Alexander Albon,Williams,23,51,90.577,Soft,0,8,311.4,28.079,34.419,28.079
Bahrain GP,Alexander Albon,Williams,23,52,90.281,Medium,0,9,343.8,27.987,34.307,27.987
Bahrain GP,Alexander Albon,Williams,23,53,90.872,Medium,0,13,304.1,28.17,34.531,28.17
Bahrain GP,Alexander Albon,Williams,23,54,89.89,Wet,0,10,335.4,27.866,34.158,27.866
Bahrain GP,Alexander Albon,Williams,23,55,90.583,Hard,0,8,343.2,28.081,34.422,28.081
Bahrain GP,Alexander Albon,Williams,23,56,90.621,Medium,0,11,331.4,28.093,34.436,28.093
Bahrain GP,Alexander Albon,Williams,23,57,89.919,Medium,1,8,325.1,27.875,34.169,27.875
Bahrain GP,Alexander Albon,Williams,23,58,90.741,Hard,0,4,311.6,28.13,34.482,28.13
Bahrain GP,Alexander Albon,Williams,23,59,90.085,Medium,0,6,318.0,27.926,34.232,27.926
Bahrain GP,Alexander Albon,Williams,23,60,90.436,Soft,0,5,322.4,28.035,34.366,28.035
Bahrain GP,Alexander Albon,Williams,23,61,91.131,Wet,0,8,333.7,28.251,34.63,28.251
Bahrain GP,Nico Hulkenberg,Kick Sauber,27,1,88.741,Medium,0,10,295.2,27.51,33.722,27.51
Bahrain GP,Nico Hulkenberg,Kick Sauber,27,2,88.925,Hard,0,13,347.2,27.567,33.791,27.567
Bahrain GP,Nico Hulkenberg,Kick Sauber,27,3,88.212,Soft,0,10,320.1,27.346,33.521,27.346
Bahrain GP,Nico Hulkenberg,Kick Sauber,27,4,88.137,Hard,0,9,341.9,27.322,33.492,27.322
Bahrain GP,Nico Hulkenberg,Kick Sauber,27,5,88.498,Hard,0,11,341.8,27.434,33.629,27.434
Bahrain GP,Nico Hulkenberg,Kick Sauber,27,6,88.216,Medium,0,5,314.7,27.347,33.522,27.347
Bahrain GP,Nico Hulkenberg,Kick Sauber,27,7,88.554,Hard,0,10,339.8,27.452,33.651,27.452
Bahrain GP,Nico Hulkenberg,Kick Sauber,27,8,88.523,Medium,0,11,332.9,27.442,33.639,27.442
Bahrain GP,Nico Hulkenberg,Kick Sauber,27,9,88.97,Hard,0,7,302.3,27.581,33.809,27.581
Bahrain GP,Nico Hulkenberg,Kick Sauber,27,10,89.254,Soft,0,12,339.1,27.669,33.917,27.669
Bahrain GP,Nico Hulkenberg,Kick Sauber,27,11,88.565,Medium,0,10,342.4,27.455,33.655,27.455
Bahrain GP,Nico Hulkenberg,Kick Sauber,27,12,88.797,Hard,0,9,297.5,27.527,33.743,27.527
Bahrain GP,Nico Hulkenberg,Kick Sauber,27,13,88.413,Hard,0,11,337.2,27.408,33.597,27.408
Bahrain GP,Nico Hulkenberg,Kick Sauber,27,14,89.236,Medium,0,14,332.9,27.663,33.91,27.663
Bahrain GP,Nico Hulkenberg,Kick Sauber,27,15,89.087,Medium,0,10,303.2,27.617,33.853,27.617
Bahrain GP,Nico Hulkenberg,Kick Sauber,27,16,88.95,Medium,0,10,341.9,27.575,33.801,27.575
Bahrain GP,Nico Hulkenberg,Kick Sauber,27,17,88.715,Soft,0,9,297.8,27.502,33.712,27.502
Bahrain GP,Nico Hulkenberg,Kick Sauber,27,18,88.871,Hard,0,8,320.3,27.55,33.771,27.55
Bahrain GP,Nico Hulkenberg,Kick Sauber,27,19,88.754,Medium,0,11,336.0,27.514,33.727,27.514
Bahrain GP,Nico Hulkenberg,Kick Sauber,27,20,88.493,Medium,0,8,340.4,27.433,33.627,27.433
Bahrain GP,Nico Hulkenberg,Kick Sauber,27,21,89.349,Hard,0,10,347.3,27.698,33.953,27.698
Bahrain GP,Nico Hulkenberg,Kick Sauber,27,22,89.597,Hard,0,9,325.8,27.775,34.047,27.775
Bahrain GP,Nico Hulkenberg,Kick Sauber,27,23,89.103,Medium,0,10,336.8,27.622,33.859,27.622
Bahrain GP,Nico Hulkenberg,Kick Sauber,27,24,88.391,Medium,0,10,325.1,27.401,33.589,27.401
Bahrain GP,Nico Hulkenberg,Kick Sauber,27,25,88.838,Soft,0,12,340.2,27.54,33.758,27.54
Bahrain GP,Nico Hulkenberg,Kick Sauber,27,26,88.97,Soft,0,8,306.9,27.581,33.809,27.581
Bahrain GP,Nico Hulkenberg,Kick Sauber,27,27,88.312,Medium,0,9,337.5,27.377,33.559,27.377
Bahrain GP,Nico Hulkenberg,Kick Sauber,27,28,89.269,Medium,0,8,295.2,27.673,33.922,27.673
Bahrain GP,Nico Hulkenberg,Kick Sauber,27,29,88.794,Medium,0,9,338.0,27.526,33.742,27.526
Bahrain GP,Nico Hulkenberg,Kick Sauber,27,30,88.497,Hard,0,10,316.3,27.434,33.629,27.434
Bahrain GP,Nico Hulkenberg,Kick Sauber,27,31,88.551,Wet,0,11,310.0,27.451,33.649,27.451
Bahrain GP,Nico Hulkenberg,Kick Sauber,27,32,88.742,Soft,0,8,328.1,27.51,33.722,27.51
Bahrain GP,Nico Hulkenberg,Kick Sauber,27,33,88.881,Medium,0,11,329.8,27.553,33.775,27.553
Bahrain GP,Nico Hulkenberg,Kick Sauber,27,34,88.942,Hard,0,12,349.0,27.572,33.798,27.572
Bahrain GP,Nico Hulkenberg,Kick Sauber,27,35,89.086,Medium,0,10,336.8,27.617,33.853,27.617
Bahrain GP,Nico Hulkenberg,Kick Sauber,27,36,89.123,Hard,0,13,310.7,27.628,33.867,27.628
Bahrain GP,Nico Hulkenberg,Kick Sauber,27,37,88.846,Soft,0,8,297.9,27.542,33.761,27.542
Bahrain GP,Nico Hulkenberg,Kick Sauber,27,38,88.862,Soft,0,7,332.6,27.547,33.768,27.547
Bahrain GP,Nico Hulkenberg,Kick Sauber,27,39,88.741,Soft,0,6,296.8,27.51,33.722,27.51
Bahrain GP,Nico Hulkenberg,Kick Sauber,27,40,89.027,Hard,0,12,335.8,27.598,33.83,27.598
Bahrain GP,Nico Hulkenberg,Kick Sauber,27,41,89.04,Hard,0,11,333.1,27.602,33.835,27.602
Bahrain GP,Nico Hulkenberg,Kick Sauber,27,42,88.781,Intermediate,0,9,348.1,27.522,33.737,27.522
Bahrain GP,Nico Hulkenberg,Kick Sauber,27,43,88.381,Medium,0,10,340.6,27.398,33.585,27.398
Bahrain GP,Nico Hulkenberg,Kick Sauber,27,44,89.15,Medium,0,7,311.2,27.637,33.877,27.637
Bahrain GP,Nico Hulkenberg,Kick Sauber,27,45,88.287,Intermediate,0,14,301.6,27.369,33.549,27.369
Bahrain GP,Nico Hulkenberg,Kick Sauber,27,46,88.892,Soft,0,10,295.3,27.557,33.779,27.557
Bahrain GP,Nico Hulkenberg,Kick Sauber,27,47,88.733,Soft,0,10,327.8,27.507,33.719,27.507
Bahrain GP,Nico Hulkenberg,Kick Sauber,27,48,88.588,Medium,0,11,323.9,27.462,33.663,27.462
Bahrain GP,Nico Hulkenberg,Kick Sauber,27,49,89.032,Soft,0,10,324.5,27.6,33.832,27.6
Bahrain GP,Nico Hulkenberg,Kick Sauber,27,50,89.227,Hard,0,10,314.8,27.66,33.906,27.66
Bahrain GP,Nico Hulkenberg,Kick Sauber,27,51,88.98,Medium,0,8,340.3,27.584,33.812,27.584
Bahrain GP,Nico Hulkenberg,Kick Sauber,27,52,88.456,Soft,0,10,347.7,27.421,33.613,27.421
Bahrain GP,Nico Hulkenberg,Kick Sauber,27,53,88.876,Soft,0,13,324.7,27.552,33.773,27.552
Bahrain GP,Nico Hulkenberg,Kick Sauber,27,54,88.597,Hard,0,12,339.2,27.465,33.667,27.465
Bahrain GP,Nico Hulkenberg,Kick Sauber,27,55,88.952,Hard,0,13,323.3,27.575,33.802,27.575
Bahrain GP,Nico Hulkenberg,Kick Sauber,27,56,89.002,Medium,0,8,329.5,27.591,33.821,27.591
Bahrain GP,Nico Hulkenberg,Kick Sauber,27,57,89.241,Hard,0,8,341.0,27.665,33.912,27.665
Bahrain GP,Nico Hulkenberg,Kick Sauber,27,58,89.136,Wet,0,9,330.6,27.632,33.872,27.632
Bahrain GP,Nico Hulkenberg,Kick Sauber,27,59,88.428,Medium,0,10,297.1,27.413,33.603,27.413
Bahrain GP,Nico Hulkenberg,Kick Sauber,27,60,88.914,Medium,0,12,345.1,27.563,33.787,27.563
Bahrain GP,Nico Hulkenberg,Kick Sauber,27,61,88.754,Medium,0,6,316.4,27.514,33.727,27.514
Saudi Arabian GP,Max Verstappen,Red Bull Racing,1,1,91.297,Hard,0,4,314.7,28.302,34.693,28.302
Saudi Arabian GP,Max Verstappen,Red Bull Racing,1,2,91.402,Medium,0,1,337.1,28.335,34.733,28.335
Saudi Arabian GP,Max Verstappen,Red Bull Racing,1,3,91.565,Soft,0,1,324.3,28.385,34.795,28.385
Saudi Arabian GP,Max Verstappen,Red Bull Racing,1,4,91.605,Hard,0,1,347.8,28.398,34.81,28.398
Saudi Arabian GP,Max Verstappen,Red Bull Racing,1,5,91.66,Intermediate,0,1,347.7,28.415,34.831,28.415
Saudi Arabian GP,Max Verstappen,Red Bull Racing,1,6,91.393,Soft,0,2,326.5,28.332,34.729,28.332
Saudi Arabian GP,Max Verstappen,Red Bull Racing,1,7,91.808,Medium,0,1,306.6,28.46,34.887,28.46
Saudi Arabian GP,Max Verstappen,Red Bull Racing,1,8,91.018,Hard,0,1,301.3,28.216,34.587,28.216
Saudi Arabian GP,Max Verstappen,Red Bull Racing,1,9,91.931,Wet,0,1,330.5,28.499,34.934,28.499
Saudi Arabian GP,Max Verstappen,Red Bull Racing,1,10,90.933,Soft,0,1,347.3,28.189,34.555,28.189
Saudi Arabian GP,Max Verstappen,Red Bull Racing,1,11,91.486,Soft,0,4,344.5,28.361,34.765,28.361
Saudi Arabian GP,Max Verstappen,Red Bull Racing,1,12,91.302,Hard,0,1,326.1,28.304,34.695,28.304
Saudi Arabian GP,Max Verstappen,Red Bull Racing,1,13,92.082,Soft,0,1,308.5,28.545,34.991,28.545
Saudi Arabian GP,Max Verstappen,Red Bull Racing,1,14,91.759,Soft,0,1,302.4,28.445,34.868,28.445
Saudi Arabian GP,Max Verstappen,Red Bull Racing,1,15,91.687,Medium,0,1,321.8,28.423,34.841,28.423
Saudi Arabian GP,Max Verstappen,Red Bull Racing,1,16,91.53,Hard,0,1,344.0,28.374,34.781,28.374
Saudi Arabian GP,Max Verstappen,Red Bull Racing,1,17,91.869,Soft,0,1,344.1,28.479,34.91,28.479
Saudi Arabian GP,Max Verstappen,Red Bull Racing,1,18,91.361,Hard,0,1,344.8,28.322,34.717,28.322
Saudi Arabian GP,Max Verstappen,Red Bull Racing,1,19,92.177,Medium,0,2,315.1,28.575,35.027,28.575
Saudi Arabian GP,Max Verstappen,Red Bull Racing,1,20,92.003,Hard,1,4,320.6,28.521,34.961,28.521
Saudi Arabian GP,Max Verstappen,Red Bull Racing,1,21,91.268,Hard,0,3,336.6,28.293,34.682,28.293
Saudi Arabian GP,Max Verstappen,Red Bull Racing,1,22,90.928,Intermediate,0,1,335.5,28.188,34.553,28.188
Saudi Arabian GP,Max Verstappen,Red Bull Racing,1,23,91.597,Hard,0,1,298.5,28.395,34.807,28.395
Saudi Arabian GP,Max Verstappen,Red Bull Racing,1,24,91.756,Medium,0,6,316.3,28.444,34.867,28.444
Saudi Arabian GP,Max Verstappen,Red Bull Racing,1,25,91.63,Medium,0,1,333.7,28.405,34.819,28.405
Saudi Arabian GP,Max Verstappen,Red Bull Racing,1,26,91.047,Medium,0,1,315.7,28.225,34.598,28.225
Saudi Arabian GP,Max Verstappen,Red Bull Racing,1,27,91.332,Hard,0,1,308.8,28.313,34.706,28.313
Saudi Arabian GP,Max Verstappen,Red Bull Racing,1,28,91.184,Hard,0,1,338.6,28.267,34.65,28.267
Saudi Arabian GP,Max Verstappen,Red Bull Racing,1,29,91.168,Soft,0,1,323.3,28.262,34.644,28.262
Saudi Arabian GP,Max Verstappen,Red Bull Racing,1,30,90.98,Medium,0,1,331.4,28.204,34.572,28.204
Saudi Arabian GP,Max Verstappen,Red Bull Racing,1,31,91.502,Medium,0,1,321.3,28.366,34.771,28.366
Saudi Arabian GP,Max Verstappen,Red Bull Racing,1,32,91.443,Soft,0,1,326.5,28.347,34.748,28.347
Saudi Arabian GP,Max Verstappen,Red Bull Racing,1,33,91.374,Hard,0,1,298.1,28.326,34.722,28.326
Saudi Arabian GP,Max Verstappen,Red Bull Racing,1,34,91.61,Medium,0,1,343.3,28.399,34.812,28.399
Saudi Arabian GP,Max Verstappen,Red Bull Racing,1,35,91.318,Medium,0,1,342.7,28.309,34.701,28.309
Saudi Arabian GP,Max Verstappen,Red Bull Racing,1,36,91.355,Soft,0,1,329.3,28.32,34.715,28.32
Saudi Arabian GP,Max Verstappen,Red Bull Racing,1,37,91.575,Intermediate,0,4,307.6,28.388,34.799,28.388
Saudi Arabian GP,Max Verstappen,Red Bull Racing,1,38,90.849,Medium,0,1,332.6,28.163,34.523,28.163
Saudi Arabian GP,Max Verstappen,Red Bull Racing,1,39,90.884,Intermediate,0,3,343.3,28.174,34.536,28.174
Saudi Arabian GP,Max Verstappen,Red Bull Racing,1,40,91.389,Intermediate,0,3,340.5,28.331,34.728,28.331
Saudi Arabian GP,Max Verstappen,Red Bull Racing,1,41,91.383,Soft,0,1,318.6,28.329,34.726,28.329
Saudi Arabian GP,Max Verstappen,Red Bull Racing,1,42,91.464,Medium,0,1,318.4,28.354,34.756,28.354
Saudi Arabian GP,Max Verstappen,Red Bull Racing,1,43,91.397,Hard,0,1,327.9,28.333,34.731,28.333
Saudi Arabian GP,Max Verstappen,Red Bull Racing,1,44,90.968,Hard,0,1,326.8,28.2,34.568,28.2
Saudi Arabian GP,Max Verstappen,Red Bull Racing,1,45,91.284,Soft,0,1,317.5,28.298,34.688,28.298
Saudi Arabian GP,Max Verstappen,Red Bull Racing,1,46,91.477,Soft,0,1,318.3,28.358,34.761,28.358
Saudi Arabian GP,Max Verstappen,Red Bull Racing,1,47,92.266,Medium,0,4,317.7,28.602,35.061,28.602
Saudi Arabian GP,Max Verstappen,Red Bull Racing,1,48,91.514,Medium,0,2,326.8,28.369,34.775,28.369
Saudi Arabian GP,Max Verstappen,Red Bull Racing,1,49,92.239,Hard,0,3,319.6,28.594,35.051,28.594
Saudi Arabian GP,Max Verstappen,Red Bull Racing,1,50,91.317,Hard,0,2,328.8,28.308,34.7,28.308
Saudi Arabian GP,Max Verstappen,Red Bull Racing,1,51,91.688,Soft,0,1,340.3,28.423,34.841,28.423
Saudi Arabian GP,Max Verstappen,Red Bull Racing,1,52,91.945,Soft,0,1,315.4,28.503,34.939,28.503
Saudi Arabian GP,Max Verstappen,Red Bull Racing,1,53,91.768,Medium,0,1,310.8,28.448,34.872,28.448
Saudi Arabian GP,Max Verstappen,Red Bull Racing,1,54,91.729,Medium,0,1,295.6,28.436,34.857,28.436
Saudi Arabian GP,Max Verstappen,Red Bull Racing,1,55,91.573,Medium,0,2,328.8,28.388,34.798,28.388
Saudi Arabian GP,Charles Leclerc,Scuderia Ferrari,16,1,88.927,Soft,0,1,337.9,27.567,33.792,27.567
Saudi Arabian GP,Charles Leclerc,Scuderia Ferrari,16,2,88.387,Soft,0,1,335.5,27.4,33.587,27.4
Saudi Arabian GP,Charles Leclerc,Scuderia Ferrari,16,3,88.584,Hard,0,3,345.3,27.461,33.662,27.461
Saudi Arabian GP,Charles Leclerc,Scuderia Ferrari,16,4,88.819,Soft,0,2,320.0,27.534,33.751,27.534
Saudi Arabian GP,Charles Leclerc,Scuderia Ferrari,16,5,88.319,Medium,0,1,325.7,27.379,33.561,27.379
Saudi Arabian GP,Charles Leclerc,Scuderia Ferrari,16,6,88.16,Medium,0,4,343.2,27.33,33.501,27.33
Saudi Arabian GP,Charles Leclerc,Scuderia Ferrari,16,7,89.104,Medium,0,1,336.7,27.622,33.86,27.622
Saudi Arabian GP,Charles Leclerc,Scuderia Ferrari,16,8,89.062,Hard,0,3,301.4,27.609,33.844,27.609
Saudi Arabian GP,Charles Leclerc,Scuderia Ferrari,16,9,88.904,Soft,0,3,339.0,27.56,33.784,27.56
Saudi Arabian GP,Charles Leclerc,Scuderia Ferrari,16,10,88.825,Soft,0,1,308.7,27.536,33.754,27.536
Saudi Arabian GP,Charles Leclerc,Scuderia Ferrari,16,11,88.912,Medium,0,2,346.2,27.563,33.787,27.563
Saudi Arabian GP,Charles Leclerc,Scuderia Ferrari,16,12,88.373,Medium,0,1,347.1,27.396,33.582,27.396
Saudi Arabian GP,Charles Leclerc,Scuderia Ferrari,16,13,88.446,Hard,0,3,306.4,27.418,33.609,27.418
Saudi Arabian GP,Charles Leclerc,Scuderia Ferrari,16,14,89.249,Medium,0,1,301.6,27.667,33.915,27.667
Saudi Arabian GP,Charles Leclerc,Scuderia Ferrari,16,15,89.039,Medium,0,1,347.7,27.602,33.835,27.602
Saudi Arabian GP,Charles Leclerc,Scuderia Ferrari,16,16,88.575,Hard,0,4,322.0,27.458,33.659,27.458
Saudi Arabian GP,Charles Leclerc,Scuderia Ferrari,16,17,89.045,Soft,0,1,339.0,27.604,33.837,27.604
Saudi Arabian GP,Charles Leclerc,Scuderia Ferrari,16,18,88.642,Medium,0,1,320.1,27.479,33.684,27.479
Saudi Arabian GP,Charles Leclerc,Scuderia Ferrari,16,19,88.413,Hard,0,1,332.1,27.408,33.597,27.408
Saudi Arabian GP,Charles Leclerc,Scuderia Ferrari,16,20,88.796,Medium,0,3,305.3,27.527,33.742,27.527
Saudi Arabian GP,Charles Leclerc,Scuderia Ferrari,16,21,88.752,Medium,0,1,305.1,27.513,33.726,27.513
Saudi Arabian GP,Charles Leclerc,Scuderia Ferrari,16,22,88.981,Medium,0,5,310.4,27.584,33.813,27.584
Saudi Arabian GP,Charles Leclerc,Scuderia Ferrari,16,23,88.982,Hard,0,1,334.6,27.584,33.813,27.584
Saudi Arabian GP,Charles Leclerc,Scuderia Ferrari,16,24,88.831,Soft,0,5,321.0,27.538,33.756,27.538
Saudi Arabian GP,Charles Leclerc,Scuderia Ferrari,16,25,88.574,Wet,0,2,324.4,27.458,33.658,27.458
Saudi Arabian GP,Charles Leclerc,Scuderia Ferrari,16,26,88.255,Medium,0,1,316.9,27.359,33.537,27.359
Saudi Arabian GP,Charles Leclerc,Scuderia Ferrari,16,27,88.818,Medium,0,1,319.7,27.534,33.751,27.534
Saudi Arabian GP,Charles Leclerc,Scuderia Ferrari,16,28,88.335,Medium,0,2,313.9,27.384,33.567,27.384
Saudi Arabian GP,Charles Leclerc,Scuderia Ferrari,16,29,88.803,Intermediate,0,1,326.7,27.529,33.745,27.529
Saudi Arabian GP,Charles Leclerc,Scuderia Ferrari,16,30,88.6,Medium,0,4,321.8,27.466,33.668,27.466
Saudi Arabian GP,Charles Leclerc,Scuderia Ferrari,16,31,88.376,Soft,0,2,342.8,27.397,33.583,27.397
Saudi Arabian GP,Charles Leclerc,Scuderia Ferrari,16,32,88.693,Medium,0,2,299.4,27.495,33.703,27.495
Saudi Arabian GP,Charles Leclerc,Scuderia Ferrari,16,33,88.373,Soft,0,1,328.3,27.396,33.582,27.396
Saudi Arabian GP,Charles Leclerc,Scuderia Ferrari,16,34,88.494,Hard,0,1,336.1,27.433,33.628,27.433
Saudi Arabian GP,Charles Leclerc,Scuderia Ferrari,16,35,88.24,Soft,0,2,331.4,27.354,33.531,27.354
Saudi Arabian GP,Charles Leclerc,Scuderia Ferrari,16,36,88.351,Soft,0,1,325.2,27.389,33.573,27.389
Saudi Arabian GP,Charles Leclerc,Scuderia Ferrari,16,37,88.678,Wet,0,1,309.4,27.49,33.698,27.49
Saudi Arabian GP,Charles Leclerc,Scuderia Ferrari,16,38,88.853,Medium,0,3,308.6,27.544,33.764,27.544
Saudi Arabian GP,Charles Leclerc,Scuderia Ferrari,16,39,88.398,Medium,0,2,296.6,27.403,33.591,27.403
Saudi Arabian GP,Charles Leclerc,Scuderia Ferrari,16,40,88.748,Medium,0,1,346.4,27.512,33.724,27.512
Saudi Arabian GP,Charles Leclerc,Scuderia Ferrari,16,41,89.039,Medium,0,2,329.7,27.602,33.835,27.602
Saudi Arabian GP,Charles Leclerc,Scuderia Ferrari,16,42,88.921,Medium,0,2,321.5,27.566,33.79,27.566
Saudi Arabian GP,Charles Leclerc,Scuderia Ferrari,16,43,89.081,Medium,0,1,303.6,27.615,33.851,27.615
Saudi Arabian GP,Charles Leclerc,Scuderia Ferrari,16,44,88.877,Hard,0,1,310.8,27.552,33.773,27.552
Saudi Arabian GP,Charles Leclerc,Scuderia Ferrari,16,45,88.414,Hard,0,2,295.5,27.408,33.597,27.408
Saudi Arabian GP,Charles Leclerc,Scuderia Ferrari,16,46,89.13,Hard,0,1,315.6,27.63,33.869,27.63
Saudi Arabian GP,Charles Leclerc,Scuderia Ferrari,16,47,89.052,Soft,0,2,340.6,27.606,33.84,27.606
Saudi Arabian GP,Charles Leclerc,Scuderia Ferrari,16,48,88.415,Soft,0,1,310.7,27.409,33.598,27.409
Saudi Arabian GP,Charles Leclerc,Scuderia Ferrari,16,49,88.842,Soft,0,4,301.1,27.541,33.76,27.541
Saudi Arabian GP,Charles Leclerc,Scuderia Ferrari,16,50,88.793,Medium,0,2,312.6,27.526,33.741,27.526
Saudi Arabian GP,Charles Leclerc,Scuderia Ferrari,16,51,88.606,Soft,0,2,310.5,27.468,33.67,27.468
Saudi Arabian GP,Charles Leclerc,Scuderia Ferrari,16,52,89.089,Soft,0,3,295.8,27.618,33.854,27.618
Saudi Arabian GP,Charles Leclerc,Scuderia Ferrari,16,53,88.456,Hard,0,5,320.5,27.421,33.613,27.421
Saudi Arabian GP,Charles Leclerc,Scuderia Ferrari,16,54,88.885,Intermediate,1,4,309.7,27.554,33.776,27.554
Saudi Arabian GP,Charles Leclerc,Scuderia Ferrari,16,55,88.404,Soft,0,1,339.9,27.405,33.594,27.405
Saudi Arabian GP,Charles Leclerc,Scuderia Ferrari,16,56,88.84,Soft,0,1,308.6,27.54,33.759,27.54
Saudi Arabian GP,Charles Leclerc,Scuderia Ferrari,16,57,88.801,Soft,0,1,321.0,27.528,33.744,27.528
Saudi Arabian GP,Charles Leclerc,Scuderia Ferrari,16,58,88.461,Hard,0,2,323.7,27.423,33.615,27.423
Saudi Arabian GP,Charles Leclerc,Scuderia Ferrari,16,59,88.538,Medium,0,3,342.5,27.447,33.644,27.447
Saudi Arabian GP,Charles Leclerc,Scuderia Ferrari,16,60,88.863,Medium,0,1,304.2,27.548,33.768,27.548
Saudi Arabian GP,Charles Leclerc,Scuderia Ferrari,16,61,88.731,Soft,0,2,327.0,27.507,33.718,27.507
Saudi Arabian GP,Charles Leclerc,Scuderia Ferrari,16,62,88.138,Hard,0,1,303.7,27.323,33.492,27.323
Saudi Arabian GP,Charles Leclerc,Scuderia Ferrari,16,63,88.627,Intermediate,0,1,298.3,27.474,33.678,27.474
Saudi Arabian GP,Charles Leclerc,Scuderia Ferrari,16,64,88.93,Soft,0,1,312.4,27.568,33.793,27.568
Saudi Arabian GP,Charles Leclerc,Scuderia Ferrari,16,65,88.805,Soft,0,1,314.7,27.53,33.746,27.53
Saudi Arabian GP,Charles Leclerc,Scuderia Ferrari,16,66,88.119,Hard,0,1,311.2,27.317,33.485,27.317
Saudi Arabian GP,Charles Leclerc,Scuderia Ferrari,16,67,88.218,Medium,0,1,310.1,27.348,33.523,27.348
Saudi Arabian GP,Charles Leclerc,Scuderia Ferrari,16,68,88.173,Soft,0,4,324.8,27.334,33.506,27.334
Saudi Arabian GP,Charles Leclerc,Scuderia Ferrari,16,69,88.67,Medium,0,1,343.6,27.488,33.695,27.488
Saudi Arabian GP,Charles Leclerc,Scuderia Ferrari,16,70,88.76,Hard,0,7,340.0,27.516,33.729,27.516
Saudi Arabian GP,Charles Leclerc,Scuderia Ferrari,16,71,88.625,Medium,0,2,312.7,27.474,33.678,27.474
Saudi Arabian GP,Charles Leclerc,Scuderia Ferrari,16,72,88.738,Soft,0,2,304.8,27.509,33.72,27.509
Saudi Arabian GP,Charles Leclerc,Scuderia Ferrari,16,73,88.552,Soft,0,1,331.2,27.451,33.65,27.451
Saudi Arabian GP,Lewis Hamilton,Scuderia Ferrari,44,1,89.507,Hard,0,4,346.2,27.747,34.013,27.747
Saudi Arabian GP,Lewis Hamilton,Scuderia Ferrari,44,2,90.262,Hard,0,1,339.1,27.981,34.3,27.981
Saudi Arabian GP,Lewis Hamilton,Scuderia Ferrari,44,3,90.08,Hard,0,3,338.7,27.925,34.23,27.925
Saudi Arabian GP,Lewis Hamilton,Scuderia Ferrari,44,4,89.679,Soft,0,8,340.9,27.8,34.078,27.8
Saudi Arabian GP,Lewis Hamilton,Scuderia Ferrari,44,5,90.427,Soft,0,2,324.2,28.032,34.362,28.032
Saudi Arabian GP,Lewis Hamilton,Scuderia Ferrari,44,6,90.026,Medium,0,5,325.7,27.908,34.21,27.908
Saudi Arabian GP,Lewis Hamilton,Scuderia Ferrari,44,7,90.267,Medium,0,1,333.6,27.983,34.301,27.983
Saudi Arabian GP,Lewis Hamilton,Scuderia Ferrari,44,8,89.733,Soft,0,2,322.8,27.817,34.099,27.817
Saudi Arabian GP,Lewis Hamilton,Scuderia Ferrari,44,9,90.109,Intermediate,0,6,325.3,27.934,34.241,27.934
Saudi Arabian GP,Lewis Hamilton,Scuderia Ferrari,44,10,90.04,Medium,0,1,328.5,27.912,34.215,27.912
Saudi Arabian GP,Lewis Hamilton,Scuderia Ferrari,44,11,90.059,Hard,0,6,347.9,27.918,34.222,27.918
Saudi Arabian GP,Lewis Hamilton,Scuderia Ferrari,44,12,89.74,Soft,0,4,327.8,27.819,34.101,27.819
Saudi Arabian GP,Lewis Hamilton,Scuderia Ferrari,44,13,90.094,Medium,0,1,306.8,27.929,34.236,27.929
Saudi Arabian GP,Lewis Hamilton,Scuderia Ferrari,44,14,90.246,Hard,0,4,345.6,27.976,34.293,27.976
Saudi Arabian GP,Lewis Hamilton,Scuderia Ferrari,44,15,89.927,Soft,0,4,315.2,27.877,34.172,27.877
Saudi Arabian GP,Lewis Hamilton,Scuderia Ferrari,44,16,90.357,Soft,0,4,326.3,28.011,34.336,28.011
Saudi Arabian GP,Lewis Hamilton,Scuderia Ferrari,44,17,90.543,Hard,0,1,321.9,28.068,34.406,28.068
Saudi Arabian GP,Lewis Hamilton,Scuderia Ferrari,44,18,89.575,Hard,0,1,299.3,27.768,34.038,27.768
Saudi Arabian GP,Lewis Hamilton,Scuderia Ferrari,44,19,89.722,Hard,0,2,317.9,27.814,34.094,27.814
Saudi Arabian GP,Lewis Hamilton,Scuderia Ferrari,44,20,89.573,Hard,0,2,329.9,27.768,34.038,27.768
Saudi Arabian GP,Lewis Hamilton,Scuderia Ferrari,44,21,90.043,Medium,0,4,313.0,27.913,34.216,27.913
Saudi Arabian GP,Lewis Hamilton,Scuderia Ferrari,44,22,89.948,Wet,0,3,336.4,27.884,34.18,27.884
Saudi Arabian GP,Lewis Hamilton,Scuderia Ferrari,44,23,89.664,Medium,0,1,313.5,27.796,34.072,27.796
Saudi Arabian GP,Lewis Hamilton,Scuderia Ferrari,44,24,89.975,Medium,0,3,316.9,27.892,34.191,27.892
Saudi Arabian GP,Lewis Hamilton,Scuderia Ferrari,44,25,90.235,Soft,0,4,305.9,27.973,34.289,27.973
Saudi Arabian GP,Lewis Hamilton,Scuderia Ferrari,44,26,90.239,Medium,1,4,308.5,27.974,34.291,27.974
Saudi Arabian GP,Lewis Hamilton,Scuderia Ferrari,44,27,89.884,Hard,0,5,301.2,27.864,34.156,27.864
Saudi Arabian GP,Lewis Hamilton,Scuderia Ferrari,44,28,89.623,Medium,0,4,337.3,27.783,34.057,27.783
Saudi Arabian GP,Lewis Hamilton,Scuderia Ferrari,44,29,90.247,Wet,0,3,329.3,27.977,34.294,27.977
Saudi Arabian GP,Lewis Hamilton,Scuderia Ferrari,44,30,90.104,Soft,0,2,303.6,27.932,34.24,27.932
Saudi Arabian GP,Lewis Hamilton,Scuderia Ferrari,44,31,89.516,Intermediate,0,1,342.8,27.75,34.016,27.75
Saudi Arabian GP,Lewis Hamilton,Scuderia Ferrari,44,32,90.052,Soft,0,3,320.9,27.916,34.22,27.916
Saudi Arabian GP,Lewis Hamilton,Scuderia Ferrari,44,33,89.943,Soft,0,3,336.3,27.882,34.178,27.882
Saudi Arabian GP,Lewis Hamilton,Scuderia Ferrari,44,34,90.382,Hard,0,3,315.7,28.018,34.345,28.018
Saudi Arabian GP,Lewis Hamilton,Scuderia Ferrari,44,35,89.388,Soft,0,1,297.9,27.71,33.967,27.71
Saudi Arabian GP,Lewis Hamilton,Scuderia Ferrari,44,36,90.007,Hard,0,1,342.5,27.902,34.203,27.902
Saudi Arabian GP,Lewis Hamilton,Scuderia Ferrari,44,37,90.289,Medium,0,5,323.0,27.99,34.31,27.99
Saudi Arabian GP,Lewis Hamilton,Scuderia Ferrari,44,38,89.833,Medium,1,2,305.3,27.848,34.137,27.848
Saudi Arabian GP,Lewis Hamilton,Scuderia Ferrari,44,39,90.255,Soft,0,4,311.8,27.979,34.297,27.979
Saudi Arabian GP,Lewis Hamilton,Scuderia Ferrari,44,40,89.65,Medium,0,3,314.5,27.792,34.067,27.792
Saudi Arabian GP,Lewis Hamilton,Scuderia Ferrari,44,41,90.543,Medium,0,3,329.4,28.068,34.406,28.068
Saudi Arabian GP,Lewis Hamilton,Scuderia Ferrari,44,42,90.64,Soft,0,4,347.2,28.098,34.443,28.098
Saudi Arabian GP,Lewis Hamilton,Scuderia Ferrari,44,43,90.477,Hard,0,1,335.1,28.048,34.381,28.048
Saudi Arabian GP,Lewis Hamilton,Scuderia Ferrari,44,44,89.847,Medium,1,3,345.0,27.853,34.142,27.853
Saudi Arabian GP,Lewis Hamilton,Scuderia Ferrari,44,45,89.876,Hard,0,2,332.6,27.862,34.153,27.862
Saudi Arabian GP,Lewis Hamilton,Scuderia Ferrari,44,46,89.727,Hard,0,2,345.0,27.815,34.096,27.815
Saudi Arabian GP,Lewis Hamilton,Scuderia Ferrari,44,47,91.008,Soft,0,2,312.5,28.212,34.583,28.212
Saudi Arabian GP,Lewis Hamilton,Scuderia Ferrari,44,48,90.3,Soft,0,3,337.1,27.993,34.314,27.993
Saudi Arabian GP,Lewis Hamilton,Scuderia Ferrari,44,49,90.393,Hard,0,2,303.4,28.022,34.349,28.022
Saudi Arabian GP,Lewis Hamilton,Scuderia Ferrari,44,50,89.565,Hard,0,5,328.3,27.765,34.035,27.765
Saudi Arabian GP,Lewis Hamilton,Scuderia Ferrari,44,51,89.701,Soft,0,1,332.8,27.807,34.086,27.807
Saudi Arabian GP,Lewis Hamilton,Scuderia Ferrari,44,52,90.429,Medium,0,2,305.1,28.033,34.363,28.033
Saudi Arabian GP,Lewis Hamilton,Scuderia Ferrari,44,53,90.055,Soft,0,2,317.5,27.917,34.221,27.917
Saudi Arabian GP,Lewis Hamilton,Scuderia Ferrari,44,54,90.565,Soft,0,5,336.7,28.075,34.415,28.075
Saudi Arabian GP,Lewis Hamilton,Scuderia Ferrari,44,55,90.29,Medium,0,3,332.8,27.99,34.31,27.99
Saudi Arabian GP,Lewis Hamilton,Scuderia Ferrari,44,56,90.691,Hard,0,5,334.6,28.114,34.463,28.114
Saudi Arabian GP,Lewis Hamilton,Scuderia Ferrari,44,57,90.102,Medium,0,1,330.3,27.932,34.239,27.932
Saudi Arabian GP,Lewis Hamilton,Scuderia Ferrari,44,58,89.982,Hard,0,3,343.3,27.894,34.193,27.894
Saudi Arabian GP,Lewis Hamilton,Scuderia Ferrari,44,59,90.054,Hard,0,4,316.3,27.917,34.221,27.917
Saudi Arabian GP,Lewis Hamilton,Scuderia Ferrari,44,60,89.902,Hard,0,3,320.4,27.87,34.163,27.87
Saudi Arabian GP,Lewis Hamilton,Scuderia Ferrari,44,61,90.288,Hard,0,5,320.5,27.989,34.309,27.989
Saudi Arabian GP,Lewis Hamilton,Scuderia Ferrari,44,62,89.826,Soft,0,1,302.4,27.846,34.134,27.846
Saudi Arabian GP,Lewis Hamilton,Scuderia Ferrari,44,63,89.437,Medium,1,5,343.5,27.725,33.986,27.725
Saudi Arabian GP,Lewis Hamilton,Scuderia Ferrari,44,64,90.194,Intermediate,0,7,334.5,27.96,34.274,27.96
Saudi Arabian GP,Lewis Hamilton,Scuderia Ferrari,44,65,90.121,Medium,0,2,323.8,27.938,34.246,27.938
Saudi Arabian GP,Lewis Hamilton,Scuderia Ferrari,44,66,90.631,Medium,0,2,315.8,28.096,34.44,28.096
Saudi Arabian GP,Lewis Hamilton,Scuderia Ferrari,44,67,89.593,Medium,0,5,303.9,27.774,34.045,27.774
Saudi Arabian GP,Lewis Hamilton,Scuderia Ferrari,44,68,90.156,Medium,0,6,335.2,27.948,34.259,27.948
Saudi Arabian GP,Lando Norris,McLaren,4,1,89.011,Soft,0,2,295.7,27.593,33.824,27.593
Saudi Arabian GP,Lando Norris,McLaren,4,2,89.481,Soft,0,3,308.1,27.739,34.003,27.739
Saudi Arabian GP,Lando Norris,McLaren,4,3,89.379,Medium,0,3,308.5,27.707,33.964,27.707
Saudi Arabian GP,Lando Norris,McLaren,4,4,89.538,Hard,0,1,305.2,27.757,34.024,27.757
Saudi Arabian GP,Lando Norris,McLaren,4,5,89.051,Hard,0,2,313.2,27.606,33.839,27.606
Saudi Arabian GP,Lando Norris,McLaren,4,6,89.352,Soft,0,1,328.6,27.699,33.954,27.699
Saudi Arabian GP,Lando Norris,McLaren,4,7,89.888,Medium,0,2,300.1,27.865,34.157,27.865
Saudi Arabian GP,Lando Norris,McLaren,4,8,89.921,Hard,0,3,341.4,27.876,34.17,27.876
Saudi Arabian GP,Lando Norris,McLaren,4,9,89.17,Hard,0,4,313.1,27.643,33.885,27.643
Saudi Arabian GP,Lando Norris,McLaren,4,10,89.819,Medium,0,7,326.4,27.844,34.131,27.844
Saudi Arabian GP,Lando Norris,McLaren,4,11,89.824,Intermediate,0,2,318.5,27.845,34.133,27.845
Saudi Arabian GP,Lando Norris,McLaren,4,12,89.655,Medium,0,5,328.8,27.793,34.069,27.793
Saudi Arabian GP,Lando Norris,McLaren,4,13,89.831,Medium,0,3,343.6,27.848,34.136,27.848
Saudi Arabian GP,Lando Norris,McLaren,4,14,90.283,Soft,0,3,320.6,27.988,34.308,27.988
Saudi Arabian GP,Lando Norris,McLaren,4,15,89.555,Medium,0,5,317.8,27.762,34.031,27.762
Saudi Arabian GP,Lando Norris,McLaren,4,16,90.0,Soft,0,1,333.0,27.9,34.2,27.9
Saudi Arabian GP,Lando Norris,McLaren,4,17,89.747,Medium,0,4,337.2,27.822,34.104,27.822
Saudi Arabian GP,Lando Norris,McLaren,4,18,89.207,Hard,1,4,340.8,27.654,33.899,27.654
Saudi Arabian GP,Lando Norris,McLaren,4,19,89.582,Hard,0,4,338.8,27.77,34.041,27.77
Saudi Arabian GP,Lando Norris,McLaren,4,20,89.518,Hard,0,4,344.3,27.751,34.017,27.751
Saudi Arabian GP,Lando Norris,McLaren,4,21,89.984,Hard,0,8,311.5,27.895,34.194,27.895
Saudi Arabian GP,Lando Norris,McLaren,4,22,89.471,Medium,0,2,339.0,27.736,33.999,27.736
Saudi Arabian GP,Lando Norris,McLaren,4,23,89.291,Hard,1,2,349.1,27.68,33.931,27.68
Saudi Arabian GP,Lando Norris,McLaren,4,24,89.364,Medium,0,2,333.8,27.703,33.958,27.703
Saudi Arabian GP,Lando Norris,McLaren,4,25,89.138,Soft,0,2,315.4,27.633,33.872,27.633
Saudi Arabian GP,Lando Norris,McLaren,4,26,89.201,Soft,0,2,337.8,27.652,33.896,27.652
Saudi Arabian GP,Lando Norris,McLaren,4,27,89.124,Medium,0,6,303.5,27.628,33.867,27.628
Saudi Arabian GP,Lando Norris,McLaren,4,28,89.712,Medium,0,6,302.9,27.811,34.091,27.811
Saudi Arabian GP,Lando Norris,McLaren,4,29,90.185,Hard,0,2,306.3,27.957,34.27,27.957
Saudi Arabian GP,Lando Norris,McLaren,4,30,89.913,Medium,0,2,312.1,27.873,34.167,27.873
Saudi Arabian GP,Lando Norris,McLaren,4,31,89.92,Soft,0,4,343.9,27.875,34.17,27.875
Saudi Arabian GP,Lando Norris,McLaren,4,32,89.884,Medium,0,2,330.1,27.864,34.156,27.864
Saudi Arabian GP,Lando Norris,McLaren,4,33,89.294,Soft,0,5,337.5,27.681,33.932,27.681
Saudi Arabian GP,Lando Norris,McLaren,4,34,89.314,Soft,0,4,323.3,27.687,33.939,27.687
Saudi Arabian GP,Lando Norris,McLaren,4,35,89.783,Soft,0,1,326.6,27.833,34.118,27.833
Saudi Arabian GP,Lando Norris,McLaren,4,36,89.674,Medium,0,7,297.8,27.799,34.076,27.799
Saudi Arabian GP,Lando Norris,McLaren,4,37,89.71,Soft,0,7,299.7,27.81,34.09,27.81
Saudi Arabian GP,Lando Norris,McLaren,4,38,89.631,Medium,0,2,328.9,27.786,34.06,27.786
Saudi Arabian GP,Lando Norris,McLaren,4,39,89.364,Hard,0,3,299.3,27.703,33.958,27.703
Saudi Arabian GP,Lando Norris,McLaren,4,40,89.256,Hard,0,4,300.3,27.669,33.917,27.669
Saudi Arabian GP,Lando Norris,McLaren,4,41,90.095,Medium,0,4,347.1,27.929,34.236,27.929
Saudi Arabian GP,Lando Norris,McLaren,4,42,89.626,Intermediate,0,5,305.1,27.784,34.058,27.784
Saudi Arabian GP,Lando Norris,McLaren,4,43,90.354,Medium,0,8,298.6,28.01,34.335,28.01
Saudi Arabian GP,Lando Norris,McLaren,4,44,89.492,Soft,0,3,328.2,27.743,34.007,27.743
Saudi Arabian GP,Lando Norris,McLaren,4,45,89.448,Hard,0,2,312.9,27.729,33.99,27.729
Saudi Arabian GP,Lando Norris,McLaren,4,46,89.804,Medium,0,1,308.1,27.839,34.126,27.839
Saudi Arabian GP,Lando Norris,McLaren,4,47,89.919,Medium,0,2,306.5,27.875,34.169,27.875
Saudi Arabian GP,Lando Norris,McLaren,4,48,89.972,Hard,0,3,333.2,27.891,34.189,27.891
Saudi Arabian GP,Lando Norris,McLaren,4,49,89.213,Intermediate,0,7,301.3,27.656,33.901,27.656
Saudi Arabian GP,Lando Norris,McLaren,4,50,89.379,Medium,0,2,347.6,27.707,33.964,27.707
Saudi Arabian GP,Lando Norris,McLaren,4,51,89.552,Medium,0,4,313.0,27.761,34.03,27.761
Saudi Arabian GP,Lando Norris,McLaren,4,52,89.734,Hard,0,3,336.6,27.818,34.099,27.818
Saudi Arabian GP,Lando Norris,McLaren,4,53,89.511,Medium,0,6,305.8,27.748,34.014,27.748
Saudi Arabian GP,Lando Norris,McLaren,4,54,89.736,Hard,0,9,334.5,27.818,34.1,27.818
Saudi Arabian GP,Lando Norris,McLaren,4,55,89.568,Medium,0,2,317.2,27.766,34.036,27.766
Saudi Arabian GP,Lando Norris,McLaren,4,56,89.569,Intermediate,0,3,295.0,27.766,34.036,27.766
Saudi Arabian GP,Lando Norris,McLaren,4,57,89.215,Soft,0,6,333.6,27.657,33.902,27.657
Saudi Arabian GP,Lando Norris,McLaren,4,58,89.693,Medium,0,5,325.0,27.805,34.083,27.805
Saudi Arabian GP,Lando Norris,McLaren,4,59,89.515,Medium,0,7,341.2,27.75,34.016,27.75
Saudi Arabian GP,Lando Norris,McLaren,4,60,89.795,Soft,0,5,298.9,27.836,34.122,27.836
Saudi Arabian GP,Lando Norris,McLaren,4,61,89.765,Hard,0,3,299.7,27.827,34.111,27.827
Saudi Arabian GP,Lando Norris,McLaren,4,62,89.975,Hard,0,5,329.3,27.892,34.191,27.892
Saudi Arabian GP,Lando Norris,McLaren,4,63,89.545,Medium,0,6,307.4,27.759,34.027,27.759
Saudi Arabian GP,Lando Norris,McLaren,4,64,89.669,Hard,0,5,334.2,27.797,34.074,27.797
Saudi Arabian GP,Lando Norris,McLaren,4,65,89.836,Medium,0,5,326.2,27.849,34.138,27.849
Saudi Arabian GP,Lando Norris,McLaren,4,66,89.535,Hard,0,6,335.2,27.756,34.023,27.756
Saudi Arabian GP,Oscar Piastri,McLaren,81,1,91.438,Hard,0,7,308.5,28.346,34.746,28.346
Saudi Arabian GP,Oscar Piastri,McLaren,81,2,91.936,Medium,0,7,344.7,28.5,34.936,28.5
Saudi Arabian GP,Oscar Piastri,McLaren,81,3,91.921,Medium,0,6,318.2,28.496,34.93,28.496
Saudi Arabian GP,Oscar Piastri,McLaren,81,4,91.446,Intermediate,0,4,335.0,28.348,34.749,28.348
Saudi Arabian GP,Oscar Piastri,McLaren,81,5,91.868,Soft,0,5,331.1,28.479,34.91,28.479
Saudi Arabian GP,Oscar Piastri,McLaren,81,6,92.166,Soft,0,7,302.0,28.571,35.023,28.571
Saudi Arabian GP,Oscar Piastri,McLaren,81,7,91.863,Soft,0,3,310.1,28.478,34.908,28.478
Saudi Arabian GP,Oscar Piastri,McLaren,81,8,91.531,Soft,0,5,331.3,28.375,34.782,28.375
Saudi Arabian GP,Oscar Piastri,McLaren,81,9,91.905,Hard,0,4,304.9,28.491,34.924,28.491
Saudi Arabian GP,Oscar Piastri,McLaren,81,10,91.623,Soft,0,5,341.1,28.403,34.817,28.403
Saudi Arabian GP,Oscar Piastri,McLaren,81,11,91.938,Medium,0,7,306.6,28.501,34.936,28.501
Saudi Arabian GP,Oscar Piastri,McLaren,81,12,91.74,Hard,0,5,304.2,28.439,34.861,28.439
Saudi Arabian GP,Oscar Piastri,McLaren,81,13,92.128,Intermediate,0,5,307.9,28.56,35.009,28.56
Saudi Arabian GP,Oscar Piastri,McLaren,81,14,91.821,Hard,0,2,310.9,28.465,34.892,28.465
Saudi Arabian GP,Oscar Piastri,McLaren,81,15,91.974,Medium,0,6,300.4,28.512,34.95,28.512
Saudi Arabian GP,Oscar Piastri,McLaren,81,16,92.387,Intermediate,0,6,313.4,28.64,35.107,28.64
Saudi Arabian GP,Oscar Piastri,McLaren,81,17,92.171,Medium,0,9,337.5,28.573,35.025,28.573
Saudi Arabian GP,Oscar Piastri,McLaren,81,18,92.501,Soft,0,4,332.3,28.675,35.15,28.675
Saudi Arabian GP,Oscar Piastri,McLaren,81,19,91.715,Soft,1,5,295.7,28.432,34.852,28.432
Saudi Arabian GP,Oscar Piastri,McLaren,81,20,92.073,Medium,0,5,308.9,28.543,34.988,28.543
Saudi Arabian GP,Oscar Piastri,McLaren,81,21,91.482,Intermediate,1,8,347.3,28.359,34.763,28.359
Saudi Arabian GP,Oscar Piastri,McLaren,81,22,91.581,Hard,0,4,315.7,28.39,34.801,28.39
Saudi Arabian GP,Oscar Piastri,McLaren,81,23,92.142,Soft,0,5,331.3,28.564,35.014,28.564
Saudi Arabian GP,Oscar Piastri,McLaren,81,24,92.463,Soft,1,6,333.1,28.664,35.136,28.664
Saudi Arabian GP,Oscar Piastri,McLaren,81,25,92.117,Soft,0,5,316.1,28.556,35.004,28.556
Saudi Arabian GP,Oscar Piastri,McLaren,81,26,91.634,Hard,0,4,319.2,28.407,34.821,28.407
Saudi Arabian GP,Oscar Piastri,McLaren,81,27,92.6,Medium,0,5,301.0,28.706,35.188,28.706
Saudi Arabian GP,Oscar Piastri,McLaren,81,28,91.979,Intermediate,0,7,300.7,28.513,34.952,28.513
Saudi Arabian GP,Oscar Piastri,McLaren,81,29,92.209,Hard,0,2,344.3,28.585,35.039,28.585
Saudi Arabian GP,Oscar Piastri,McLaren,81,30,91.662,Soft,0,5,309.7,28.415,34.832,28.415
Saudi Arabian GP,Oscar Piastri,McLaren,81,31,92.134,Medium,0,3,321.3,28.562,35.011,28.562
Saudi Arabian GP,Oscar Piastri,McLaren,81,32,92.294,Hard,0,7,307.4,28.611,35.072,28.611
Saudi Arabian GP,Oscar Piastri,McLaren,81,33,92.386,Medium,0,1,346.4,28.64,35.107,28.64
Saudi Arabian GP,Oscar Piastri,McLaren,81,34,91.799,Soft,0,3,315.1,28.458,34.884,28.458
Saudi Arabian GP,Oscar Piastri,McLaren,81,35,91.92,Hard,0,5,304.7,28.495,34.93,28.495
Saudi Arabian GP,Oscar Piastri,McLaren,81,36,92.153,Soft,0,8,344.3,28.567,35.018,28.567
Saudi Arabian GP,Oscar Piastri,McLaren,81,37,92.492,Medium,0,4,302.7,28.673,35.147,28.673
Saudi Arabian GP,Oscar Piastri,McLaren,81,38,92.515,Soft,0,3,298.5,28.68,35.156,28.68
Saudi Arabian GP,Oscar Piastri,McLaren,81,39,92.676,Hard,0,8,297.0,28.73,35.217,28.73
Saudi Arabian GP,Oscar Piastri,McLaren,81,40,92.218,Medium,0,2,339.4,28.588,35.043,28.588
Saudi Arabian GP,Oscar Piastri,McLaren,81,41,92.665,Medium,0,1,345.9,28.726,35.213,28.726
Saudi Arabian GP,Oscar Piastri,McLaren,81,42,92.146,Soft,0,5,308.3,28.565,35.015,28.565
Saudi Arabian GP,Oscar Piastri,McLaren,81,43,92.021,Intermediate,0,3,320.1,28.527,34.968,28.527
Saudi Arabian GP,Oscar Piastri,McLaren,81,44,91.54,Hard,0,2,322.3,28.377,34.785,28.377
Saudi Arabian GP,Oscar Piastri,McLaren,81,45,91.551,Medium,0,6,312.8,28.381,34.789,28.381
Saudi Arabian GP,Oscar Piastri,McLaren,81,46,92.458,Soft,0,5,327.6,28.662,35.134,28.662
Saudi Arabian GP,Oscar Piastri,McLaren,81,47,91.872,Hard,0,3,333.3,28.48,34.911,28.48
Saudi Arabian GP,Oscar Piastri,McLaren,81,48,92.447,Soft,0,2,338.5,28.659,35.13,28.659
Saudi Arabian GP,Oscar Piastri,McLaren,81,49,92.085,Medium,0,6,295.4,28.546,34.992,28.546
Saudi Arabian GP,Oscar Piastri,McLaren,81,50,92.429,Soft,1,6,333.1,28.653,35.123,28.653
Saudi Arabian GP,Oscar Piastri,McLaren,81,51,91.736,Medium,0,4,346.6,28.438,34.86,28.438
Saudi Arabian GP,Oscar Piastri,McLaren,81,52,92.165,Medium,0,8,329.5,28.571,35.023,28.571
Saudi Arabian GP,Oscar Piastri,McLaren,81,53,91.443,Soft,0,2,349.3,28.347,34.748,28.347
Saudi Arabian GP,Oscar Piastri,McLaren,81,54,92.199,Wet,0,1,307.1,28.582,35.036,28.582
Saudi Arabian GP,Oscar Piastri,McLaren,81,55,91.768,Hard,0,3,322.4,28.448,34.872,28.448
Saudi Arabian GP,Oscar Piastri,McLaren,81,56,91.861,Medium,0,4,306.5,28.477,34.907,28.477
Saudi Arabian GP,Oscar Piastri,McLaren,81,57,92.362,Hard,0,5,300.7,28.632,35.098,28.632
Saudi Arabian GP,Oscar Piastri,McLaren,81,58,91.889,Hard,0,4,323.3,28.486,34.918,28.486
Saudi Arabian GP,Oscar Piastri,McLaren,81,59,92.352,Medium,0,5,318.0,28.629,35.094,28.629
Saudi Arabian GP,Oscar Piastri,McLaren,81,60,91.615,Soft,0,2,335.6,28.401,34.814,28.401
Saudi Arabian GP,Oscar Piastri,McLaren,81,61,91.961,Medium,0,7,298.0,28.508,34.945,28.508
Saudi Arabian GP,Oscar Piastri,McLaren,81,62,92.35,Medium,0,4,315.5,28.628,35.093,28.628
Saudi Arabian GP,Oscar Piastri,McLaren,81,63,92.126,Wet,1,7,313.5,28.559,35.008,28.559
Saudi Arabian GP,Oscar Piastri,McLaren,81,64,91.396,Soft,0,5,320.2,28.333,34.73,28.333
Saudi Arabian GP,Oscar Piastri,McLaren,81,65,91.72,Soft,0,5,338.4,28.433,34.854,28.433
Saudi Arabian GP,Oscar Piastri,McLaren,81,66,92.053,Soft,0,6,342.1,28.536,34.98,28.536
Saudi Arabian GP,Oscar Piastri,McLaren,81,67,91.804,Medium,0,5,310.4,28.459,34.886,28.459
Saudi Arabian GP,Oscar Piastri,McLaren,81,68,91.968,Medium,0,6,344.1,28.51,34.948,28.51
Saudi Arabian GP,George Russell,Mercedes-AMG,63,1,91.141,Wet,0,8,296.8,28.254,34.634,28.254
Saudi Arabian GP,George Russell,Mercedes-AMG,63,2,91.921,Hard,0,6,322.2,28.496,34.93,28.496
Saudi Arabian GP,George Russell,Mercedes-AMG,63,3,91.167,Hard,0,7,302.3,28.262,34.643,28.262
Saudi Arabian GP,George Russell,Mercedes-AMG,63,4,92.142,Soft,0,5,303.9,28.564,35.014,28.564
Saudi Arabian GP,George Russell,Mercedes-AMG,63,5,92.001,Soft,0,8,320.5,28.52,34.96,28.52
Saudi Arabian GP,George Russell,Mercedes-AMG,63,6,91.697,Hard,0,4,329.5,28.426,34.845,28.426
Saudi Arabian GP,George Russell,Mercedes-AMG,63,7,91.396,Hard,0,9,324.2,28.333,34.73,28.333
Saudi Arabian GP,George Russell,Mercedes-AMG,63,8,91.527,Intermediate,0,5,326.6,28.373,34.78,28.373
Saudi Arabian GP,George Russell,Mercedes-AMG,63,9,91.458,Hard,0,3,323.3,28.352,34.754,28.352
Saudi Arabian GP,George Russell,Mercedes-AMG,63,10,91.552,Medium,0,6,315.1,28.381,34.79,28.381
Saudi Arabian GP,George Russell,Mercedes-AMG,63,11,92.103,Medium,0,4,302.6,28.552,34.999,28.552
Saudi Arabian GP,George Russell,Mercedes-AMG,63,12,91.394,Medium,0,7,336.4,28.332,34.73,28.332
Saudi Arabian GP,George Russell,Mercedes-AMG,63,13,92.227,Medium,0,4,310.2,28.59,35.046,28.59
Saudi Arabian GP,George Russell,Mercedes-AMG,63,14,91.824,Medium,0,5,320.9,28.465,34.893,28.465
Saudi Arabian GP,George Russell,Mercedes-AMG,63,15,91.796,Hard,0,2,305.4,28.457,34.882,28.457
Saudi Arabian GP,George Russell,Mercedes-AMG,63,16,91.667,Soft,0,5,301.0,28.417,34.833,28.417
Saudi Arabian GP,George Russell,Mercedes-AMG,63,17,91.45,Soft,0,1,323.6,28.349,34.751,28.349
Saudi Arabian GP,George Russell,Mercedes-AMG,63,18,92.101,Medium,0,2,321.1,28.551,34.998,28.551
Saudi Arabian GP,George Russell,Mercedes-AMG,63,19,92.162,Soft,1,7,296.2,28.57,35.022,28.57
Saudi Arabian GP,George Russell,Mercedes-AMG,63,20,92.295,Medium,0,7,331.1,28.611,35.072,28.611
Saudi Arabian GP,George Russell,Mercedes-AMG,63,21,92.257,Medium,0,6,319.5,28.6,35.058,28.6
Saudi Arabian GP,George Russell,Mercedes-AMG,63,22,92.567,Medium,1,4,307.5,28.696,35.175,28.696
Saudi Arabian GP,George Russell,Mercedes-AMG,63,23,92.744,Soft,1,5,310.6,28.751,35.243,28.751
Saudi Arabian GP,George Russell,Mercedes-AMG,63,24,91.35,Medium,0,5,348.5,28.318,34.713,28.318
Saudi Arabian GP,George Russell,Mercedes-AMG,63,25,91.28,Wet,0,3,319.2,28.297,34.686,28.297
Saudi Arabian GP,George Russell,Mercedes-AMG,63,26,91.637,Soft,0,9,348.8,28.407,34.822,28.407
Saudi Arabian GP,George Russell,Mercedes-AMG,63,27,91.784,Soft,0,7,301.7,28.453,34.878,28.453
Saudi Arabian GP,George Russell,Mercedes-AMG,63,28,91.862,Soft,0,5,346.0,28.477,34.908,28.477
Saudi Arabian GP,George Russell,Mercedes-AMG,63,29,91.914,Wet,0,6,330.6,28.493,34.927,28.493
Saudi Arabian GP,George Russell,Mercedes-AMG,63,30,91.51,Intermediate,0,6,339.0,28.368,34.774,28.368
Saudi Arabian GP,George Russell,Mercedes-AMG,63,31,91.227,Medium,0,1,302.7,28.28,34.666,28.28
Saudi Arabian GP,George Russell,Mercedes-AMG,63,32,91.746,Hard,0,5,314.7,28.441,34.863,28.441
Saudi Arabian GP,George Russell,Mercedes-AMG,63,33,91.809,Medium,0,4,338.0,28.461,34.887,28.461
Saudi Arabian GP,George Russell,Mercedes-AMG,63,34,91.333,Hard,0,3,348.7,28.313,34.707,28.313
Saudi Arabian GP,George Russell,Mercedes-AMG,63,35,91.519,Medium,0,5,345.0,28.371,34.777,28.371
Saudi Arabian GP,George Russell,Mercedes-AMG,63,36,92.01,Medium,0,9,315.5,28.523,34.964,28.523
Saudi Arabian GP,George Russell,Mercedes-AMG,63,37,91.647,Medium,0,7,299.8,28.411,34.826,28.411
Saudi Arabian GP,George Russell,Mercedes-AMG,63,38,91.78,Medium,0,4,339.3,28.452,34.876,28.452
Saudi Arabian GP,George Russell,Mercedes-AMG,63,39,91.839,Hard,0,7,302.9,28.47,34.899,28.47
Saudi Arabian GP,George Russell,Mercedes-AMG,63,40,92.33,Wet,0,8,346.3,28.622,35.085,28.622
Saudi Arabian GP,George Russell,Mercedes-AMG,63,41,91.661,Intermediate,0,7,304.6,28.415,34.831,28.415
Saudi Arabian GP,George Russell,Mercedes-AMG,63,42,92.237,Soft,0,6,340.8,28.593,35.05,28.593
Saudi Arabian GP,George Russell,Mercedes-AMG,63,43,91.622,Hard,0,4,322.2,28.403,34.816,28.403
Saudi Arabian GP,George Russell,Mercedes-AMG,63,44,92.117,Soft,1,7,347.6,28.556,35.004,28.556
Saudi Arabian GP,George Russell,Mercedes-AMG,63,45,91.946,Soft,0,6,322.1,28.503,34.939,28.503
Saudi Arabian GP,George Russell,Mercedes-AMG,63,46,91.861,Medium,0,7,327.9,28.477,34.907,28.477
Saudi Arabian GP,George Russell,Mercedes-AMG,63,47,92.216,Hard,0,7,348.6,28.587,35.042,28.587
Saudi Arabian GP,George Russell,Mercedes-AMG,63,48,92.062,Soft,0,8,304.0,28.539,34.984,28.539
Saudi Arabian GP,George Russell,Mercedes-AMG,63,49,91.55,Hard,0,4,304.0,28.38,34.789,28.38
Saudi Arabian GP,George Russell,Mercedes-AMG,63,50,91.794,Intermediate,0,8,310.9,28.456,34.882,28.456
Saudi Arabian GP,George Russell,Mercedes-AMG,63,51,91.841,Soft,0,6,327.9,28.471,34.9,28.471
Saudi Arabian GP,George Russell,Mercedes-AMG,63,52,92.263,Hard,0,10,309.9,28.602,35.06,28.602
Saudi Arabian GP,George Russell,Mercedes-AMG,63,53,91.667,Hard,0,4,302.5,28.417,34.833,28.417
Saudi Arabian GP,George Russell,Mercedes-AMG,63,54,91.687,Medium,0,9,300.6,28.423,34.841,28.423
Saudi Arabian GP,George Russell,Mercedes-AMG,63,55,92.333,Hard,0,6,328.7,28.623,35.087,28.623
Saudi Arabian GP,George Russell,Mercedes-AMG,63,56,92.036,Soft,0,4,345.8,28.531,34.974,28.531
Saudi Arabian GP,George Russell,Mercedes-AMG,63,57,92.318,Soft,0,5,343.9,28.619,35.081,28.619
Saudi Arabian GP,George Russell,Mercedes-AMG,63,58,91.501,Hard,0,5,307.2,28.365,34.77,28.365
Saudi Arabian GP,George Russell,Mercedes-AMG,63,59,91.443,Soft,0,6,318.4,28.347,34.748,28.347
Saudi Arabian GP,George Russell,Mercedes-AMG,63,60,91.923,Hard,0,7,305.8,28.496,34.931,28.496
Saudi Arabian GP,George Russell,Mercedes-AMG,63,61,92.027,Soft,0,4,345.0,28.528,34.97,28.528
Saudi Arabian GP,George Russell,Mercedes-AMG,63,62,91.91,Hard,0,5,345.6,28.492,34.926,28.492
Saudi Arabian GP,George Russell,Mercedes-AMG,63,63,91.275,Hard,0,10,300.0,28.295,34.684,28.295
Saudi Arabian GP,George Russell,Mercedes-AMG,63,64,92.115,Soft,0,9,337.9,28.556,35.004,28.556
Saudi Arabian GP,George Russell,Mercedes-AMG,63,65,91.671,Hard,0,6,324.1,28.418,34.835,28.418
Saudi Arabian GP,George Russell,Mercedes-AMG,63,66,91.363,Hard,0,6,348.5,28.323,34.718,28.323
Saudi Arabian GP,George Russell,Mercedes-AMG,63,67,92.485,Hard,0,6,315.2,28.67,35.144,28.67
Saudi Arabian GP,George Russell,Mercedes-AMG,63,68,92.218,Soft,0,7,349.0,28.588,35.043,28.588
Saudi Arabian GP,George Russell,Mercedes-AMG,63,69,91.516,Soft,1,3,301.8,28.37,34.776,28.37
Saudi Arabian GP,George Russell,Mercedes-AMG,63,70,91.98,Medium,0,5,325.6,28.514,34.952,28.514
Saudi Arabian GP,Fernando Alonso,Aston Martin,14,1,91.715,Medium,0,3,332.8,28.432,34.852,28.432
Saudi Arabian GP,Fernando Alonso,Aston Martin,14,2,91.859,Wet,0,7,305.4,28.476,34.906,28.476
Saudi Arabian GP,Fernando Alonso,Aston Martin,14,3,92.331,Intermediate,0,8,304.9,28.623,35.086,28.623
Saudi Arabian GP,Fernando Alonso,Aston Martin,14,4,91.935,Medium,0,6,301.6,28.5,34.935,28.5
Saudi Arabian GP,Fernando Alonso,Aston Martin,14,5,92.119,Soft,0,10,298.6,28.557,35.005,28.557
Saudi Arabian GP,Fernando Alonso,Aston Martin,14,6,92.134,Wet,0,4,307.8,28.562,35.011,28.562
Saudi Arabian GP,Fernando Alonso,Aston Martin,14,7,91.919,Hard,0,4,336.6,28.495,34.929,28.495
Saudi Arabian GP,Fernando Alonso,Aston Martin,14,8,92.25,Intermediate,0,7,323.1,28.598,35.055,28.598
Saudi Arabian GP,Fernando Alonso,Aston Martin,14,9,91.823,Soft,0,9,307.7,28.465,34.893,28.465
Saudi Arabian GP,Fernando Alonso,Aston Martin,14,10,92.265,Hard,0,10,332.3,28.602,35.061,28.602
Saudi Arabian GP,Fernando Alonso,Aston Martin,14,11,92.334,Soft,0,6,336.8,28.624,35.087,28.624
Saudi Arabian GP,Fernando Alonso,Aston Martin,14,12,92.025,Hard,0,9,322.8,28.528,34.97,28.528
Saudi Arabian GP,Fernando Alonso,Aston Martin,14,13,92.404,Soft,0,6,349.5,28.645,35.114,28.645
Saudi Arabian GP,Fernando Alonso,Aston Martin,14,14,92.034,Medium,0,6,297.0,28.531,34.973,28.531
Saudi Arabian GP,Fernando Alonso,Aston Martin,14,15,92.679,Medium,0,8,322.0,28.73,35.218,28.73
Saudi Arabian GP,Fernando Alonso,Aston Martin,14,16,92.117,Hard,0,8,331.3,28.556,35.004,28.556
Saudi Arabian GP,Fernando Alonso,Aston Martin,14,17,92.685,Medium,0,3,309.5,28.732,35.22,28.732
Saudi Arabian GP,Fernando Alonso,Aston Martin,14,18,92.284,Wet,0,9,298.4,28.608,35.068,28.608
Saudi Arabian GP,Fernando Alonso,Aston Martin,14,19,91.826,Hard,0,9,337.1,28.466,34.894,28.466
Saudi Arabian GP,Fernando Alonso,Aston Martin,14,20,92.275,Wet,0,5,314.3,28.605,35.065,28.605
Saudi Arabian GP,Fernando Alonso,Aston Martin,14,21,92.432,Medium,0,7,342.8,28.654,35.124,28.654
Saudi Arabian GP,Fernando Alonso,Aston Martin,14,22,91.518,Medium,0,7,331.2,28.371,34.777,28.371
Saudi Arabian GP,Fernando Alonso,Aston Martin,14,23,92.941,Soft,0,7,327.3,28.812,35.318,28.812
Saudi Arabian GP,Fernando Alonso,Aston Martin,14,24,92.32,Medium,0,5,300.5,28.619,35.082,28.619
Saudi Arabian GP,Fernando Alonso,Aston Martin,14,25,92.001,Hard,0,5,304.2,28.52,34.96,28.52
Saudi Arabian GP,Fernando Alonso,Aston Martin,14,26,91.896,Medium,0,6,341.2,28.488,34.92,28.488
Saudi Arabian GP,Fernando Alonso,Aston Martin,14,27,91.577,Wet,0,9,339.3,28.389,34.799,28.389
Saudi Arabian GP,Fernando Alonso,Aston Martin,14,28,92.343,Medium,0,8,298.7,28.626,35.09,28.626
Saudi Arabian GP,Fernando Alonso,Aston Martin,14,29,92.427,Soft,0,6,322.8,28.652,35.122,28.652
Saudi Arabian GP,Fernando Alonso,Aston Martin,14,30,92.096,Soft,0,8,308.8,28.55,34.996,28.55
Saudi Arabian GP,Fernando Alonso,Aston Martin,14,31,92.026,Hard,0,1,342.4,28.528,34.97,28.528
Saudi Arabian GP,Fernando Alonso,Aston Martin,14,32,92.413,Hard,0,9,309.7,28.648,35.117,28.648
Saudi Arabian GP,Fernando Alonso,Aston Martin,14,33,92.335,Soft,0,3,315.0,28.624,35.087,28.624
Saudi Arabian GP,Fernando Alonso,Aston Martin,14,34,92.423,Hard,0,6,317.6,28.651,35.121,28.651
Saudi Arabian GP,Fernando Alonso,Aston Martin,14,35,92.293,Soft,0,4,330.5,28.611,35.071,28.611
Saudi Arabian GP,Fernando Alonso,Aston Martin,14,36,92.052,Soft,0,4,305.6,28.536,34.98,28.536
Saudi Arabian GP,Fernando Alonso,Aston Martin,14,37,92.237,Medium,0,9,318.2,28.593,35.05,28.593
Saudi Arabian GP,Fernando Alonso,Aston Martin,14,38,91.787,Soft,0,6,331.2,28.454,34.879,28.454
Saudi Arabian GP,Fernando Alonso,Aston Martin,14,39,92.018,Hard,0,7,298.0,28.526,34.967,28.526
Saudi Arabian GP,Fernando Alonso,Aston Martin,14,40,91.833,Soft,0,6,344.3,28.468,34.897,28.468
Saudi Arabian GP,Fernando Alonso,Aston Martin,14,41,92.411,Hard,0,7,301.2,28.647,35.116,28.647
Saudi Arabian GP,Fernando Alonso,Aston Martin,14,42,92.401,Intermediate,0,7,308.8,28.644,35.112,28.644
Saudi Arabian GP,Fernando Alonso,Aston Martin,14,43,91.695,Hard,0,4,340.8,28.425,34.844,28.425
Saudi Arabian GP,Fernando Alonso,Aston Martin,14,44,92.743,Intermediate,0,8,302.9,28.75,35.242,28.75
Saudi Arabian GP,Fernando Alonso,Aston Martin,14,45,91.775,Medium,0,6,322.0,28.45,34.875,28.45
Saudi Arabian GP,Fernando Alonso,Aston Martin,14,46,92.151,Medium,0,3,332.6,28.567,35.017,28.567
Saudi Arabian GP,Fernando Alonso,Aston Martin,14,47,92.391,Medium,0,6,340.2,28.641,35.109,28.641
Saudi Arabian GP,Fernando Alonso,Aston Martin,14,48,92.411,Soft,0,10,333.0,28.647,35.116,28.647
Saudi Arabian GP,Fernando Alonso,Aston Martin,14,49,91.891,Medium,0,8,344.7,28.486,34.919,28.486
Saudi Arabian GP,Fernando Alonso,Aston Martin,14,50,92.019,Medium,0,6,345.0,28.526,34.967,28.526
Saudi Arabian GP,Fernando Alonso,Aston Martin,14,51,93.244,Medium,0,6,311.4,28.906,35.433,28.906
Saudi Arabian GP,Fernando Alonso,Aston Martin,14,52,92.499,Hard,0,6,338.4,28.675,35.15,28.675
Saudi Arabian GP,Fernando Alonso,Aston Martin,14,53,92.493,Intermediate,0,11,335.5,28.673,35.147,28.673
Saudi Arabian GP,Yuki Tsunoda,RB,22,1,89.204,Hard,0,8,322.8,27.653,33.898,27.653
Saudi Arabian GP,Yuki Tsunoda,RB,22,2,89.122,Medium,0,8,319.9,27.628,33.866,27.628
Saudi Arabian GP,Yuki Tsunoda,RB,22,3,89.087,Soft,0,10,338.5,27.617,33.853,27.617
Saudi Arabian GP,Yuki Tsunoda,RB,22,4,88.588,Medium,0,8,301.1,27.462,33.663,27.462
Saudi Arabian GP,Yuki Tsunoda,RB,22,5,89.445,Hard,0,7,341.6,27.728,33.989,27.728
Saudi Arabian GP,Yuki Tsunoda,RB,22,6,88.869,Medium,0,7,309.3,27.549,33.77,27.549
Saudi Arabian GP,Yuki Tsunoda,RB,22,7,88.784,Medium,0,7,316.6,27.523,33.738,27.523
Saudi Arabian GP,Yuki Tsunoda,RB,22,8,89.538,Soft,0,7,345.8,27.757,34.024,27.757
Saudi Arabian GP,Yuki Tsunoda,RB,22,9,89.656,Soft,0,9,297.7,27.793,34.069,27.793
Saudi Arabian GP,Yuki Tsunoda,RB,22,10,88.777,Intermediate,0,8,347.1,27.521,33.735,27.521
Saudi Arabian GP,Yuki Tsunoda,RB,22,11,88.988,Hard,0,9,340.5,27.586,33.815,27.586
Saudi Arabian GP,Yuki Tsunoda,RB,22,12,89.224,Soft,0,7,310.8,27.659,33.905,27.659
Saudi Arabian GP,Yuki Tsunoda,RB,22,13,89.058,Soft,0,8,349.7,27.608,33.842,27.608
Saudi Arabian GP,Yuki Tsunoda,RB,22,14,88.982,Soft,0,4,296.6,27.584,33.813,27.584
Saudi Arabian GP,Yuki Tsunoda,RB,22,15,89.054,Soft,0,9,299.7,27.607,33.841,27.607
Saudi Arabian GP,Yuki Tsunoda,RB,22,16,88.895,Hard,0,8,334.2,27.557,33.78,27.557
Saudi Arabian GP,Yuki Tsunoda,RB,22,17,89.149,Soft,0,9,297.9,27.636,33.877,27.636
Saudi Arabian GP,Yuki Tsunoda,RB,22,18,89.136,Medium,1,2,295.3,27.632,33.872,27.632
Saudi Arabian GP,Yuki Tsunoda,RB,22,19,89.105,Medium,0,12,297.3,27.623,33.86,27.623
Saudi Arabian GP,Yuki Tsunoda,RB,22,20,88.851,Intermediate,0,7,302.3,27.544,33.763,27.544
Saudi Arabian GP,Yuki Tsunoda,RB,22,21,89.438,Soft,0,10,297.4,27.726,33.986,27.726
Saudi Arabian GP,Yuki Tsunoda,RB,22,22,89.396,Soft,0,5,345.9,27.713,33.97,27.713
Saudi Arabian GP,Yuki Tsunoda,RB,22,23,89.464,Hard,0,9,323.4,27.734,33.996,27.734
Saudi Arabian GP,Yuki Tsunoda,RB,22,24,89.546,Wet,0,5,325.6,27.759,34.027,27.759
Saudi Arabian GP,Yuki Tsunoda,RB,22,25,88.786,Soft,0,6,320.9,27.524,33.739,27.524
Saudi Arabian GP,Yuki Tsunoda,RB,22,26,88.971,Wet,0,11,297.2,27.581,33.809,27.581
Saudi Arabian GP,Yuki Tsunoda,RB,22,27,88.948,Medium,0,7,341.5,27.574,33.8,27.574
Saudi Arabian GP,Yuki Tsunoda,RB,22,28,88.564,Hard,0,8,340.9,27.455,33.654,27.455
Saudi Arabian GP,Yuki Tsunoda,RB,22,29,89.172,Soft,0,9,323.9,27.643,33.885,27.643
Saudi Arabian GP,Yuki Tsunoda,RB,22,30,88.649,Hard,0,8,343.8,27.481,33.687,27.481
Saudi Arabian GP,Yuki Tsunoda,RB,22,31,89.347,Soft,0,8,327.5,27.698,33.952,27.698
Saudi Arabian GP,Yuki Tsunoda,RB,22,32,88.993,Soft,0,8,320.0,27.588,33.817,27.588
Saudi Arabian GP,Yuki Tsunoda,RB,22,33,88.631,Intermediate,0,12,312.9,27.476,33.68,27.476
Saudi Arabian GP,Yuki Tsunoda,RB,22,34,88.641,Medium,0,7,338.9,27.479,33.684,27.479
Saudi Arabian GP,Yuki Tsunoda,RB,22,35,88.976,Soft,0,8,304.8,27.583,33.811,27.583
Saudi Arabian GP,Yuki Tsunoda,RB,22,36,89.314,Soft,0,10,310.7,27.687,33.939,27.687
Saudi Arabian GP,Yuki Tsunoda,RB,22,37,89.083,Medium,0,10,344.7,27.616,33.852,27.616
Saudi Arabian GP,Yuki Tsunoda,RB,22,38,88.444,Medium,0,10,321.9,27.418,33.609,27.418
Saudi Arabian GP,Yuki Tsunoda,RB,22,39,89.202,Medium,0,9,339.6,27.653,33.897,27.653
Saudi Arabian GP,Yuki Tsunoda,RB,22,40,88.773,Soft,0,5,348.5,27.52,33.734,27.52
Saudi Arabian GP,Yuki Tsunoda,RB,22,41,89.62,Intermediate,0,11,329.6,27.782,34.056,27.782
Saudi Arabian GP,Yuki Tsunoda,RB,22,42,88.935,Intermediate,0,5,311.5,27.57,33.795,27.57
Saudi Arabian GP,Yuki Tsunoda,RB,22,43,88.8,Soft,0,8,311.3,27.528,33.744,27.528
Saudi Arabian GP,Yuki Tsunoda,RB,22,44,89.583,Medium,0,6,318.4,27.771,34.042,27.771
Saudi Arabian GP,Yuki Tsunoda,RB,22,45,89.283,Hard,0,7,309.0,27.678,33.928,27.678
Saudi Arabian GP,Yuki Tsunoda,RB,22,46,88.76,Hard,0,8,304.9,27.516,33.729,27.516
Saudi Arabian GP,Yuki Tsunoda,RB,22,47,88.64,Medium,0,8,312.3,27.478,33.683,27.478
Saudi Arabian GP,Yuki Tsunoda,RB,22,48,89.419,Hard,0,8,348.2,27.72,33.979,27.72
Saudi Arabian GP,Yuki Tsunoda,RB,22,49,88.573,Wet,0,11,342.9,27.458,33.658,27.458
Saudi Arabian GP,Yuki Tsunoda,RB,22,50,88.687,Medium,0,8,304.4,27.493,33.701,27.493
Saudi Arabian GP,Yuki Tsunoda,RB,22,51,89.252,Hard,0,7,311.7,27.668,33.916,27.668
Saudi Arabian GP,Yuki Tsunoda,RB,22,52,89.311,Hard,0,9,299.8,27.686,33.938,27.686
Saudi Arabian GP,Yuki Tsunoda,RB,22,53,88.616,Soft,0,10,342.2,27.471,33.674,27.471
Saudi Arabian GP,Yuki Tsunoda,RB,22,54,88.786,Soft,0,5,305.5,27.524,33.739,27.524
Saudi Arabian GP,Yuki Tsunoda,RB,22,55,88.727,Medium,0,9,304.1,27.505,33.716,27.505
Saudi Arabian GP,Yuki Tsunoda,RB,22,56,89.372,Medium,0,9,342.3,27.705,33.961,27.705
Saudi Arabian GP,Yuki Tsunoda,RB,22,57,89.125,Hard,0,7,313.4,27.629,33.867,27.629
Saudi Arabian GP,Yuki Tsunoda,RB,22,58,89.176,Wet,0,10,335.5,27.645,33.887,27.645
Saudi Arabian GP,Yuki Tsunoda,RB,22,59,88.869,Medium,0,7,307.8,27.549,33.77,27.549
Saudi Arabian GP,Yuki Tsunoda,RB,22,60,89.08,Medium,0,8,309.7,27.615,33.85,27.615
Saudi Arabian GP,Yuki Tsunoda,RB,22,61,88.648,Medium,0,7,319.7,27.481,33.686,27.481
Saudi Arabian GP,Yuki Tsunoda,RB,22,62,88.699,Soft,0,8,319.1,27.497,33.706,27.497
Saudi Arabian GP,Yuki Tsunoda,RB,22,63,89.557,Intermediate,0,5,302.2,27.763,34.032,27.763
Saudi Arabian GP,Yuki Tsunoda,RB,22,64,89.245,Medium,0,5,338.8,27.666,33.913,27.666
Saudi Arabian GP,Yuki Tsunoda,RB,22,65,88.773,Hard,0,11,302.1,27.52,33.734,27.52
Saudi Arabian GP,Yuki Tsunoda,RB,22,66,88.884,Hard,0,6,311.7,27.554,33.776,27.554
Saudi Arabian GP,Yuki Tsunoda,RB,22,67,89.453,Medium,0,6,314.6,27.73,33.992,27.73
Saudi Arabian GP,Yuki Tsunoda,RB,22,68,89.329,Medium,0,3,313.6,27.692,33.945,27.692
Saudi Arabian GP,Yuki Tsunoda,RB,22,69,88.896,Soft,0,6,349.7,27.558,33.78,27.558
Saudi Arabian GP,Yuki Tsunoda,RB,22,70,89.713,Medium,0,5,341.9,27.811,34.091,27.811
Saudi Arabian GP,Yuki Tsunoda,RB,22,71,89.804,Medium,0,11,347.9,27.839,34.126,27.839
Saudi Arabian GP,Yuki Tsunoda,RB,22,72,89.129,Medium,0,10,340.3,27.63,33.869,27.63
Saudi Arabian GP,Yuki Tsunoda,RB,22,73,88.741,Soft,0,6,345.1,27.51,33.722,27.51
Saudi Arabian GP,Yuki Tsunoda,RB,22,74,89.501,Hard,0,12,335.3,27.745,34.01,27.745
Saudi Arabian GP,Yuki Tsunoda,RB,22,75,88.755,Hard,0,9,341.7,27.514,33.727,27.514
Saudi Arabian GP,Yuki Tsunoda,RB,22,76,89.82,Soft,0,7,313.8,27.844,34.132,27.844
Saudi Arabian GP,Yuki Tsunoda,RB,22,77,88.933,Hard,0,3,329.6,27.569,33.795,27.569
Saudi Arabian GP,Yuki Tsunoda,RB,22,78,89.275,Medium,0,12,302.6,27.675,33.925,27.675
Saudi Arabian GP,Alexander Albon,Williams,23,1,90.725,Medium,0,6,346.9,28.125,34.475,28.125
Saudi Arabian GP,Alexander Albon,Williams,23,2,89.774,Hard,0,5,299.7,27.83,34.114,27.83
Saudi Arabian GP,Alexander Albon,Williams,23,3,90.574,Medium,0,11,336.8,28.078,34.418,28.078
Saudi Arabian GP,Alexander Albon,Williams,23,4,89.942,Medium,0,13,348.5,27.882,34.178,27.882
Saudi Arabian GP,Alexander Albon,Williams,23,5,90.527,Medium,0,11,334.7,28.063,34.4,28.063
Saudi Arabian GP,Alexander Albon,Williams,23,6,89.967,Soft,0,10,328.6,27.89,34.187,27.89
Saudi Arabian GP,Alexander Albon,Williams,23,7,90.399,Soft,0,10,329.3,28.024,34.352,28.024
Saudi Arabian GP,Alexander Albon,Williams,23,8,90.871,Hard,0,10,337.6,28.17,34.531,28.17
Saudi Arabian GP,Alexander Albon,Williams,23,9,90.386,Medium,0,10,323.6,28.02,34.347,28.02
Saudi Arabian GP,Alexander Albon,Williams,23,10,90.412,Medium,0,9,336.6,28.028,34.357,28.028
Saudi Arabian GP,Alexander Albon,Williams,23,11,90.744,Medium,0,9,308.3,28.131,34.483,28.131
Saudi Arabian GP,Alexander Albon,Williams,23,12,91.104,Soft,0,8,341.3,28.242,34.62,28.242
Saudi Arabian GP,Alexander Albon,Williams,23,13,90.465,Soft,0,7,319.7,28.044,34.377,28.044
Saudi Arabian GP,Alexander Albon,Williams,23,14,91.049,Hard,0,8,341.4,28.225,34.599,28.225
Saudi Arabian GP,Alexander Albon,Williams,23,15,90.328,Hard,0,5,334.3,28.002,34.325,28.002
Saudi Arabian GP,Alexander Albon,Williams,23,16,90.463,Soft,0,8,320.0,28.044,34.376,28.044
Saudi Arabian GP,Alexander Albon,Williams,23,17,91.097,Soft,0,7,318.4,28.24,34.617,28.24
Saudi Arabian GP,Alexander Albon,Williams,23,18,90.619,Medium,0,6,317.2,28.092,34.435,28.092
Saudi Arabian GP,Alexander Albon,Williams,23,19,91.007,Medium,0,9,332.9,28.212,34.583,28.212
Saudi Arabian GP,Alexander Albon,Williams,23,20,90.792,Soft,0,11,302.0,28.146,34.501,28.146
Saudi Arabian GP,Alexander Albon,Williams,23,21,90.732,Hard,0,10,333.2,28.127,34.478,28.127
Saudi Arabian GP,Alexander Albon,Williams,23,22,91.015,Intermediate,0,5,345.7,28.215,34.586,28.215
Saudi Arabian GP,Alexander Albon,Williams,23,23,90.285,Soft,0,7,297.2,27.988,34.308,27.988
Saudi Arabian GP,Alexander Albon,Williams,23,24,90.108,Medium,0,10,321.7,27.933,34.241,27.933
Saudi Arabian GP,Alexander Albon,Williams,23,25,90.411,Soft,0,7,343.9,28.027,34.356,28.027
Saudi Arabian GP,Alexander Albon,Williams,23,26,90.553,Soft,1,8,314.2,28.071,34.41,28.071
Saudi Arabian GP,Alexander Albon,Williams,23,27,90.557,Medium,0,10,338.0,28.073,34.412,28.073
Saudi Arabian GP,Alexander Albon,Williams,23,28,91.55,Soft,0,7,322.8,28.38,34.789,28.38
Saudi Arabian GP,Alexander Albon,Williams,23,29,90.403,Soft,0,9,299.9,28.025,34.353,28.025
Saudi Arabian GP,Alexander Albon,Williams,23,30,90.679,Medium,0,6,347.7,28.11,34.458,28.11
Saudi Arabian GP,Alexander Albon,Williams,23,31,90.446,Hard,0,7,326.5,28.038,34.369,28.038
Saudi Arabian GP,Alexander Albon,Williams,23,32,90.074,Medium,0,9,347.5,27.923,34.228,27.923
Saudi Arabian GP,Alexander Albon,Williams,23,33,90.296,Hard,0,5,344.3,27.992,34.312,27.992
Saudi Arabian GP,Alexander Albon,Williams,23,34,90.744,Intermediate,0,9,338.3,28.131,34.483,28.131
Saudi Arabian GP,Alexander Albon,Williams,23,35,91.028,Medium,0,8,339.4,28.219,34.591,28.219
Saudi Arabian GP,Alexander Albon,Williams,23,36,90.023,Hard,1,10,313.7,27.907,34.209,27.907
Saudi Arabian GP,Alexander Albon,Williams,23,37,90.977,Medium,0,9,300.0,28.203,34.571,28.203
Saudi Arabian GP,Alexander Albon,Williams,23,38,90.074,Soft,1,11,303.5,27.923,34.228,27.923
Saudi Arabian GP,Alexander Albon,Williams,23,39,90.129,Intermediate,0,9,296.5,27.94,34.249,27.94
Saudi Arabian GP,Alexander Albon,Williams,23,40,89.986,Soft,0,8,309.2,27.896,34.195,27.896
Saudi Arabian GP,Alexander Albon,Williams,23,41,90.033,Medium,0,9,322.1,27.91,34.213,27.91
Saudi Arabian GP,Alexander Albon,Williams,23,42,90.582,Medium,0,10,317.4,28.08,34.421,28.08
Saudi Arabian GP,Alexander Albon,Williams,23,43,90.511,Intermediate,0,9,309.8,28.058,34.394,28.058
Saudi Arabian GP,Alexander Albon,Williams,23,44,90.43,Hard,1,9,326.3,28.033,34.363,28.033
Saudi Arabian GP,Alexander Albon,Williams,23,45,90.572,Soft,0,7,315.5,28.077,34.417,28.077
Saudi Arabian GP,Alexander Albon,Williams,23,46,90.474,Medium,0,7,319.8,28.047,34.38,28.047
Saudi Arabian GP,Alexander Albon,Williams,23,47,90.766,Medium,0,6,295.0,28.137,34.491,28.137
Saudi Arabian GP,Alexander Albon,Williams,23,48,90.314,Hard,0,12,341.3,27.997,34.319,27.997
Saudi Arabian GP,Alexander Albon,Williams,23,49,90.439,Soft,0,6,326.0,28.036,34.367,28.036
Saudi Arabian GP,Alexander Albon,Williams,23,50,90.46,Hard,0,7,349.9,28.043,34.375,28.043
Saudi Arabian GP,Alexander Albon,Williams,23,51,90.616,Hard,0,7,329.9,28.091,34.434,28.091
Saudi Arabian GP,Alexander Albon,Williams,23,52,90.816,Medium,0,10,320.3,28.153,34.51,28.153
Saudi Arabian GP,Alexander Albon,Williams,23,53,90.459,Medium,0,8,328.5,28.042,34.374,28.042
Saudi Arabian GP,Alexander Albon,Williams,23,54,90.742,Medium,0,11,336.9,28.13,34.482,28.13
Saudi Arabian GP,Alexander Albon,Williams,23,55,90.519,Soft,0,7,344.1,28.061,34.397,28.061
Saudi Arabian GP,Alexander Albon,Williams,23,56,90.903,Hard,0,9,316.3,28.18,34.543,28.18
Saudi Arabian GP,Alexander Albon,Williams,23,57,90.271,Soft,0,7,307.2,27.984,34.303,27.984
Saudi Arabian GP,Alexander Albon,Williams,23,58,90.842,Hard,0,13,299.9,28.161,34.52,28.161
Saudi Arabian GP,Alexander Albon,Williams,23,59,90.334,Wet,0,6,297.0,28.004,34.327,28.004
Saudi Arabian GP,Alexander Albon,Williams,23,60,90.443,Soft,0,9,349.1,28.037,34.368,28.037
Saudi Arabian GP,Alexander Albon,Williams,23,61,90.106,Medium,0,10,325.3,27.933,34.24,27.933
Saudi Arabian GP,Alexander Albon,Williams,23,62,89.888,Soft,0,9,346.3,27.865,34.157,27.865
Saudi Arabian GP,Alexander Albon,Williams,23,63,91.157,Soft,0,8,349.6,28.259,34.64,28.259
Saudi Arabian GP,Alexander Albon,Williams,23,64,91.166,Soft,0,8,330.3,28.261,34.643,28.261
Saudi Arabian GP,Alexander Albon,Williams,23,65,90.094,Hard,0,9,310.1,27.929,34.236,27.929
Saudi Arabian GP,Nico Hulkenberg,Kick Sauber,27,1,89.01,Hard,0,9,297.6,27.593,33.824,27.593
Saudi Arabian GP,Nico Hulkenberg,Kick Sauber,27,2,88.598,Medium,0,11,299.5,27.465,33.667,27.465
Saudi Arabian GP,Nico Hulkenberg,Kick Sauber,27,3,88.575,Hard,0,14,345.4,27.458,33.659,27.458
Saudi Arabian GP,Nico Hulkenberg,Kick Sauber,27,4,88.601,Medium,0,8,296.5,27.466,33.668,27.466
Saudi Arabian GP,Nico Hulkenberg,Kick Sauber,27,5,88.994,Medium,0,7,341.2,27.588,33.818,27.588
Saudi Arabian GP,Nico Hulkenberg,Kick Sauber,27,6,88.548,Medium,0,9,340.2,27.45,33.648,27.45
Saudi Arabian GP,Nico Hulkenberg,Kick Sauber,27,7,89.274,Medium,0,15,329.4,27.675,33.924,27.675
Saudi Arabian GP,Nico Hulkenberg,Kick Sauber,27,8,88.391,Soft,0,8,344.0,27.401,33.589,27.401
Saudi Arabian GP,Nico Hulkenberg,Kick Sauber,27,9,88.593,Hard,0,13,311.6,27.464,33.665,27.464
Saudi Arabian GP,Nico Hulkenberg,Kick Sauber,27,10,89.027,Medium,0,13,341.7,27.598,33.83,27.598
Saudi Arabian GP,Nico Hulkenberg,Kick Sauber,27,11,89.124,Soft,0,8,319.9,27.628,33.867,27.628
Saudi Arabian GP,Nico Hulkenberg,Kick Sauber,27,12,89.516,Medium,0,11,330.8,27.75,34.016,27.75
Saudi Arabian GP,Nico Hulkenberg,Kick Sauber,27,13,88.865,Soft,0,13,295.7,27.548,33.769,27.548
Saudi Arabian GP,Nico Hulkenberg,Kick Sauber,27,14,89.46,Intermediate,0,9,330.1,27.733,33.995,27.733
Saudi Arabian GP,Nico Hulkenberg,Kick Sauber,27,15,89.021,Medium,0,9,308.4,27.597,33.828,27.597
Saudi Arabian GP,Nico Hulkenberg,Kick Sauber,27,16,88.542,Medium,0,8,312.1,27.448,33.646,27.448
Saudi Arabian GP,Nico Hulkenberg,Kick Sauber,27,17,88.784,Medium,0,7,348.4,27.523,33.738,27.523
Saudi Arabian GP,Nico Hulkenberg,Kick Sauber,27,18,88.948,Hard,1,8,318.2,27.574,33.8,27.574
Saudi Arabian GP,Nico Hulkenberg,Kick Sauber,27,19,89.617,Soft,1,7,313.8,27.781,34.054,27.781
Saudi Arabian GP,Nico Hulkenberg,Kick Sauber,27,20,89.829,Medium,0,10,341.9,27.847,34.135,27.847
Saudi Arabian GP,Nico Hulkenberg,Kick Sauber,27,21,89.247,Soft,0,8,343.2,27.667,33.914,27.667
Saudi Arabian GP,Nico Hulkenberg,Kick Sauber,27,22,89.299,Medium,0,10,320.7,27.683,33.934,27.683
Saudi Arabian GP,Nico Hulkenberg,Kick Sauber,27,23,88.999,Intermediate,1,6,339.4,27.59,33.82,27.59
Saudi Arabian GP,Nico Hulkenberg,Kick Sauber,27,24,88.802,Wet,0,10,295.5,27.529,33.745,27.529
Saudi Arabian GP,Nico Hulkenberg,Kick Sauber,27,25,88.618,Soft,0,11,329.7,27.472,33.675,27.472
Saudi Arabian GP,Nico Hulkenberg,Kick Sauber,27,26,88.26,Soft,0,6,307.0,27.361,33.539,27.361
Saudi Arabian GP,Nico Hulkenberg,Kick Sauber,27,27,88.696,Medium,0,10,305.8,27.496,33.704,27.496
Saudi Arabian GP,Nico Hulkenberg,Kick Sauber,27,28,89.423,Soft,0,12,315.8,27.721,33.981,27.721
Saudi Arabian GP,Nico Hulkenberg,Kick Sauber,27,29,88.662,Medium,0,7,339.5,27.485,33.692,27.485
Saudi Arabian GP,Nico Hulkenberg,Kick Sauber,27,30,89.59,Wet,0,13,343.3,27.773,34.044,27.773
Saudi Arabian GP,Nico Hulkenberg,Kick Sauber,27,31,89.303,Soft,0,10,305.5,27.684,33.935,27.684
Saudi Arabian GP,Nico Hulkenberg,Kick Sauber,27,32,88.702,Medium,0,8,345.7,27.498,33.707,27.498
Saudi Arabian GP,Nico Hulkenberg,Kick Sauber,27,33,88.952,Soft,0,9,297.9,27.575,33.802,27.575
Saudi Arabian GP,Nico Hulkenberg,Kick Sauber,27,34,89.48,Intermediate,0,11,306.5,27.739,34.002,27.739
Saudi Arabian GP,Nico Hulkenberg,Kick Sauber,27,35,89.055,Medium,0,10,323.0,27.607,33.841,27.607
Saudi Arabian GP,Nico Hulkenberg,Kick Sauber,27,36,88.944,Medium,0,11,323.9,27.573,33.799,27.573
Saudi Arabian GP,Nico Hulkenberg,Kick Sauber,27,37,88.945,Soft,0,8,330.1,27.573,33.799,27.573
Saudi Arabian GP,Nico Hulkenberg,Kick Sauber,27,38,89.222,Medium,0,10,316.8,27.659,33.904,27.659
Saudi Arabian GP,Nico Hulkenberg,Kick Sauber,27,39,88.949,Soft,0,7,309.0,27.574,33.801,27.574
Saudi Arabian GP,Nico Hulkenberg,Kick Sauber,27,40,88.398,Medium,0,9,307.7,27.403,33.591,27.403
Saudi Arabian GP,Nico Hulkenberg,Kick Sauber,27,41,89.067,Medium,0,8,318.8,27.611,33.845,27.611
Saudi Arabian GP,Nico Hulkenberg,Kick Sauber,27,42,89.093,Medium,0,8,319.3,27.619,33.855,27.619
Saudi Arabian GP,Nico Hulkenberg,Kick Sauber,27,43,89.176,Soft,0,12,323.2,27.645,33.887,27.645
Saudi Arabian GP,Nico Hulkenberg,Kick Sauber,27,44,89.493,Soft,0,12,314.8,27.743,34.007,27.743
Saudi Arabian GP,Nico Hulkenberg,Kick Sauber,27,45,88.965,Soft,0,11,305.5,27.579,33.807,27.579
Saudi Arabian GP,Nico Hulkenberg,Kick Sauber,27,46,89.302,Hard,0,7,295.5,27.684,33.935,27.684
Saudi Arabian GP,Nico Hulkenberg,Kick Sauber,27,47,89.001,Wet,0,9,340.2,27.59,33.82,27.59
Saudi Arabian GP,Nico Hulkenberg,Kick Sauber,27,48,88.815,Hard,0,12,342.6,27.533,33.75,27.533
Saudi Arabian GP,Nico Hulkenberg,Kick Sauber,27,49,89.063,Medium,0,10,327.3,27.61,33.844,27.61
Saudi Arabian GP,Nico Hulkenberg,Kick Sauber,27,50,89.357,Hard,0,14,341.5,27.701,33.956,27.701
Saudi Arabian GP,Nico Hulkenberg,Kick Sauber,27,51,89.689,Soft,0,10,341.9,27.804,34.082,27.804
Saudi Arabian GP,Nico Hulkenberg,Kick Sauber,27,52,88.956,Soft,0,10,322.5,27.576,33.803,27.576
Saudi Arabian GP,Nico Hulkenberg,Kick Sauber,27,53,88.67,Hard,0,9,337.0,27.488,33.695,27.488
Saudi Arabian GP,Nico Hulkenberg,Kick Sauber,27,54,88.372,Hard,0,10,303.5,27.395,33.581,27.395
Saudi Arabian GP,Nico Hulkenberg,Kick Sauber,27,55,89.165,Intermediate,0,9,348.9,27.641,33.883,27.641
Saudi Arabian GP,Nico Hulkenberg,Kick Sauber,27,56,88.832,Medium,0,11,301.0,27.538,33.756,27.538
Saudi Arabian GP,Nico Hulkenberg,Kick Sauber,27,57,89.352,Soft,0,11,304.8,27.699,33.954,27.699
Saudi Arabian GP,Nico Hulkenberg,Kick Sauber,27,58,88.732,Intermediate,0,8,310.6,27.507,33.718,27.507
Saudi Arabian GP,Nico Hulkenberg,Kick Sauber,27,59,89.036,Medium,0,7,323.5,27.601,33.834,27.601
Saudi Arabian GP,Nico Hulkenberg,Kick Sauber,27,60,89.14,Medium,0,6,302.1,27.633,33.873,27.633
Saudi Arabian GP,Nico Hulkenberg,Kick Sauber,27,61,88.421,Intermediate,0,11,302.1,27.411,33.6,27.411
Saudi Arabian GP,Nico Hulkenberg,Kick Sauber,27,62,89.434,Hard,0,7,328.2,27.725,33.985,27.725
Saudi Arabian GP,Nico Hulkenberg,Kick Sauber,27,63,89.147,Hard,0,5,306.1,27.636,33.876,27.636
Saudi Arabian GP,Nico Hulkenberg,Kick Sauber,27,64,89.218,Medium,0,10,323.9,27.658,33.903,27.658
Saudi Arabian GP,Nico Hulkenberg,Kick Sauber,27,65,88.925,Hard,0,14,330.5,27.567,33.791,27.567
Saudi Arabian GP,Nico Hulkenberg,Kick Sauber,27,66,89.236,Hard,0,9,328.7,27.663,33.91,27.663
Saudi Arabian GP,Nico Hulkenberg,Kick Sauber,27,67,88.567,Medium,0,11,320.2,27.456,33.655,27.456
Saudi Arabian GP,Nico Hulkenberg,Kick Sauber,27,68,88.573,Hard,0,10,308.2,27.458,33.658,27.458
Saudi Arabian GP,Nico Hulkenberg,Kick Sauber,27,69,89.022,Soft,0,9,333.4,27.597,33.828,27.597
Saudi Arabian GP,Nico Hulkenberg,Kick Sauber,27,70,88.902,Hard,0,11,349.7,27.56,33.783,27.56
Saudi Arabian GP,Nico Hulkenberg,Kick Sauber,27,71,88.833,Hard,0,9,319.8,27.538,33.757,27.538
Saudi Arabian GP,Nico Hulkenberg,Kick Sauber,27,72,88.323,Soft,0,10,316.0,27.38,33.563,27.38
Saudi Arabian GP,Nico Hulkenberg,Kick Sauber,27,73,89.305,Soft,0,10,334.0,27.685,33.936,27.685
Australian GP,Max Verstappen,Red Bull Racing,1,1,90.647,Medium,0,1,334.2,28.101,34.446,28.101
Australian GP,Max Verstappen,Red Bull Racing,1,2,91.403,Hard,0,2,341.1,28.335,34.733,28.335
Australian GP,Max Verstappen,Red Bull Racing,1,3,90.724,Hard,0,1,299.3,28.124,34.475,28.124
Australian GP,Max Verstappen,Red Bull Racing,1,4,90.829,Medium,0,1,334.3,28.157,34.515,28.157
Australian GP,Max Verstappen,Red Bull Racing,1,5,90.718,Medium,0,2,330.3,28.123,34.473,28.123
Australian GP,Max Verstappen,Red Bull Racing,1,6,90.993,Soft,0,1,297.7,28.208,34.577,28.208
Australian GP,Max Verstappen,Red Bull Racing,1,7,91.714,Medium,0,1,306.0,28.431,34.851,28.431
Australian GP,Max Verstappen,Red Bull Racing,1,8,91.724,Medium,0,1,332.4,28.434,34.855,28.434
Australian GP,Max Verstappen,Red Bull Racing,1,9,91.586,Hard,0,3,334.8,28.392,34.803,28.392
Australian GP,Max Verstappen,Red Bull Racing,1,10,90.886,Medium,0,1,329.5,28.175,34.537,28.175
Australian GP,Max Verstappen,Red Bull Racing,1,11,91.367,Medium,0,1,306.8,28.324,34.719,28.324
Australian GP,Max Verstappen,Red Bull Racing,1,12,90.805,Hard,0,2,316.4,28.15,34.506,28.15
Australian GP,Max Verstappen,Red Bull Racing,1,13,91.428,Soft,0,3,297.4,28.343,34.743,28.343
Australian GP,Max Verstappen,Red Bull Racing,1,14,91.634,Medium,0,2,334.2,28.407,34.821,28.407
Australian GP,Max Verstappen,Red Bull Racing,1,15,90.912,Medium,0,1,332.3,28.183,34.547,28.183
Australian GP,Max Verstappen,Red Bull Racing,1,16,91.509,Hard,0,1,348.8,28.368,34.773,28.368
Australian GP,Max Verstappen,Red Bull Racing,1,17,90.776,Intermediate,0,1,316.0,28.141,34.495,28.141
Australian GP,Max Verstappen,Red Bull Racing,1,18,91.71,Soft,1,1,328.9,28.43,34.85,28.43
Australian GP,Max Verstappen,Red Bull Racing,1,19,91.311,Hard,1,1,298.3,28.306,34.698,28.306
Australian GP,Max Verstappen,Red Bull Racing,1,20,91.255,Medium,0,1,308.1,28.289,34.677,28.289
Australian GP,Max Verstappen,Red Bull Racing,1,21,91.558,Soft,0,1,323.6,28.383,34.792,28.383
Australian GP,Max Verstappen,Red Bull Racing,1,22,91.49,Soft,0,2,313.9,28.362,34.766,28.362
Australian GP,Max Verstappen,Red Bull Racing,1,23,91.513,Hard,0,1,339.1,28.369,34.775,28.369
Australian GP,Max Verstappen,Red Bull Racing,1,24,90.992,Medium,0,1,329.6,28.208,34.577,28.208
Australian GP,Max Verstappen,Red Bull Racing,1,25,90.913,Soft,0,1,346.6,28.183,34.547,28.183
Australian GP,Max Verstappen,Red Bull Racing,1,26,91.236,Hard,0,1,308.0,28.283,34.67,28.283
Australian GP,Max Verstappen,Red Bull Racing,1,27,91.249,Soft,0,1,308.5,28.287,34.675,28.287
Australian GP,Max Verstappen,Red Bull Racing,1,28,91.082,Medium,0,1,310.0,28.235,34.611,28.235
Australian GP,Max Verstappen,Red Bull Racing,1,29,91.886,Medium,0,1,320.9,28.485,34.917,28.485
Australian GP,Max Verstappen,Red Bull Racing,1,30,91.339,Hard,0,2,296.1,28.315,34.709,28.315
Australian GP,Max Verstappen,Red Bull Racing,1,31,90.728,Intermediate,0,4,327.7,28.126,34.477,28.126
Australian GP,Max Verstappen,Red Bull Racing,1,32,91.075,Medium,0,3,319.9,28.233,34.608,28.233
Australian GP,Max Verstappen,Red Bull Racing,1,33,91.196,Medium,0,1,305.8,28.271,34.654,28.271
Australian GP,Max Verstappen,Red Bull Racing,1,34,91.547,Hard,0,3,322.0,28.38,34.788,28.38
Australian GP,Max Verstappen,Red Bull Racing,1,35,91.792,Medium,0,1,311.9,28.456,34.881,28.456
Australian GP,Max Verstappen,Red Bull Racing,1,36,90.637,Intermediate,0,1,346.3,28.097,34.442,28.097
Australian GP,Max Verstappen,Red Bull Racing,1,37,91.259,Soft,0,1,323.0,28.29,34.678,28.29
Australian GP,Max Verstappen,Red Bull Racing,1,38,91.155,Soft,0,1,346.0,28.258,34.639,28.258
Australian GP,Max Verstappen,Red Bull Racing,1,39,90.882,Hard,0,1,333.4,28.173,34.535,28.173
Australian GP,Max Verstappen,Red Bull Racing,1,40,91.045,Hard,0,1,308.6,28.224,34.597,28.224
Australian GP,Max Verstappen,Red Bull Racing,1,41,91.335,Medium,0,1,316.9,28.314,34.707,28.314
Australian GP,Max Verstappen,Red Bull Racing,1,42,90.947,Medium,0,1,308.9,28.194,34.56,28.194
Australian GP,Max Verstappen,Red Bull Racing,1,43,91.563,Hard,0,1,335.4,28.385,34.794,28.385
Australian GP,Max Verstappen,Red Bull Racing,1,44,91.259,Hard,0,3,309.8,28.29,34.678,28.29
Australian GP,Max Verstappen,Red Bull Racing,1,45,91.066,Medium,0,2,339.9,28.23,34.605,28.23
Australian GP,Max Verstappen,Red Bull Racing,1,46,91.341,Medium,0,1,331.0,28.316,34.71,28.316
Australian GP,Max Verstappen,Red Bull Racing,1,47,91.216,Hard,0,1,321.8,28.277,34.662,28.277
Australian GP,Max Verstappen,Red Bull Racing,1,48,91.651,Soft,0,2,336.2,28.412,34.827,28.412
Australian GP,Max Verstappen,Red Bull Racing,1,49,91.581,Medium,0,1,342.8,28.39,34.801,28.39
Australian GP,Max Verstappen,Red Bull Racing,1,50,90.764,Soft,0,1,313.8,28.137,34.49,28.137
Australian GP,Max Verstappen,Red Bull Racing,1,51,91.397,Soft,0,1,309.6,28.333,34.731,28.333
Australian GP,Max Verstappen,Red Bull Racing,1,52,91.553,Soft,0,1,323.7,28.381,34.79,28.381
Australian GP,Max Verstappen,Red Bull Racing,1,53,91.244,Intermediate,0,2,346.3,28.286,34.673,28.286
Australian GP,Max Verstappen,Red Bull Racing,1,54,91.943,Medium,0,2,350.0,28.502,34.938,28.502
Australian GP,Max Verstappen,Red Bull Racing,1,55,91.64,Medium,0,1,348.6,28.408,34.823,28.408
Australian GP,Max Verstappen,Red Bull Racing,1,56,90.762,Hard,0,1,334.9,28.136,34.49,28.136
Australian GP,Charles Leclerc,Scuderia Ferrari,16,1,88.231,Hard,0,1,315.3,27.352,33.528,27.352
Australian GP,Charles Leclerc,Scuderia Ferrari,16,2,88.627,Soft,0,2,295.9,27.474,33.678,27.474
Australian GP,Charles Leclerc,Scuderia Ferrari,16,3,88.994,Hard,0,1,307.8,27.588,33.818,27.588
Australian GP,Charles Leclerc,Scuderia Ferrari,16,4,88.616,Soft,0,2,346.6,27.471,33.674,27.471
Australian GP,Charles Leclerc,Scuderia Ferrari,16,5,88.971,Intermediate,0,1,311.2,27.581,33.809,27.581
Australian GP,Charles Leclerc,Scuderia Ferrari,16,6,88.973,Hard,0,3,296.7,27.582,33.81,27.582
Australian GP,Charles Leclerc,Scuderia Ferrari,16,7,88.454,Hard,0,2,349.3,27.421,33.613,27.421
Australian GP,Charles Leclerc,Scuderia Ferrari,16,8,88.482,Soft,0,1,308.2,27.429,33.623,27.429
Australian GP,Charles Leclerc,Scuderia Ferrari,16,9,88.996,Hard,0,4,318.9,27.589,33.818,27.589
Australian GP,Charles Leclerc,Scuderia Ferrari,16,10,88.992,Intermediate,0,1,307.1,27.588,33.817,27.588
Australian GP,Charles Leclerc,Scuderia Ferrari,16,11,89.197,Hard,0,1,345.8,27.651,33.895,27.651
Australian GP,Charles Leclerc,Scuderia Ferrari,16,12,88.76,Hard,0,1,330.4,27.516,33.729,27.516
Australian GP,Charles Leclerc,Scuderia Ferrari,16,13,89.143,Hard,0,1,348.1,27.634,33.874,27.634
Australian GP,Charles Leclerc,Scuderia Ferrari,16,14,88.619,Soft,0,1,301.1,27.472,33.675,27.472
Australian GP,Charles Leclerc,Scuderia Ferrari,16,15,89.336,Hard,0,1,326.5,27.694,33.948,27.694
Australian GP,Charles Leclerc,Scuderia Ferrari,16,16,89.439,Medium,0,5,312.1,27.726,33.987,27.726
Australian GP,Charles Leclerc,Scuderia Ferrari,16,17,89.497,Medium,0,1,338.9,27.744,34.009,27.744
Australian GP,Charles Leclerc,Scuderia Ferrari,16,18,88.978,Soft,0,1,295.5,27.583,33.812,27.583
Australian GP,Charles Leclerc,Scuderia Ferrari,16,19,89.102,Soft,0,4,322.5,27.622,33.859,27.622
Australian GP,Charles Leclerc,Scuderia Ferrari,16,20,88.487,Hard,0,1,327.9,27.431,33.625,27.431
Australian GP,Charles Leclerc,Scuderia Ferrari,16,21,89.131,Soft,0,1,329.7,27.631,33.87,27.631
Australian GP,Charles Leclerc,Scuderia Ferrari,16,22,88.644,Medium,0,4,303.4,27.48,33.685,27.48
Australian GP,Charles Leclerc,Scuderia Ferrari,16,23,88.921,Soft,0,1,345.8,27.566,33.79,27.566
Australian GP,Charles Leclerc,Scuderia Ferrari,16,24,88.786,Soft,0,5,349.5,27.524,33.739,27.524
Australian GP,Charles Leclerc,Scuderia Ferrari,16,25,89.096,Wet,0,3,316.5,27.62,33.856,27.62
Australian GP,Charles Leclerc,Scuderia Ferrari,16,26,88.875,Hard,1,1,316.7,27.551,33.773,27.551
Australian GP,Charles Leclerc,Scuderia Ferrari,16,27,88.864,Hard,0,6,341.7,27.548,33.768,27.548
Australian GP,Charles Leclerc,Scuderia Ferrari,16,28,88.174,Soft,0,1,311.0,27.334,33.506,27.334
Australian GP,Charles Leclerc,Scuderia Ferrari,16,29,88.883,Soft,0,3,314.9,27.554,33.776,27.554
Australian GP,Charles Leclerc,Scuderia Ferrari,16,30,89.268,Soft,0,2,332.4,27.673,33.922,27.673
Australian GP,Charles Leclerc,Scuderia Ferrari,16,31,88.427,Wet,0,4,347.0,27.412,33.602,27.412
Australian GP,Charles Leclerc,Scuderia Ferrari,16,32,89.117,Medium,0,5,329.5,27.626,33.864,27.626
Australian GP,Charles Leclerc,Scuderia Ferrari,16,33,88.138,Medium,0,2,332.8,27.323,33.492,27.323
Australian GP,Charles Leclerc,Scuderia Ferrari,16,34,88.705,Hard,0,1,337.8,27.499,33.708,27.499
Australian GP,Charles Leclerc,Scuderia Ferrari,16,35,88.715,Medium,0,2,301.4,27.502,33.712,27.502
Australian GP,Charles Leclerc,Scuderia Ferrari,16,36,88.584,Medium,1,1,327.3,27.461,33.662,27.461
Australian GP,Charles Leclerc,Scuderia Ferrari,16,37,88.788,Hard,0,6,316.1,27.524,33.739,27.524
Australian GP,Charles Leclerc,Scuderia Ferrari,16,38,88.23,Medium,0,2,305.2,27.351,33.527,27.351
Australian GP,Charles Leclerc,Scuderia Ferrari,16,39,88.929,Hard,0,1,321.9,27.568,33.793,27.568
Australian GP,Charles Leclerc,Scuderia Ferrari,16,40,88.253,Hard,0,2,304.9,27.358,33.536,27.358
Australian GP,Charles Leclerc,Scuderia Ferrari,16,41,88.373,Medium,0,1,302.1,27.396,33.582,27.396
Australian GP,Charles Leclerc,Scuderia Ferrari,16,42,88.003,Soft,0,1,299.7,27.281,33.441,27.281
Australian GP,Charles Leclerc,Scuderia Ferrari,16,43,88.455,Medium,0,4,348.7,27.421,33.613,27.421
Australian GP,Charles Leclerc,Scuderia Ferrari,16,44,88.206,Intermediate,1,1,331.3,27.344,33.518,27.344
Australian GP,Charles Leclerc,Scuderia Ferrari,16,45,88.633,Medium,0,1,328.3,27.476,33.681,27.476
Australian GP,Charles Leclerc,Scuderia Ferrari,16,46,88.701,Soft,0,3,305.3,27.497,33.706,27.497
Australian GP,Charles Leclerc,Scuderia Ferrari,16,47,88.951,Soft,0,4,306.9,27.575,33.801,27.575
Australian GP,Charles Leclerc,Scuderia Ferrari,16,48,89.048,Medium,0,3,309.0,27.605,33.838,27.605
Australian GP,Charles Leclerc,Scuderia Ferrari,16,49,88.728,Medium,0,3,332.2,27.506,33.717,27.506
Australian GP,Charles Leclerc,Scuderia Ferrari,16,50,88.299,Hard,0,1,334.3,27.373,33.554,27.373
Australian GP,Charles Leclerc,Scuderia Ferrari,16,51,88.317,Wet,0,1,315.8,27.378,33.56,27.378
Australian GP,Charles Leclerc,Scuderia Ferrari,16,52,88.139,Soft,1,5,317.4,27.323,33.493,27.323
Australian GP,Charles Leclerc,Scuderia Ferrari,16,53,88.366,Medium,0,1,303.0,27.393,33.579,27.393
Australian GP,Charles Leclerc,Scuderia Ferrari,16,54,88.195,Wet,0,1,315.8,27.34,33.514,27.34
Australian GP,Charles Leclerc,Scuderia Ferrari,16,55,88.072,Medium,0,4,327.4,27.302,33.467,27.302
Australian GP,Charles Leclerc,Scuderia Ferrari,16,56,88.599,Medium,0,3,325.3,27.466,33.668,27.466
Australian GP,Lewis Hamilton,Scuderia Ferrari,44,1,89.921,Medium,0,3,339.3,27.876,34.17,27.876
Australian GP,Lewis Hamilton,Scuderia Ferrari,44,2,89.136,Soft,0,7,334.2,27.632,33.872,27.632
Australian GP,Lewis Hamilton,Scuderia Ferrari,44,3,89.57,Soft,0,1,333.9,27.767,34.037,27.767
Australian GP,Lewis Hamilton,Scuderia Ferrari,44,4,89.499,Medium,0,4,349.2,27.745,34.01,27.745
Australian GP,Lewis Hamilton,Scuderia Ferrari,44,5,89.361,Medium,0,3,311.8,27.702,33.957,27.702
Australian GP,Lewis Hamilton,Scuderia Ferrari,44,6,89.597,Medium,0,3,329.9,27.775,34.047,27.775
Australian GP,Lewis Hamilton,Scuderia Ferrari,44,7,90.128,Soft,0,6,299.7,27.94,34.249,27.94
Australian GP,Lewis Hamilton,Scuderia Ferrari,44,8,89.665,Hard,0,4,332.2,27.796,34.073,27.796
Australian GP,Lewis Hamilton,Scuderia Ferrari,44,9,89.694,Wet,0,4,333.4,27.805,34.084,27.805
Australian GP,Lewis Hamilton,Scuderia Ferrari,44,10,89.254,Hard,0,5,334.3,27.669,33.917,27.669
Australian GP,Lewis Hamilton,Scuderia Ferrari,44,11,89.889,Intermediate,0,2,332.6,27.866,34.158,27.866
Australian GP,Lewis Hamilton,Scuderia Ferrari,44,12,90.263,Hard,0,1,344.7,27.982,34.3,27.982
Australian GP,Lewis Hamilton,Scuderia Ferrari,44,13,89.958,Medium,0,1,318.2,27.887,34.184,27.887
Australian GP,Lewis Hamilton,Scuderia Ferrari,44,14,90.141,Medium,0,1,340.7,27.944,34.254,27.944
Australian GP,Lewis Hamilton,Scuderia Ferrari,44,15,89.723,Soft,0,7,335.6,27.814,34.095,27.814
Australian GP,Lewis Hamilton,Scuderia Ferrari,44,16,89.529,Intermediate,0,1,340.4,27.754,34.021,27.754
Australian GP,Lewis Hamilton,Scuderia Ferrari,44,17,89.89,Hard,0,2,314.6,27.866,34.158,27.866
Australian GP,Lewis Hamilton,Scuderia Ferrari,44,18,89.671,Soft,0,2,317.1,27.798,34.075,27.798
Australian GP,Lewis Hamilton,Scuderia Ferrari,44,19,89.504,Soft,0,3,344.4,27.746,34.012,27.746
Australian GP,Lewis Hamilton,Scuderia Ferrari,44,20,89.721,Soft,0,4,307.4,27.814,34.094,27.814
Australian GP,Lewis Hamilton,Scuderia Ferrari,44,21,89.77,Hard,0,4,339.6,27.829,34.113,27.829
Australian GP,Lewis Hamilton,Scuderia Ferrari,44,22,89.775,Medium,0,1,314.5,27.83,34.114,27.83
Australian GP,Lewis Hamilton,Scuderia Ferrari,44,23,90.077,Hard,0,2,305.4,27.924,34.229,27.924
Australian GP,Lewis Hamilton,Scuderia Ferrari,44,24,89.493,Medium,0,3,303.8,27.743,34.007,27.743
Australian GP,Lewis Hamilton,Scuderia Ferrari,44,25,90.073,Wet,0,2,318.2,27.923,34.228,27.923
Australian GP,Lewis Hamilton,Scuderia Ferrari,44,26,90.558,Medium,0,6,322.6,28.073,34.412,28.073
Australian GP,Lewis Hamilton,Scuderia Ferrari,44,27,89.917,Hard,0,3,303.6,27.874,34.168,27.874
Australian GP,Lewis Hamilton,Scuderia Ferrari,44,28,89.625,Hard,0,4,318.6,27.784,34.057,27.784
Australian GP,Lewis Hamilton,Scuderia Ferrari,44,29,89.571,Medium,0,4,308.6,27.767,34.037,27.767
Australian GP,Lewis Hamilton,Scuderia Ferrari,44,30,89.497,Soft,0,5,342.5,27.744,34.009,27.744
Australian GP,Lewis Hamilton,Scuderia Ferrari,44,31,89.659,Medium,0,3,333.6,27.794,34.07,27.794
Australian GP,Lewis Hamilton,Scuderia Ferrari,44,32,90.002,Medium,0,1,307.6,27.901,34.201,27.901
Australian GP,Lewis Hamilton,Scuderia Ferrari,44,33,89.542,Soft,0,3,318.4,27.758,34.026,27.758
Australian GP,Lewis Hamilton,Scuderia Ferrari,44,34,89.176,Medium,0,1,333.5,27.645,33.887,27.645
Australian GP,Lewis Hamilton,Scuderia Ferrari,44,35,89.602,Soft,0,1,330.4,27.777,34.049,27.777
Australian GP,Lewis Hamilton,Scuderia Ferrari,44,36,89.483,Intermediate,0,4,308.6,27.74,34.004,27.74
Australian GP,Lewis Hamilton,Scuderia Ferrari,44,37,89.037,Hard,0,5,306.7,27.601,33.834,27.601
Australian GP,Lewis Hamilton,Scuderia Ferrari,44,38,89.713,Medium,0,3,347.2,27.811,34.091,27.811
Australian GP,Lewis Hamilton,Scuderia Ferrari,44,39,89.331,Hard,0,3,337.4,27.693,33.946,27.693
Australian GP,Lewis Hamilton,Scuderia Ferrari,44,40,89.741,Medium,0,6,328.3,27.82,34.102,27.82
Australian GP,Lewis Hamilton,Scuderia Ferrari,44,41,89.73,Medium,0,3,302.2,27.816,34.097,27.816
Australian GP,Lewis Hamilton,Scuderia Ferrari,44,42,89.995,Hard,1,8,305.6,27.898,34.198,27.898
Australian GP,Lewis Hamilton,Scuderia Ferrari,44,43,89.563,Medium,0,4,311.6,27.765,34.034,27.765
Australian GP,Lewis Hamilton,Scuderia Ferrari,44,44,89.717,Hard,0,1,302.0,27.812,34.092,27.812
Australian GP,Lewis Hamilton,Scuderia Ferrari,44,45,89.663,Hard,0,4,348.6,27.796,34.072,27.796
Australian GP,Lewis Hamilton,Scuderia Ferrari,44,46,90.146,Intermediate,0,3,321.6,27.945,34.255,27.945
Australian GP,Lewis Hamilton,Scuderia Ferrari,44,47,89.264,Intermediate,0,5,297.5,27.672,33.92,27.672
Australian GP,Lewis Hamilton,Scuderia Ferrari,44,48,89.653,Hard,1,4,322.2,27.792,34.068,27.792
Australian GP,Lewis Hamilton,Scuderia Ferrari,44,49,89.935,Medium,0,2,317.0,27.88,34.175,27.88
Australian GP,Lewis Hamilton,Scuderia Ferrari,44,50,89.028,Medium,0,1,343.4,27.599,33.831,27.599
Australian GP,Lewis Hamilton,Scuderia Ferrari,44,51,90.233,Soft,0,2,311.3,27.972,34.289,27.972
Australian GP,Lewis Hamilton,Scuderia Ferrari,44,52,89.29,Soft,0,1,311.1,27.68,33.93,27.68
Australian GP,Lewis Hamilton,Scuderia Ferrari,44,53,89.811,Soft,0,1,330.3,27.841,34.128,27.841
Australian GP,Lewis Hamilton,Scuderia Ferrari,44,54,89.566,Soft,0,4,329.8,27.765,34.035,27.765
Australian GP,Lewis Hamilton,Scuderia Ferrari,44,55,89.965,Hard,0,6,334.7,27.889,34.187,27.889
Australian GP,Lewis Hamilton,Scuderia Ferrari,44,56,89.254,Wet,0,3,340.3,27.669,33.917,27.669
Australian GP,Lewis Hamilton,Scuderia Ferrari,44,57,89.654,Soft,0,1,324.6,27.793,34.069,27.793
Australian GP,Lewis Hamilton,Scuderia Ferrari,44,58,89.774,Intermediate,0,3,342.9,27.83,34.114,27.83
Australian GP,Lewis Hamilton,Scuderia Ferrari,44,59,89.767,Soft,0,5,303.6,27.828,34.111,27.828
Australian GP,Lewis Hamilton,Scuderia Ferrari,44,60,89.904,Soft,0,1,300.2,27.87,34.164,27.87
Australian GP,Lewis Hamilton,Scuderia Ferrari,44,61,89.799,Soft,0,2,346.9,27.838,34.124,27.838
Australian GP,Lewis Hamilton,Scuderia Ferrari,44,62,89.039,Soft,0,3,340.0,27.602,33.835,27.602
Australian GP,Lewis Hamilton,Scuderia Ferrari,44,63,89.032,Soft,0,1,300.5,27.6,33.832,27.6
Australian GP,Lewis Hamilton,Scuderia Ferrari,44,64,89.99,Medium,0,4,316.1,27.897,34.196,27.897
Australian GP,Lewis Hamilton,Scuderia Ferrari,44,65,90.106,Medium,0,2,302.3,27.933,34.24,27.933
Australian GP,Lewis Hamilton,Scuderia Ferrari,44,66,90.169,Medium,0,3,347.7,27.952,34.264,27.952
Australian GP,Lewis Hamilton,Scuderia Ferrari,44,67,90.119,Hard,0,1,306.1,27.937,34.245,27.937
Australian GP,Lewis Hamilton,Scuderia Ferrari,44,68,90.114,Hard,0,2,313.2,27.935,34.243,27.935
Australian GP,Lewis Hamilton,Scuderia Ferrari,44,69,89.711,Soft,0,4,301.8,27.81,34.09,27.81
Australian GP,Lewis Hamilton,Scuderia Ferrari,44,70,89.335,Medium,0,2,302.8,27.694,33.947,27.694
Australian GP,Lewis Hamilton,Scuderia Ferrari,44,71,89.44,Soft,0,6,307.4,27.726,33.987,27.726
Australian GP,Lando Norris,McLaren,4,1,89.939,Soft,0,3,314.7,27.881,34.177,27.881
Australian GP,Lando Norris,McLaren,4,2,89.874,Intermediate,0,4,328.2,27.861,34.152,27.861
Australian GP,Lando Norris,McLaren,4,3,89.327,Soft,0,5,303.3,27.691,33.944,27.691
Australian GP,Lando Norris,McLaren,4,4,89.326,Hard,0,1,345.4,27.691,33.944,27.691
Australian GP,Lando Norris,McLaren,4,5,89.924,Hard,0,1,338.4,27.876,34.171,27.876
Australian GP,Lando Norris,McLaren,4,6,89.27,Soft,0,1,334.7,27.674,33.923,27.674
Australian GP,Lando Norris,McLaren,4,7,89.278,Medium,0,6,303.0,27.676,33.926,27.676
Australian GP,Lando Norris,McLaren,4,8,89.424,Medium,0,2,322.2,27.721,33.981,27.721
Australian GP,Lando Norris,McLaren,4,9,89.615,Hard,0,9,302.6,27.781,34.054,27.781
Australian GP,Lando Norris,McLaren,4,10,89.688,Medium,0,2,324.3,27.803,34.081,27.803
Australian GP,Lando Norris,McLaren,4,11,89.742,Medium,0,4,333.7,27.82,34.102,27.82
Australian GP,Lando Norris,McLaren,4,12,89.377,Hard,0,7,325.7,27.707,33.963,27.707
Australian GP,Lando Norris,McLaren,4,13,89.472,Medium,0,8,311.2,27.736,33.999,27.736
Australian GP,Lando Norris,McLaren,4,14,89.966,Intermediate,0,8,308.3,27.889,34.187,27.889
Australian GP,Lando Norris,McLaren,4,15,89.237,Intermediate,0,6,315.8,27.663,33.91,27.663
Australian GP,Lando Norris,McLaren,4,16,89.379,Soft,0,6,331.5,27.707,33.964,27.707
Australian GP,Lando Norris,McLaren,4,17,89.518,Soft,0,5,315.1,27.751,34.017,27.751
Australian GP,Lando Norris,McLaren,4,18,88.954,Hard,0,5,303.2,27.576,33.803,27.576
Australian GP,Lando Norris,McLaren,4,19,89.522,Medium,0,2,320.9,27.752,34.018,27.752
Australian GP,Lando Norris,McLaren,4,20,90.035,Soft,0,2,303.6,27.911,34.213,27.911
Australian GP,Lando Norris,McLaren,4,21,89.238,Soft,0,3,340.8,27.664,33.91,27.664
Australian GP,Lando Norris,McLaren,4,22,90.339,Intermediate,0,3,311.8,28.005,34.329,28.005
Australian GP,Lando Norris,McLaren,4,23,89.103,Wet,0,3,315.8,27.622,33.859,27.622
Australian GP,Lando Norris,McLaren,4,24,89.486,Soft,1,5,305.1,27.741,34.005,27.741
Australian GP,Lando Norris,McLaren,4,25,89.668,Medium,0,5,340.5,27.797,34.074,27.797
Australian GP,Lando Norris,McLaren,4,26,89.365,Medium,0,4,301.0,27.703,33.959,27.703
Australian GP,Lando Norris,McLaren,4,27,89.911,Medium,0,6,310.5,27.872,34.166,27.872
Australian GP,Lando Norris,McLaren,4,28,89.64,Hard,0,1,305.3,27.788,34.063,27.788
Australian GP,Lando Norris,McLaren,4,29,89.189,Soft,0,3,326.0,27.649,33.892,27.649
Australian GP,Lando Norris,McLaren,4,30,89.238,Intermediate,0,2,348.9,27.664,33.91,27.664
Australian GP,Lando Norris,McLaren,4,31,89.695,Medium,0,1,334.9,27.805,34.084,27.805
Australian GP,Lando Norris,McLaren,4,32,89.425,Medium,0,3,300.6,27.722,33.981,27.722
Australian GP,Lando Norris,McLaren,4,33,89.87,Medium,0,3,311.0,27.86,34.151,27.86
Australian GP,Lando Norris,McLaren,4,34,89.46,Medium,0,7,343.6,27.733,33.995,27.733
Australian GP,Lando Norris,McLaren,4,35,89.614,Intermediate,0,5,349.6,27.78,34.053,27.78
Australian GP,Lando Norris,McLaren,4,36,89.313,Soft,0,1,297.2,27.687,33.939,27.687
Australian GP,Lando Norris,McLaren,4,37,90.092,Medium,0,7,326.2,27.929,34.235,27.929
Australian GP,Lando Norris,McLaren,4,38,89.042,Hard,0,6,325.1,27.603,33.836,27.603
Australian GP,Lando Norris,McLaren,4,39,89.503,Soft,0,5,303.9,27.746,34.011,27.746
Australian GP,Lando Norris,McLaren,4,40,89.741,Soft,0,3,309.2,27.82,34.102,27.82
Australian GP,Lando Norris,McLaren,4,41,90.12,Medium,0,2,346.7,27.937,34.246,27.937
Australian GP,Lando Norris,McLaren,4,42,89.917,Medium,0,3,319.2,27.874,34.168,27.874
Australian GP,Lando Norris,McLaren,4,43,89.988,Medium,0,6,343.3,27.896,34.195,27.896
Australian GP,Lando Norris,McLaren,4,44,89.911,Hard,0,7,333.5,27.872,34.166,27.872
Australian GP,Lando Norris,McLaren,4,45,89.029,Medium,0,7,342.0,27.599,33.831,27.599
Australian GP,Lando Norris,McLaren,4,46,89.429,Soft,0,3,320.8,27.723,33.983,27.723
Australian GP,Lando Norris,McLaren,4,47,89.343,Soft,0,1,337.3,27.696,33.95,27.696
Australian GP,Lando Norris,McLaren,4,48,89.12,Medium,0,4,306.7,27.627,33.866,27.627
Australian GP,Lando Norris,McLaren,4,49,89.633,Medium,0,1,303.0,27.786,34.061,27.786
Australian GP,Lando Norris,McLaren,4,50,89.112,Medium,0,4,298.4,27.625,33.863,27.625
Australian GP,Lando Norris,McLaren,4,51,90.744,Soft,0,3,342.7,28.131,34.483,28.131
Australian GP,Lando Norris,McLaren,4,52,89.994,Soft,0,3,310.1,27.898,34.198,27.898
Australian GP,Lando Norris,McLaren,4,53,89.674,Hard,0,1,306.8,27.799,34.076,27.799
Australian GP,Lando Norris,McLaren,4,54,89.102,Hard,0,5,313.8,27.622,33.859,27.622
Australian GP,Lando Norris,McLaren,4,55,89.378,Medium,0,2,324.5,27.707,33.964,27.707
Australian GP,Lando Norris,McLaren,4,56,89.984,Intermediate,0,1,340.3,27.895,34.194,27.895
Australian GP,Lando Norris,McLaren,4,57,89.777,Medium,0,1,331.5,27.831,34.115,27.831
Australian GP,Lando Norris,McLaren,4,58,89.904,Intermediate,0,3,342.5,27.87,34.164,27.87
Australian GP,Lando Norris,McLaren,4,59,89.766,Soft,0,7,349.4,27.827,34.111,27.827
Australian GP,Lando Norris,McLaren,4,60,89.65,Medium,0,7,307.0,27.792,34.067,27.792
Australian GP,Lando Norris,McLaren,4,61,89.899,Soft,0,3,306.9,27.869,34.162,27.869
Australian GP,Lando Norris,McLaren,4,62,90.667,Medium,0,2,315.4,28.107,34.453,28.107
Australian GP,Lando Norris,McLaren,4,63,89.936,Medium,0,4,333.5,27.88,34.176,27.88
Australian GP,Lando Norris,McLaren,4,64,89.41,Hard,0,2,323.8,27.717,33.976,27.717
Australian GP,Lando Norris,McLaren,4,65,89.301,Medium,0,4,325.4,27.683,33.934,27.683
Australian GP,Lando Norris,McLaren,4,66,89.463,Hard,0,5,329.9,27.734,33.996,27.734
Australian GP,Lando Norris,McLaren,4,67,90.248,Soft,0,6,328.9,27.977,34.294,27.977
Australian GP,Lando Norris,McLaren,4,68,89.831,Medium,0,3,300.5,27.848,34.136,27.848
Australian GP,Lando Norris,McLaren,4,69,90.006,Hard,0,3,306.7,27.902,34.202,27.902
Australian GP,Lando Norris,McLaren,4,70,89.357,Hard,0,2,314.3,27.701,33.956,27.701
Australian GP,Lando Norris,McLaren,4,71,90.035,Hard,0,2,295.4,27.911,34.213,27.911
Australian GP,Lando Norris,McLaren,4,72,90.101,Soft,0,3,311.9,27.931,34.238,27.931
Australian GP,Lando Norris,McLaren,4,73,89.441,Intermediate,0,4,295.9,27.727,33.988,27.727
Australian GP,Oscar Piastri,McLaren,81,1,92.199,Wet,0,6,325.6,28.582,35.036,28.582
Australian GP,Oscar Piastri,McLaren,81,2,91.896,Hard,0,3,302.1,28.488,34.92,28.488
Australian GP,Oscar Piastri,McLaren,81,3,91.512,Intermediate,0,7,303.7,28.369,34.775,28.369
Australian GP,Oscar Piastri,McLaren,81,4,92.073,Medium,0,4,341.4,28.543,34.988,28.543
Australian GP,Oscar Piastri,McLaren,81,5,91.555,Medium,0,4,300.1,28.382,34.791,28.382
Australian GP,Oscar Piastri,McLaren,81,6,92.052,Soft,0,3,345.6,28.536,34.98,28.536
Australian GP,Oscar Piastri,McLaren,81,7,91.436,Hard,0,1,329.9,28.345,34.746,28.345
Australian GP,Oscar Piastri,McLaren,81,8,91.997,Soft,0,6,324.4,28.519,34.959,28.519
Australian GP,Oscar Piastri,McLaren,81,9,92.313,Medium,0,6,331.3,28.617,35.079,28.617
Australian GP,Oscar Piastri,McLaren,81,10,91.489,Soft,0,4,301.1,28.362,34.766,28.362
Australian GP,Oscar Piastri,McLaren,81,11,91.648,Hard,0,5,299.3,28.411,34.826,28.411
Australian GP,Oscar Piastri,McLaren,81,12,91.877,Soft,0,6,317.8,28.482,34.913,28.482
Australian GP,Oscar Piastri,McLaren,81,13,91.801,Hard,0,1,343.9,28.458,34.884,28.458
Australian GP,Oscar Piastri,McLaren,81,14,91.88,Soft,0,3,331.3,28.483,34.914,28.483
Australian GP,Oscar Piastri,McLaren,81,15,91.766,Medium,0,6,295.3,28.447,34.871,28.447
Australian GP,Oscar Piastri,McLaren,81,16,92.018,Soft,0,2,323.5,28.526,34.967,28.526
Australian GP,Oscar Piastri,McLaren,81,17,91.865,Hard,0,5,313.0,28.478,34.909,28.478
Australian GP,Oscar Piastri,McLaren,81,18,92.137,Soft,0,2,321.5,28.562,35.012,28.562
Australian GP,Oscar Piastri,McLaren,81,19,91.813,Soft,0,5,319.0,28.462,34.889,28.462
Australian GP,Oscar Piastri,McLaren,81,20,92.224,Soft,0,4,347.9,28.589,35.045,28.589
Australian GP,Oscar Piastri,McLaren,81,21,92.069,Medium,1,1,347.5,28.541,34.986,28.541
Australian GP,Oscar Piastri,McLaren,81,22,92.172,Medium,1,7,339.9,28.573,35.025,28.573
Australian GP,Oscar Piastri,McLaren,81,23,91.791,Medium,1,3,344.4,28.455,34.881,28.455
Australian GP,Oscar Piastri,McLaren,81,24,92.274,Intermediate,0,3,327.3,28.605,35.064,28.605
Australian GP,Oscar Piastri,McLaren,81,25,92.126,Intermediate,0,5,314.4,28.559,35.008,28.559
Australian GP,Oscar Piastri,McLaren,81,26,92.177,Medium,0,7,314.7,28.575,35.027,28.575
Australian GP,Oscar Piastri,McLaren,81,27,91.756,Soft,0,2,301.7,28.444,34.867,28.444
Australian GP,Oscar Piastri,McLaren,81,28,92.029,Soft,0,5,344.4,28.529,34.971,28.529
Australian GP,Oscar Piastri,McLaren,81,29,92.081,Medium,0,5,325.9,28.545,34.991,28.545
Australian GP,Oscar Piastri,McLaren,81,30,92.22,Hard,0,6,312.5,28.588,35.044,28.588
Australian GP,Oscar Piastri,McLaren,81,31,91.366,Medium,0,5,349.5,28.323,34.719,28.323
Australian GP,Oscar Piastri,McLaren,81,32,91.727,Medium,0,4,308.0,28.435,34.856,28.435
Australian GP,Oscar Piastri,McLaren,81,33,91.92,Hard,0,3,345.1,28.495,34.93,28.495
Australian GP,Oscar Piastri,McLaren,81,34,92.326,Soft,0,5,345.5,28.621,35.084,28.621
Australian GP,Oscar Piastri,McLaren,81,35,91.297,Medium,0,2,334.8,28.302,34.693,28.302
Australian GP,Oscar Piastri,McLaren,81,36,91.82,Soft,0,1,322.2,28.464,34.892,28.464
Australian GP,Oscar Piastri,McLaren,81,37,92.026,Medium,0,5,341.4,28.528,34.97,28.528
Australian GP,Oscar Piastri,McLaren,81,38,91.29,Soft,1,6,349.6,28.3,34.69,28.3
Australian GP,Oscar Piastri,McLaren,81,39,91.493,Hard,0,1,339.9,28.363,34.767,28.363
Australian GP,Oscar Piastri,McLaren,81,40,92.468,Soft,0,2,301.1,28.665,35.138,28.665
Australian GP,Oscar Piastri,McLaren,81,41,91.758,Medium,0,6,309.8,28.445,34.868,28.445
Australian GP,Oscar Piastri,McLaren,81,42,91.879,Soft,0,9,342.4,28.482,34.914,28.482
Australian GP,Oscar Piastri,McLaren,81,43,92.325,Medium,0,5,326.8,28.621,35.084,28.621
Australian GP,Oscar Piastri,McLaren,81,44,92.092,Hard,0,3,300.0,28.549,34.995,28.549
Australian GP,Oscar Piastri,McLaren,81,45,92.231,Hard,0,4,331.3,28.592,35.048,28.592
Australian GP,Oscar Piastri,McLaren,81,46,91.419,Medium,0,7,295.7,28.34,34.739,28.34
Australian GP,Oscar Piastri,McLaren,81,47,91.725,Medium,0,3,306.5,28.435,34.855,28.435
Australian GP,Oscar Piastri,McLaren,81,48,92.287,Medium,0,3,341.6,28.609,35.069,28.609
Australian GP,Oscar Piastri,McLaren,81,49,91.925,Medium,0,4,342.7,28.497,34.931,28.497
Australian GP,Oscar Piastri,McLaren,81,50,91.675,Soft,0,3,332.7,28.419,34.837,28.419
Australian GP,Oscar Piastri,McLaren,81,51,92.313,Hard,0,5,295.9,28.617,35.079,28.617
Australian GP,Oscar Piastri,McLaren,81,52,91.608,Hard,0,8,314.4,28.398,34.811,28.398
Australian GP,Oscar Piastri,McLaren,81,53,91.947,Medium,0,5,316.8,28.504,34.94,28.504
Australian GP,Oscar Piastri,McLaren,81,54,91.93,Soft,0,4,297.7,28.498,34.933,28.498
Australian GP,Oscar Piastri,McLaren,81,55,91.675,Soft,0,4,304.7,28.419,34.837,28.419
Australian GP,Oscar Piastri,McLaren,81,56,91.973,Medium,0,1,330.5,28.512,34.95,28.512
Australian GP,George Russell,Mercedes-AMG,63,1,91.251,Soft,0,7,300.6,28.288,34.675,28.288
Australian GP,George Russell,Mercedes-AMG,63,2,91.411,Medium,0,5,300.6,28.337,34.736,28.337
Australian GP,George Russell,Mercedes-AMG,63,3,90.884,Soft,0,5,333.8,28.174,34.536,28.174
Australian GP,George Russell,Mercedes-AMG,63,4,90.861,Medium,0,12,335.6,28.167,34.527,28.167
Australian GP,George Russell,Mercedes-AMG,63,5,91.396,Soft,0,6,344.5,28.333,34.73,28.333
Australian GP,George Russell,Mercedes-AMG,63,6,91.538,Medium,0,4,304.8,28.377,34.784,28.377
Australian GP,George Russell,Mercedes-AMG,63,7,91.064,Hard,0,5,327.7,28.23,34.604,28.23
Australian GP,George Russell,Mercedes-AMG,63,8,91.347,Soft,0,8,297.5,28.318,34.712,28.318
Australian GP,George Russell,Mercedes-AMG,63,9,91.872,Hard,0,6,322.7,28.48,34.911,28.48
Australian GP,George Russell,Mercedes-AMG,63,10,91.071,Hard,0,3,319.9,28.232,34.607,28.232
Australian GP,George Russell,Mercedes-AMG,63,11,91.333,Medium,0,7,320.2,28.313,34.707,28.313
Australian GP,George Russell,Mercedes-AMG,63,12,91.201,Medium,0,4,301.2,28.272,34.656,28.272
Australian GP,George Russell,Mercedes-AMG,63,13,91.237,Soft,0,9,314.6,28.283,34.67,28.283
Australian GP,George Russell,Mercedes-AMG,63,14,91.622,Wet,0,8,306.3,28.403,34.816,28.403
Australian GP,George Russell,Mercedes-AMG,63,15,91.831,Medium,0,5,343.2,28.468,34.896,28.468
Australian GP,George Russell,Mercedes-AMG,63,16,92.149,Soft,0,8,343.8,28.566,35.017,28.566
Australian GP,George Russell,Mercedes-AMG,63,17,92.054,Soft,0,6,297.3,28.537,34.981,28.537
Australian GP,George Russell,Mercedes-AMG,63,18,91.392,Hard,0,7,310.9,28.332,34.729,28.332
Australian GP,George Russell,Mercedes-AMG,63,19,91.424,Medium,0,6,323.8,28.341,34.741,28.341
Australian GP,George Russell,Mercedes-AMG,63,20,91.877,Medium,0,4,298.6,28.482,34.913,28.482
Australian GP,George Russell,Mercedes-AMG,63,21,90.899,Soft,0,4,297.9,28.179,34.542,28.179
Australian GP,George Russell,Mercedes-AMG,63,22,91.214,Hard,0,8,308.8,28.276,34.661,28.276
Australian GP,George Russell,Mercedes-AMG,63,23,92.26,Medium,0,5,303.5,28.601,35.059,28.601
Australian GP,George Russell,Mercedes-AMG,63,24,91.001,Hard,1,5,327.2,28.21,34.58,28.21
Australian GP,George Russell,Mercedes-AMG,63,25,90.82,Intermediate,0,4,339.6,28.154,34.512,28.154
Australian GP,George Russell,Mercedes-AMG,63,26,92.195,Soft,0,6,345.6,28.58,35.034,28.58
Australian GP,George Russell,Mercedes-AMG,63,27,91.12,Hard,0,10,332.6,28.247,34.626,28.247
Australian GP,George Russell,Mercedes-AMG,63,28,91.177,Soft,0,3,299.7,28.265,34.647,28.265
Australian GP,George Russell,Mercedes-AMG,63,29,91.015,Hard,0,6,300.3,28.215,34.586,28.215
Australian GP,George Russell,Mercedes-AMG,63,30,91.173,Hard,0,8,320.8,28.264,34.646,28.264
Australian GP,George Russell,Mercedes-AMG,63,31,91.672,Medium,0,5,296.5,28.418,34.835,28.418
Australian GP,George Russell,Mercedes-AMG,63,32,90.83,Intermediate,0,6,326.9,28.157,34.515,28.157
Australian GP,George Russell,Mercedes-AMG,63,33,91.279,Medium,0,3,297.9,28.296,34.686,28.296
Australian GP,George Russell,Mercedes-AMG,63,34,91.405,Medium,0,6,320.3,28.336,34.734,28.336
Australian GP,George Russell,Mercedes-AMG,63,35,90.946,Wet,0,5,313.3,28.193,34.559,28.193
Australian GP,George Russell,Mercedes-AMG,63,36,91.204,Hard,1,7,301.7,28.273,34.658,28.273
Australian GP,George Russell,Mercedes-AMG,63,37,91.31,Medium,0,8,302.5,28.306,34.698,28.306
Australian GP,George Russell,Mercedes-AMG,63,38,90.949,Wet,0,11,339.3,28.194,34.561,28.194
Australian GP,George Russell,Mercedes-AMG,63,39,90.881,Medium,0,7,323.6,28.173,34.535,28.173
Australian GP,George Russell,Mercedes-AMG,63,40,91.403,Hard,0,6,316.5,28.335,34.733,28.335
Australian GP,George Russell,Mercedes-AMG,63,41,91.217,Soft,0,6,341.3,28.277,34.662,28.277
Australian GP,George Russell,Mercedes-AMG,63,42,91.978,Hard,0,5,318.8,28.513,34.952,28.513
Australian GP,George Russell,Mercedes-AMG,63,43,91.659,Hard,0,6,323.1,28.414,34.83,28.414
Australian GP,George Russell,Mercedes-AMG,63,44,90.977,Hard,0,5,315.2,28.203,34.571,28.203
Australian GP,George Russell,Mercedes-AMG,63,45,91.814,Soft,0,6,339.7,28.462,34.889,28.462
Australian GP,George Russell,Mercedes-AMG,63,46,91.182,Medium,0,8,326.9,28.266,34.649,28.266
Australian GP,George Russell,Mercedes-AMG,63,47,91.972,Medium,0,3,344.9,28.511,34.949,28.511
Australian GP,George Russell,Mercedes-AMG,63,48,91.962,Hard,0,8,295.5,28.508,34.946,28.508
Australian GP,George Russell,Mercedes-AMG,63,49,91.681,Medium,0,8,344.6,28.421,34.839,28.421
Australian GP,George Russell,Mercedes-AMG,63,50,91.397,Soft,0,5,320.3,28.333,34.731,28.333
Australian GP,George Russell,Mercedes-AMG,63,51,91.64,Medium,0,1,298.8,28.408,34.823,28.408
Australian GP,George Russell,Mercedes-AMG,63,52,91.579,Hard,1,4,337.6,28.389,34.8,28.389
Australian GP,George Russell,Mercedes-AMG,63,53,91.06,Intermediate,0,8,327.1,28.229,34.603,28.229
Australian GP,George Russell,Mercedes-AMG,63,54,90.668,Hard,0,5,300.3,28.107,34.454,28.107
Australian GP,George Russell,Mercedes-AMG,63,55,91.343,Medium,0,4,349.0,28.316,34.71,28.316
Australian GP,Fernando Alonso,Aston Martin,14,1,92.813,Hard,0,5,336.6,28.772,35.269,28.772
Australian GP,Fernando Alonso,Aston Martin,14,2,92.056,Soft,0,8,341.6,28.537,34.981,28.537
Australian GP,Fernando Alonso,Aston Martin,14,3,92.363,Medium,0,8,345.8,28.633,35.098,28.633
Australian GP,Fernando Alonso,Aston Martin,14,4,92.422,Soft,0,6,306.0,28.651,35.12,28.651
Australian GP,Fernando Alonso,Aston Martin,14,5,92.722,Soft,0,6,318.9,28.744,35.234,28.744
Australian GP,Fernando Alonso,Aston Martin,14,6,92.019,Intermediate,0,6,306.2,28.526,34.967,28.526
Australian GP,Fernando Alonso,Aston Martin,14,7,92.536,Medium,0,5,342.5,28.686,35.164,28.686
Australian GP,Fernando Alonso,Aston Martin,14,8,92.774,Intermediate,0,10,322.3,28.76,35.254,28.76
Australian GP,Fernando Alonso,Aston Martin,14,9,92.637,Medium,0,6,341.9,28.717,35.202,28.717
Australian GP,Fernando Alonso,Aston Martin,14,10,92.776,Hard,0,9,302.0,28.761,35.255,28.761
Australian GP,Fernando Alonso,Aston Martin,14,11,92.561,Soft,0,10,313.2,28.694,35.173,28.694
Australian GP,Fernando Alonso,Aston Martin,14,12,92.625,Hard,0,8,333.7,28.714,35.197,28.714
Australian GP,Fernando Alonso,Aston Martin,14,13,92.547,Soft,0,6,326.6,28.69,35.168,28.69
Australian GP,Fernando Alonso,Aston Martin,14,14,92.283,Hard,0,7,327.1,28.608,35.068,28.608
Australian GP,Fernando Alonso,Aston Martin,14,15,92.395,Medium,0,6,313.4,28.642,35.11,28.642
Australian GP,Fernando Alonso,Aston Martin,14,16,92.466,Hard,0,5,308.0,28.664,35.137,28.664
Australian GP,Fernando Alonso,Aston Martin,14,17,92.483,Medium,0,7,314.0,28.67,35.144,28.67
Australian GP,Fernando Alonso,Aston Martin,14,18,92.556,Medium,0,4,343.8,28.692,35.171,28.692
Australian GP,Fernando Alonso,Aston Martin,14,19,92.919,Soft,0,9,322.3,28.805,35.309,28.805
Australian GP,Fernando Alonso,Aston Martin,14,20,92.941,Medium,0,6,296.2,28.812,35.318,28.812
Australian GP,Fernando Alonso,Aston Martin,14,21,92.755,Soft,0,7,332.5,28.754,35.247,28.754
Australian GP,Fernando Alonso,Aston Martin,14,22,92.157,Hard,0,7,318.6,28.569,35.02,28.569
Australian GP,Fernando Alonso,Aston Martin,14,23,92.644,Soft,1,6,314.3,28.72,35.205,28.72
Australian GP,Fernando Alonso,Aston Martin,14,24,92.531,Soft,0,8,307.5,28.685,35.162,28.685
Australian GP,Fernando Alonso,Aston Martin,14,25,92.292,Hard,0,6,299.2,28.611,35.071,28.611
Australian GP,Fernando Alonso,Aston Martin,14,26,92.364,Medium,0,8,349.9,28.633,35.098,28.633
Australian GP,Fernando Alonso,Aston Martin,14,27,92.623,Soft,0,4,299.2,28.713,35.197,28.713
Australian GP,Fernando Alonso,Aston Martin,14,28,92.828,Medium,0,7,319.4,28.777,35.275,28.777
Australian GP,Fernando Alonso,Aston Martin,14,29,92.891,Soft,0,10,324.0,28.796,35.299,28.796
Australian GP,Fernando Alonso,Aston Martin,14,30,92.597,Soft,0,4,344.5,28.705,35.187,28.705
Australian GP,Fernando Alonso,Aston Martin,14,31,92.141,Soft,0,5,307.7,28.564,35.014,28.564
Australian GP,Fernando Alonso,Aston Martin,14,32,92.794,Hard,0,8,348.8,28.766,35.262,28.766
Australian GP,Fernando Alonso,Aston Martin,14,33,92.491,Soft,0,7,341.0,28.672,35.147,28.672
Australian GP,Fernando Alonso,Aston Martin,14,34,92.505,Hard,0,7,298.3,28.677,35.152,28.677
Australian GP,Fernando Alonso,Aston Martin,14,35,92.981,Medium,0,7,307.3,28.824,35.333,28.824
Australian GP,Fernando Alonso,Aston Martin,14,36,92.49,Soft,0,8,296.7,28.672,35.146,28.672
Australian GP,Fernando Alonso,Aston Martin,14,37,93.248,Hard,0,9,345.7,28.907,35.434,28.907
Australian GP,Fernando Alonso,Aston Martin,14,38,93.025,Hard,0,7,334.9,28.838,35.349,28.838
Australian GP,Fernando Alonso,Aston Martin,14,39,93.097,Intermediate,0,6,339.4,28.86,35.377,28.86
Australian GP,Fernando Alonso,Aston Martin,14,40,93.353,Soft,0,8,320.5,28.939,35.474,28.939
Australian GP,Fernando Alonso,Aston Martin,14,41,92.568,Hard,0,10,302.3,28.696,35.176,28.696
Australian GP,Fernando Alonso,Aston Martin,14,42,92.823,Soft,1,6,337.4,28.775,35.273,28.775
Australian GP,Fernando Alonso,Aston Martin,14,43,92.696,Medium,0,5,309.8,28.736,35.224,28.736
Australian GP,Fernando Alonso,Aston Martin,14,44,93.432,Medium,0,9,311.9,28.964,35.504,28.964
Australian GP,Fernando Alonso,Aston Martin,14,45,93.468,Medium,0,6,319.2,28.975,35.518,28.975
Australian GP,Fernando Alonso,Aston Martin,14,46,92.467,Medium,0,2,307.0,28.665,35.137,28.665
Australian GP,Fernando Alonso,Aston Martin,14,47,92.409,Hard,0,8,312.3,28.647,35.115,28.647
Australian GP,Fernando Alonso,Aston Martin,14,48,92.502,Hard,0,5,342.8,28.676,35.151,28.676
Australian GP,Fernando Alonso,Aston Martin,14,49,92.279,Hard,0,6,307.8,28.606,35.066,28.606
Australian GP,Fernando Alonso,Aston Martin,14,50,92.457,Medium,0,7,297.3,28.662,35.134,28.662
Australian GP,Fernando Alonso,Aston Martin,14,51,92.716,Soft,0,7,295.9,28.742,35.232,28.742
Australian GP,Fernando Alonso,Aston Martin,14,52,91.964,Soft,0,8,299.3,28.509,34.946,28.509
Australian GP,Fernando Alonso,Aston Martin,14,53,92.318,Soft,0,6,340.6,28.619,35.081,28.619
Australian GP,Fernando Alonso,Aston Martin,14,54,92.661,Soft,1,8,313.0,28.725,35.211,28.725
Australian GP,Fernando Alonso,Aston Martin,14,55,92.387,Hard,0,6,346.8,28.64,35.107,28.64
Australian GP,Fernando Alonso,Aston Martin,14,56,92.309,Soft,0,8,345.2,28.616,35.077,28.616
Australian GP,Fernando Alonso,Aston Martin,14,57,92.289,Medium,0,8,338.1,28.61,35.07,28.61
Australian GP,Fernando Alonso,Aston Martin,14,58,92.527,Medium,0,5,316.0,28.683,35.16,28.683
Australian GP,Fernando Alonso,Aston Martin,14,59,93.187,Wet,0,9,349.9,28.888,35.411,28.888
Australian GP,Fernando Alonso,Aston Martin,14,60,92.145,Hard,0,5,328.4,28.565,35.015,28.565
Australian GP,Fernando Alonso,Aston Martin,14,61,92.173,Medium,0,8,313.1,28.574,35.026,28.574
Australian GP,Fernando Alonso,Aston Martin,14,62,92.403,Wet,0,7,319.5,28.645,35.113,28.645
Australian GP,Fernando Alonso,Aston Martin,14,63,92.417,Medium,0,10,330.9,28.649,35.118,28.649
Australian GP,Fernando Alonso,Aston Martin,14,64,92.807,Medium,0,6,345.9,28.77,35.267,28.77
Australian GP,Fernando Alonso,Aston Martin,14,65,93.026,Medium,0,6,328.3,28.838,35.35,28.838
Australian GP,Fernando Alonso,Aston Martin,14,66,92.401,Medium,0,6,349.1,28.644,35.112,28.644
Australian GP,Fernando Alonso,Aston Martin,14,67,92.895,Hard,0,6,295.9,28.797,35.3,28.797
Australian GP,Fernando Alonso,Aston Martin,14,68,93.0,Hard,0,8,335.9,28.83,35.34,28.83
Australian GP,Fernando Alonso,Aston Martin,14,69,93.186,Soft,0,3,349.4,28.888,35.411,28.888
Australian GP,Fernando Alonso,Aston Martin,14,70,92.779,Medium,0,4,314.5,28.761,35.256,28.761
Australian GP,Fernando Alonso,Aston Martin,14,71,92.686,Soft,0,4,344.4,28.733,35.221,28.733
Australian GP,Fernando Alonso,Aston Martin,14,72,93.146,Wet,1,8,299.1,28.875,35.395,28.875
Australian GP,Fernando Alonso,Aston Martin,14,73,93.638,Medium,0,10,310.9,29.028,35.582,29.028
Australian GP,Fernando Alonso,Aston Martin,14,74,93.087,Hard,0,6,299.6,28.857,35.373,28.857
Australian GP,Fernando Alonso,Aston Martin,14,75,92.289,Medium,0,6,312.6,28.61,35.07,28.61
Australian GP,Fernando Alonso,Aston Martin,14,76,92.911,Intermediate,1,7,307.8,28.802,35.306,28.802
Australian GP,Fernando Alonso,Aston Martin,14,77,92.827,Hard,0,9,341.4,28.776,35.274,28.776
Australian GP,Yuki Tsunoda,RB,22,1,88.517,Soft,0,6,318.7,27.44,33.636,27.44
Australian GP,Yuki Tsunoda,RB,22,2,88.989,Soft,0,8,304.1,27.587,33.816,27.587
Australian GP,Yuki Tsunoda,RB,22,3,88.812,Hard,0,9,346.7,27.532,33.749,27.532
Australian GP,Yuki Tsunoda,RB,22,4,89.231,Intermediate,0,9,302.8,27.662,33.908,27.662
Australian GP,Yuki Tsunoda,RB,22,5,88.96,Soft,0,8,347.8,27.578,33.805,27.578
Australian GP,Yuki Tsunoda,RB,22,6,89.213,Soft,0,10,310.5,27.656,33.901,27.656
Australian GP,Yuki Tsunoda,RB,22,7,89.064,Hard,0,2,345.5,27.61,33.844,27.61
Australian GP,Yuki Tsunoda,RB,22,8,88.938,Soft,0,9,349.6,27.571,33.796,27.571
Australian GP,Yuki Tsunoda,RB,22,9,89.474,Hard,0,6,335.0,27.737,34.0,27.737
Australian GP,Yuki Tsunoda,RB,22,10,88.801,Medium,0,4,332.0,27.528,33.744,27.528
Australian GP,Yuki Tsunoda,RB,22,11,88.977,Intermediate,0,9,300.5,27.583,33.811,27.583
Australian GP,Yuki Tsunoda,RB,22,12,89.066,Hard,0,10,347.2,27.61,33.845,27.61
Australian GP,Yuki Tsunoda,RB,22,13,89.131,Hard,0,7,332.0,27.631,33.87,27.631
Australian GP,Yuki Tsunoda,RB,22,14,89.141,Soft,0,9,310.5,27.634,33.874,27.634
Australian GP,Yuki Tsunoda,RB,22,15,88.843,Medium,0,11,295.2,27.541,33.76,27.541
Australian GP,Yuki Tsunoda,RB,22,16,89.326,Hard,0,10,318.0,27.691,33.944,27.691
Australian GP,Yuki Tsunoda,RB,22,17,89.433,Soft,0,11,321.6,27.724,33.985,27.724
Australian GP,Yuki Tsunoda,RB,22,18,89.814,Hard,0,9,322.0,27.842,34.129,27.842
Australian GP,Yuki Tsunoda,RB,22,19,89.393,Soft,0,8,301.2,27.712,33.969,27.712
Australian GP,Yuki Tsunoda,RB,22,20,89.218,Soft,0,4,301.4,27.658,33.903,27.658
Australian GP,Yuki Tsunoda,RB,22,21,89.792,Medium,0,7,333.8,27.836,34.121,27.836
Australian GP,Yuki Tsunoda,RB,22,22,89.957,Medium,0,6,296.6,27.887,34.184,27.887
Australian GP,Yuki Tsunoda,RB,22,23,89.209,Hard,0,12,325.9,27.655,33.899,27.655
Australian GP,Yuki Tsunoda,RB,22,24,89.065,Medium,0,7,318.4,27.61,33.845,27.61
Australian GP,Yuki Tsunoda,RB,22,25,88.662,Hard,0,8,330.0,27.485,33.692,27.485
Australian GP,Yuki Tsunoda,RB,22,26,88.921,Medium,0,9,324.5,27.566,33.79,27.566
Australian GP,Yuki Tsunoda,RB,22,27,89.278,Medium,0,8,296.1,27.676,33.926,27.676
Australian GP,Yuki Tsunoda,RB,22,28,88.852,Hard,0,11,337.2,27.544,33.764,27.544
Australian GP,Yuki Tsunoda,RB,22,29,89.193,Medium,0,6,349.2,27.65,33.893,27.65
Australian GP,Yuki Tsunoda,RB,22,30,88.656,Hard,0,8,313.2,27.483,33.689,27.483
Australian GP,Yuki Tsunoda,RB,22,31,88.833,Soft,0,6,336.5,27.538,33.757,27.538
Australian GP,Yuki Tsunoda,RB,22,32,89.461,Soft,0,5,311.6,27.733,33.995,27.733
Australian GP,Yuki Tsunoda,RB,22,33,89.325,Soft,0,6,339.7,27.691,33.944,27.691
Australian GP,Yuki Tsunoda,RB,22,34,88.658,Hard,0,7,342.4,27.484,33.69,27.484
Australian GP,Yuki Tsunoda,RB,22,35,89.053,Hard,0,7,296.1,27.606,33.84,27.606
Australian GP,Yuki Tsunoda,RB,22,36,89.126,Medium,0,6,338.2,27.629,33.868,27.629
Australian GP,Yuki Tsunoda,RB,22,37,88.571,Soft,0,5,300.5,27.457,33.657,27.457
Australian GP,Yuki Tsunoda,RB,22,38,88.919,Soft,0,7,325.9,27.565,33.789,27.565
Australian GP,Yuki Tsunoda,RB,22,39,89.189,Medium,0,4,295.9,27.649,33.892,27.649
Australian GP,Yuki Tsunoda,RB,22,40,89.589,Hard,0,9,319.9,27.773,34.044,27.773
Australian GP,Yuki Tsunoda,RB,22,41,88.792,Medium,0,8,330.4,27.526,33.741,27.526
Australian GP,Yuki Tsunoda,RB,22,42,89.192,Soft,0,5,304.3,27.65,33.893,27.65
Australian GP,Yuki Tsunoda,RB,22,43,88.764,Medium,0,7,323.8,27.517,33.73,27.517
Australian GP,Yuki Tsunoda,RB,22,44,88.812,Medium,0,6,340.9,27.532,33.749,27.532
Australian GP,Yuki Tsunoda,RB,22,45,89.14,Medium,0,8,309.7,27.633,33.873,27.633
Australian GP,Yuki Tsunoda,RB,22,46,89.244,Medium,1,10,347.8,27.666,33.913,27.666
Australian GP,Yuki Tsunoda,RB,22,47,89.087,Medium,0,4,345.7,27.617,33.853,27.617
Australian GP,Yuki Tsunoda,RB,22,48,89.314,Hard,0,8,323.6,27.687,33.939,27.687
Australian GP,Yuki Tsunoda,RB,22,49,88.951,Wet,0,7,343.7,27.575,33.801,27.575
Australian GP,Yuki Tsunoda,RB,22,50,89.424,Medium,0,9,318.0,27.721,33.981,27.721
Australian GP,Yuki Tsunoda,RB,22,51,88.868,Soft,0,8,323.7,27.549,33.77,27.549
Australian GP,Yuki Tsunoda,RB,22,52,88.485,Soft,0,6,339.2,27.43,33.624,27.43
Australian GP,Yuki Tsunoda,RB,22,53,88.596,Medium,0,7,346.0,27.465,33.666,27.465
Australian GP,Yuki Tsunoda,RB,22,54,89.273,Medium,0,6,317.9,27.675,33.924,27.675
Australian GP,Yuki Tsunoda,RB,22,55,89.722,Soft,0,10,306.0,27.814,34.094,27.814
Australian GP,Yuki Tsunoda,RB,22,56,88.702,Soft,0,8,327.7,27.498,33.707,27.498
Australian GP,Yuki Tsunoda,RB,22,57,89.001,Soft,0,11,346.0,27.59,33.82,27.59
Australian GP,Yuki Tsunoda,RB,22,58,89.453,Medium,0,7,315.2,27.73,33.992,27.73
Australian GP,Yuki Tsunoda,RB,22,59,89.07,Medium,0,6,299.3,27.612,33.847,27.612
Australian GP,Yuki Tsunoda,RB,22,60,88.575,Soft,0,4,302.0,27.458,33.659,27.458
Australian GP,Yuki Tsunoda,RB,22,61,89.23,Medium,0,4,348.2,27.661,33.907,27.661
Australian GP,Yuki Tsunoda,RB,22,62,88.354,Soft,0,4,300.0,27.39,33.575,27.39
Australian GP,Yuki Tsunoda,RB,22,63,88.88,Soft,0,8,344.3,27.553,33.774,27.553
Australian GP,Yuki Tsunoda,RB,22,64,89.126,Medium,0,9,313.0,27.629,33.868,27.629
Australian GP,Yuki Tsunoda,RB,22,65,88.902,Hard,0,4,314.5,27.56,33.783,27.56
Australian GP,Alexander Albon,Williams,23,1,90.68,Intermediate,0,10,334.1,28.111,34.458,28.111
Australian GP,Alexander Albon,Williams,23,2,90.345,Hard,0,8,325.7,28.007,34.331,28.007
Australian GP,Alexander Albon,Williams,23,3,90.068,Hard,0,9,337.4,27.921,34.226,27.921
Australian GP,Alexander Albon,Williams,23,4,90.142,Medium,0,12,316.0,27.944,34.254,27.944
Australian GP,Alexander Albon,Williams,23,5,90.986,Soft,0,10,323.9,28.206,34.575,28.206
Australian GP,Alexander Albon,Williams,23,6,90.295,Intermediate,0,8,322.7,27.991,34.312,27.991
Australian GP,Alexander Albon,Williams,23,7,90.032,Soft,0,7,316.9,27.91,34.212,27.91
Australian GP,Alexander Albon,Williams,23,8,90.004,Medium,0,4,342.5,27.901,34.202,27.901
Australian GP,Alexander Albon,Williams,23,9,90.792,Medium,0,7,336.2,28.146,34.501,28.146
Australian GP,Alexander Albon,Williams,23,10,89.941,Hard,0,8,333.8,27.882,34.178,27.882
Australian GP,Alexander Albon,Williams,23,11,90.33,Medium,0,7,298.1,28.002,34.325,28.002
Australian GP,Alexander Albon,Williams,23,12,90.892,Soft,0,8,331.0,28.177,34.539,28.177
Australian GP,Alexander Albon,Williams,23,13,90.733,Hard,0,9,344.8,28.127,34.479,28.127
Australian GP,Alexander Albon,Williams,23,14,91.098,Medium,0,8,298.6,28.24,34.617,28.24
Australian GP,Alexander Albon,Williams,23,15,90.363,Medium,0,7,328.5,28.013,34.338,28.013
Australian GP,Alexander Albon,Williams,23,16,90.791,Hard,0,9,312.1,28.145,34.501,28.145
Australian GP,Alexander Albon,Williams,23,17,90.497,Hard,0,9,326.1,28.054,34.389,28.054
Australian GP,Alexander Albon,Williams,23,18,90.946,Soft,0,6,305.2,28.193,34.559,28.193
Australian GP,Alexander Albon,Williams,23,19,90.722,Soft,0,11,320.3,28.124,34.474,28.124
Australian GP,Alexander Albon,Williams,23,20,90.866,Intermediate,0,8,336.1,28.168,34.529,28.168
Australian GP,Alexander Albon,Williams,23,21,90.219,Soft,0,9,302.7,27.968,34.283,27.968
Australian GP,Alexander Albon,Williams,23,22,91.129,Soft,0,10,304.7,28.25,34.629,28.25
Australian GP,Alexander Albon,Williams,23,23,90.649,Soft,1,9,326.8,28.101,34.447,28.101
Australian GP,Alexander Albon,Williams,23,24,91.12,Hard,0,10,297.0,28.247,34.626,28.247
Australian GP,Alexander Albon,Williams,23,25,90.736,Wet,0,9,314.1,28.128,34.48,28.128
Australian GP,Alexander Albon,Williams,23,26,90.533,Medium,0,7,300.0,28.065,34.403,28.065
Australian GP,Alexander Albon,Williams,23,27,90.375,Soft,0,9,323.4,28.016,34.343,28.016
Australian GP,Alexander Albon,Williams,23,28,90.462,Medium,0,6,331.2,28.043,34.376,28.043
Australian GP,Alexander Albon,Williams,23,29,90.161,Medium,0,9,303.7,27.95,34.261,27.95
Australian GP,Alexander Albon,Williams,23,30,90.449,Soft,0,8,311.8,28.039,34.371,28.039
Australian GP,Alexander Albon,Williams,23,31,90.606,Medium,0,8,327.6,28.088,34.43,28.088
Australian GP,Alexander Albon,Williams,23,32,90.402,Soft,0,8,328.1,28.025,34.353,28.025
Australian GP,Alexander Albon,Williams,23,33,90.192,Wet,0,5,337.0,27.96,34.273,27.96
Australian GP,Alexander Albon,Williams,23,34,90.937,Intermediate,0,7,327.6,28.19,34.556,28.19
Australian GP,Alexander Albon,Williams,23,35,91.104,Hard,0,9,305.9,28.242,34.62,28.242
Australian GP,Alexander Albon,Williams,23,36,90.37,Intermediate,0,9,312.0,28.015,34.341,28.015
Australian GP,Alexander Albon,Williams,23,37,90.872,Soft,0,6,331.2,28.17,34.531,28.17
Australian GP,Alexander Albon,Williams,23,38,90.722,Soft,0,11,342.2,28.124,34.474,28.124
Australian GP,Alexander Albon,Williams,23,39,90.185,Hard,0,7,295.3,27.957,34.27,27.957
Australian GP,Alexander Albon,Williams,23,40,90.272,Hard,0,10,345.2,27.984,34.303,27.984
Australian GP,Alexander Albon,Williams,23,41,90.996,Hard,0,9,316.3,28.209,34.578,28.209
Australian GP,Alexander Albon,Williams,23,42,90.494,Hard,0,7,340.1,28.053,34.388,28.053
Australian GP,Alexander Albon,Williams,23,43,90.754,Medium,0,12,307.2,28.134,34.487,28.134
Australian GP,Alexander Albon,Williams,23,44,90.302,Medium,0,6,328.6,27.994,34.315,27.994
Australian GP,Alexander Albon,Williams,23,45,91.12,Soft,0,10,297.4,28.247,34.626,28.247
Australian GP,Alexander Albon,Williams,23,46,90.648,Hard,0,11,303.3,28.101,34.446,28.101
Australian GP,Alexander Albon,Williams,23,47,91.119,Soft,0,7,304.9,28.247,34.625,28.247
Australian GP,Alexander Albon,Williams,23,48,91.275,Medium,0,11,314.0,28.295,34.684,28.295
Australian GP,Alexander Albon,Williams,23,49,90.591,Hard,0,8,312.5,28.083,34.425,28.083
Australian GP,Alexander Albon,Williams,23,50,90.516,Hard,0,9,318.2,28.06,34.396,28.06
Australian GP,Alexander Albon,Williams,23,51,90.117,Medium,0,9,322.6,27.936,34.244,27.936
Australian GP,Alexander Albon,Williams,23,52,91.335,Wet,0,8,338.2,28.314,34.707,28.314
Australian GP,Alexander Albon,Williams,23,53,90.833,Hard,0,10,295.4,28.158,34.517,28.158
Australian GP,Alexander Albon,Williams,23,54,90.741,Hard,0,10,318.9,28.13,34.482,28.13
Australian GP,Alexander Albon,Williams,23,55,90.402,Medium,0,5,297.8,28.025,34.353,28.025
Australian GP,Alexander Albon,Williams,23,56,90.209,Soft,0,11,324.9,27.965,34.279,27.965
Australian GP,Alexander Albon,Williams,23,57,90.537,Medium,0,5,330.0,28.066,34.404,28.066
Australian GP,Alexander Albon,Williams,23,58,89.92,Hard,0,11,304.6,27.875,34.17,27.875
Australian GP,Alexander Albon,Williams,23,59,90.014,Medium,0,11,314.0,27.904,34.205,27.904
Australian GP,Alexander Albon,Williams,23,60,90.106,Hard,0,6,326.3,27.933,34.24,27.933
Australian GP,Alexander Albon,Williams,23,61,90.334,Soft,0,8,316.0,28.004,34.327,28.004
Australian GP,Alexander Albon,Williams,23,62,90.659,Medium,0,6,296.2,28.104,34.45,28.104
Australian GP,Alexander Albon,Williams,23,63,91.082,Soft,0,8,348.1,28.235,34.611,28.235
Australian GP,Alexander Albon,Williams,23,64,90.823,Medium,0,8,342.0,28.155,34.513,28.155
Australian GP,Alexander Albon,Williams,23,65,90.497,Medium,0,10,336.8,28.054,34.389,28.054
Australian GP,Alexander Albon,Williams,23,66,90.672,Soft,0,11,331.9,28.108,34.455,28.108
Australian GP,Alexander Albon,Williams,23,67,90.964,Soft,0,11,306.4,28.199,34.566,28.199
Australian GP,Alexander Albon,Williams,23,68,90.432,Medium,0,7,300.3,28.034,34.364,28.034
Australian GP,Alexander Albon,Williams,23,69,90.157,Soft,0,8,335.0,27.949,34.26,27.949
Australian GP,Alexander Albon,Williams,23,70,90.767,Medium,0,5,321.2,28.138,34.491,28.138
Australian GP,Alexander Albon,Williams,23,71,90.344,Hard,0,7,320.4,28.007,34.331,28.007
Australian GP,Alexander Albon,Williams,23,72,90.694,Hard,0,10,317.2,28.115,34.464,28.115
Australian GP,Alexander Albon,Williams,23,73,90.507,Medium,0,12,336.1,28.057,34.393,28.057
Australian GP,Alexander Albon,Williams,23,74,90.972,Medium,0,6,296.6,28.201,34.569,28.201
Australian GP,Alexander Albon,Williams,23,75,90.797,Medium,0,7,336.3,28.147,34.503,28.147
Australian GP,Alexander Albon,Williams,23,76,90.398,Soft,0,8,302.2,28.023,34.351,28.023
Australian GP,Alexander Albon,Williams,23,77,90.084,Wet,0,9,304.8,27.926,34.232,27.926
Australian GP,Alexander Albon,Williams,23,78,91.379,Wet,1,7,317.5,28.327,34.724,28.327
Australian GP,Nico Hulkenberg,Kick Sauber,27,1,88.433,Soft,0,10,322.6,27.414,33.605,27.414
Australian GP,Nico Hulkenberg,Kick Sauber,27,2,88.487,Hard,0,9,340.4,27.431,33.625,27.431
Australian GP,Nico Hulkenberg,Kick Sauber,27,3,88.967,Medium,0,9,324.3,27.58,33.807,27.58
Australian GP,Nico Hulkenberg,Kick Sauber,27,4,88.838,Hard,0,11,316.1,27.54,33.758,27.54
Australian GP,Nico Hulkenberg,Kick Sauber,27,5,88.656,Medium,0,10,302.6,27.483,33.689,27.483
Australian GP,Nico Hulkenberg,Kick Sauber,27,6,88.95,Intermediate,0,9,328.5,27.575,33.801,27.575
Australian GP,Nico Hulkenberg,Kick Sauber,27,7,88.711,Soft,0,9,296.2,27.5,33.71,27.5
Australian GP,Nico Hulkenberg,Kick Sauber,27,8,89.126,Hard,0,9,320.2,27.629,33.868,27.629
Australian GP,Nico Hulkenberg,Kick Sauber,27,9,89.124,Intermediate,0,9,302.3,27.628,33.867,27.628
Australian GP,Nico Hulkenberg,Kick Sauber,27,10,88.625,Medium,0,9,332.6,27.474,33.678,27.474
Australian GP,Nico Hulkenberg,Kick Sauber,27,11,89.283,Wet,0,13,330.3,27.678,33.928,27.678
Australian GP,Nico Hulkenberg,Kick Sauber,27,12,89.393,Soft,0,11,295.4,27.712,33.969,27.712
Australian GP,Nico Hulkenberg,Kick Sauber,27,13,88.852,Medium,0,9,342.4,27.544,33.764,27.544
Australian GP,Nico Hulkenberg,Kick Sauber,27,14,89.476,Hard,0,11,301.7,27.738,34.001,27.738
Australian GP,Nico Hulkenberg,Kick Sauber,27,15,88.878,Soft,0,9,340.6,27.552,33.774,27.552
Australian GP,Nico Hulkenberg,Kick Sauber,27,16,88.766,Medium,0,12,318.6,27.517,33.731,27.517
Australian GP,Nico Hulkenberg,Kick Sauber,27,17,89.12,Hard,0,10,334.7,27.627,33.866,27.627
Australian GP,Nico Hulkenberg,Kick Sauber,27,18,88.793,Intermediate,0,9,306.6,27.526,33.741,27.526
Australian GP,Nico Hulkenberg,Kick Sauber,27,19,88.763,Medium,0,10,336.4,27.517,33.73,27.517
Australian GP,Nico Hulkenberg,Kick Sauber,27,20,89.145,Medium,0,6,333.5,27.635,33.875,27.635
Australian GP,Nico Hulkenberg,Kick Sauber,27,21,89.396,Soft,0,7,296.4,27.713,33.97,27.713
Australian GP,Nico Hulkenberg,Kick Sauber,27,22,89.356,Medium,0,7,326.2,27.7,33.955,27.7
Australian GP,Nico Hulkenberg,Kick Sauber,27,23,89.048,Soft,0,10,303.1,27.605,33.838,27.605
Australian GP,Nico Hulkenberg,Kick Sauber,27,24,88.307,Soft,0,13,327.1,27.375,33.557,27.375
Australian GP,Nico Hulkenberg,Kick Sauber,27,25,88.474,Hard,0,14,317.3,27.427,33.62,27.427
Australian GP,Nico Hulkenberg,Kick Sauber,27,26,88.929,Medium,1,11,312.3,27.568,33.793,27.568
Australian GP,Nico Hulkenberg,Kick Sauber,27,27,88.997,Medium,0,11,321.5,27.589,33.819,27.589
Australian GP,Nico Hulkenberg,Kick Sauber,27,28,89.098,Intermediate,0,6,307.4,27.62,33.857,27.62
Australian GP,Nico Hulkenberg,Kick Sauber,27,29,88.462,Hard,0,8,330.7,27.423,33.616,27.423
Australian GP,Nico Hulkenberg,Kick Sauber,27,30,88.719,Medium,0,8,341.2,27.503,33.713,27.503
Australian GP,Nico Hulkenberg,Kick Sauber,27,31,88.704,Soft,0,8,347.4,27.498,33.708,27.498
Australian GP,Nico Hulkenberg,Kick Sauber,27,32,89.284,Hard,0,9,343.0,27.678,33.928,27.678
Australian GP,Nico Hulkenberg,Kick Sauber,27,33,88.596,Soft,0,9,332.9,27.465,33.666,27.465
Australian GP,Nico Hulkenberg,Kick Sauber,27,34,88.969,Soft,0,6,325.4,27.58,33.808,27.58
Australian GP,Nico Hulkenberg,Kick Sauber,27,35,88.815,Intermediate,0,11,323.7,27.533,33.75,27.533
Australian GP,Nico Hulkenberg,Kick Sauber,27,36,88.359,Hard,0,7,320.5,27.391,33.576,27.391
Australian GP,Nico Hulkenberg,Kick Sauber,27,37,88.782,Soft,0,10,319.3,27.522,33.737,27.522
Australian GP,Nico Hulkenberg,Kick Sauber,27,38,88.72,Soft,0,14,311.5,27.503,33.714,27.503
Australian GP,Nico Hulkenberg,Kick Sauber,27,39,89.158,Soft,0,8,337.8,27.639,33.88,27.639
Australian GP,Nico Hulkenberg,Kick Sauber,27,40,89.21,Hard,0,4,308.8,27.655,33.9,27.655
Australian GP,Nico Hulkenberg,Kick Sauber,27,41,88.907,Soft,0,9,321.6,27.561,33.785,27.561
Australian GP,Nico Hulkenberg,Kick Sauber,27,42,89.043,Hard,1,12,313.8,27.603,33.836,27.603
Australian GP,Nico Hulkenberg,Kick Sauber,27,43,88.708,Hard,0,13,321.8,27.499,33.709,27.499
Australian GP,Nico Hulkenberg,Kick Sauber,27,44,89.259,Medium,0,7,298.6,27.67,33.918,27.67
Australian GP,Nico Hulkenberg,Kick Sauber,27,45,88.658,Hard,0,10,330.1,27.484,33.69,27.484
Australian GP,Nico Hulkenberg,Kick Sauber,27,46,88.253,Soft,0,9,322.6,27.358,33.536,27.358
Australian GP,Nico Hulkenberg,Kick Sauber,27,47,89.248,Hard,0,9,326.4,27.667,33.914,27.667
Australian GP,Nico Hulkenberg,Kick Sauber,27,48,88.439,Medium,0,15,341.9,27.416,33.607,27.416
Australian GP,Nico Hulkenberg,Kick Sauber,27,49,88.744,Medium,0,6,337.9,27.511,33.723,27.511
Australian GP,Nico Hulkenberg,Kick Sauber,27,50,88.38,Intermediate,0,10,315.4,27.398,33.584,27.398
Australian GP,Nico Hulkenberg,Kick Sauber,27,51,88.464,Hard,0,10,311.9,27.424,33.616,27.424
Australian GP,Nico Hulkenberg,Kick Sauber,27,52,88.878,Intermediate,0,12,348.3,27.552,33.774,27.552
Australian GP,Nico Hulkenberg,Kick Sauber,27,53,88.219,Medium,0,10,296.1,27.348,33.523,27.348
Australian GP,Nico Hulkenberg,Kick Sauber,27,54,88.962,Soft,0,10,296.3,27.578,33.806,27.578
Australian GP,Nico Hulkenberg,Kick Sauber,27,55,89.286,Medium,0,9,338.9,27.679,33.929,27.679
Australian GP,Nico Hulkenberg,Kick Sauber,27,56,89.12,Soft,0,10,334.8,27.627,33.866,27.627
Australian GP,Nico Hulkenberg,Kick Sauber,27,57,90.038,Hard,0,9,332.8,27.912,34.214,27.912
Australian GP,Nico Hulkenberg,Kick Sauber,27,58,89.527,Medium,0,11,300.6,27.753,34.02,27.753
Australian GP,Nico Hulkenberg,Kick Sauber,27,59,88.584,Intermediate,0,9,321.0,27.461,33.662,27.461
Australian GP,Nico Hulkenberg,Kick Sauber,27,60,89.003,Medium,1,10,343.1,27.591,33.821,27.591
Australian GP,Nico Hulkenberg,Kick Sauber,27,61,88.966,Medium,0,9,326.5,27.579,33.807,27.579
Australian GP,Nico Hulkenberg,Kick Sauber,27,62,89.294,Hard,0,12,337.5,27.681,33.932,27.681
Australian GP,Nico Hulkenberg,Kick Sauber,27,63,89.183,Hard,0,9,344.8,27.647,33.89,27.647
Australian GP,Nico Hulkenberg,Kick Sauber,27,64,88.459,Medium,0,6,320.3,27.422,33.614,27.422
Australian GP,Nico Hulkenberg,Kick Sauber,27,65,89.261,Soft,0,12,302.7,27.671,33.919,27.671
Australian GP,Nico Hulkenberg,Kick Sauber,27,66,89.084,Hard,0,8,298.3,27.616,33.852,27.616
Australian GP,Nico Hulkenberg,Kick Sauber,27,67,88.644,Soft,0,8,343.0,27.48,33.685,27.48
Australian GP,Nico Hulkenberg,Kick Sauber,27,68,89.149,Medium,0,8,335.4,27.636,33.877,27.636
Australian GP,Nico Hulkenberg,Kick Sauber,27,69,88.87,Medium,0,12,341.5,27.55,33.771,27.55
Australian GP,Nico Hulkenberg,Kick Sauber,27,70,88.573,Hard,0,5,336.4,27.458,33.658,27.458
Australian GP,Nico Hulkenberg,Kick Sauber,27,71,89.034,Hard,0,16,330.8,27.601,33.833,27.601
Australian GP,Nico Hulkenberg,Kick Sauber,27,72,88.687,Medium,1,12,343.9,27.493,33.701,27.493
Australian GP,Nico Hulkenberg,Kick Sauber,27,73,88.574,Hard,0,10,295.5,27.458,33.658,27.458
Australian GP,Nico Hulkenberg,Kick Sauber,27,74,88.856,Soft,0,9,324.3,27.545,33.765,27.545
Australian GP,Nico Hulkenberg,Kick Sauber,27,75,89.021,Medium,0,10,305.4,27.597,33.828,27.597
Australian GP,Nico Hulkenberg,Kick Sauber,27,76,88.231,Soft,0,11,337.9,27.352,33.528,27.352
Japanese GP,Max Verstappen,Red Bull Racing,1,1,90.902,Soft,0,2,306.1,28.18,34.543,28.18
Japanese GP,Max Verstappen,Red Bull Racing,1,2,90.883,Intermediate,0,2,337.5,28.174,34.536,28.174
Japanese GP,Max Verstappen,Red Bull Racing,1,3,91.508,Medium,0,1,296.4,28.367,34.773,28.367
Japanese GP,Max Verstappen,Red Bull Racing,1,4,91.099,Medium,0,1,337.4,28.241,34.618,28.241
Japanese GP,Max Verstappen,Red Bull Racing,1,5,90.806,Intermediate,0,1,301.7,28.15,34.506,28.15
Japanese GP,Max Verstappen,Red Bull Racing,1,6,91.138,Medium,0,1,317.8,28.253,34.632,28.253
Japanese GP,Max Verstappen,Red Bull Racing,1,7,91.643,Medium,0,3,323.0,28.409,34.824,28.409
Japanese GP,Max Verstappen,Red Bull Racing,1,8,91.031,Medium,0,2,314.5,28.22,34.592,28.22
Japanese GP,Max Verstappen,Red Bull Racing,1,9,91.317,Hard,0,1,307.6,28.308,34.7,28.308
Japanese GP,Max Verstappen,Red Bull Racing,1,10,91.672,Hard,0,2,347.3,28.418,34.835,28.418
Japanese GP,Max Verstappen,Red Bull Racing,1,11,91.815,Soft,0,1,304.8,28.463,34.89,28.463
Japanese GP,Max Verstappen,Red Bull Racing,1,12,90.889,Hard,0,1,298.4,28.176,34.538,28.176
Japanese GP,Max Verstappen,Red Bull Racing,1,13,91.696,Medium,0,1,340.3,28.426,34.844,28.426
Japanese GP,Max Verstappen,Red Bull Racing,1,14,91.716,Intermediate,0,3,315.1,28.432,34.852,28.432
Japanese GP,Max Verstappen,Red Bull Racing,1,15,91.101,Soft,0,2,329.4,28.241,34.618,28.241
Japanese GP,Max Verstappen,Red Bull Racing,1,16,91.054,Soft,0,1,343.9,28.227,34.601,28.227
Japanese GP,Max Verstappen,Red Bull Racing,1,17,90.743,Medium,0,1,315.7,28.13,34.482,28.13
Japanese GP,Max Verstappen,Red Bull Racing,1,18,90.847,Hard,0,1,318.1,28.163,34.522,28.163
Japanese GP,Max Verstappen,Red Bull Racing,1,19,91.069,Wet,0,1,319.2,28.231,34.606,28.231
Japanese GP,Max Verstappen,Red Bull Racing,1,20,91.133,Intermediate,1,1,312.8,28.251,34.631,28.251
Japanese GP,Max Verstappen,Red Bull Racing,1,21,92.048,Soft,0,2,336.2,28.535,34.978,28.535
Japanese GP,Max Verstappen,Red Bull Racing,1,22,91.095,Hard,0,2,307.4,28.239,34.616,28.239
Japanese GP,Max Verstappen,Red Bull Racing,1,23,91.478,Soft,0,2,308.7,28.358,34.762,28.358
Japanese GP,Max Verstappen,Red Bull Racing,1,24,91.242,Medium,0,2,331.8,28.285,34.672,28.285
Japanese GP,Max Verstappen,Red Bull Racing,1,25,90.764,Medium,0,2,326.9,28.137,34.49,28.137
Japanese GP,Max Verstappen,Red Bull Racing,1,26,91.691,Medium,0,1,348.9,28.424,34.843,28.424
Japanese GP,Max Verstappen,Red Bull Racing,1,27,90.772,Hard,0,1,316.8,28.139,34.493,28.139
Japanese GP,Max Verstappen,Red Bull Racing,1,28,91.404,Medium,0,2,319.9,28.335,34.734,28.335
Japanese GP,Max Verstappen,Red Bull Racing,1,29,91.018,Medium,0,2,331.1,28.216,34.587,28.216
Japanese GP,Max Verstappen,Red Bull Racing,1,30,91.56,Soft,0,3,337.5,28.384,34.793,28.384
Japanese GP,Max Verstappen,Red Bull Racing,1,31,91.295,Medium,0,2,309.5,28.301,34.692,28.301
Japanese GP,Max Verstappen,Red Bull Racing,1,32,90.729,Medium,0,1,307.5,28.126,34.477,28.126
Japanese GP,Max Verstappen,Red Bull Racing,1,33,90.827,Hard,0,3,343.0,28.156,34.514,28.156
Japanese GP,Max Verstappen,Red Bull Racing,1,34,91.356,Intermediate,0,1,305.0,28.32,34.715,28.32
Japanese GP,Max Verstappen,Red Bull Racing,1,35,91.447,Hard,0,1,335.3,28.349,34.75,28.349
Japanese GP,Max Verstappen,Red Bull Racing,1,36,91.604,Medium,0,1,323.9,28.397,34.81,28.397
Japanese GP,Max Verstappen,Red Bull Racing,1,37,91.549,Wet,0,1,315.6,28.38,34.789,28.38
Japanese GP,Max Verstappen,Red Bull Racing,1,38,91.263,Hard,0,1,341.4,28.292,34.68,28.292
Japanese GP,Max Verstappen,Red Bull Racing,1,39,91.548,Medium,0,1,310.3,28.38,34.788,28.38
Japanese GP,Max Verstappen,Red Bull Racing,1,40,91.713,Wet,0,1,320.7,28.431,34.851,28.431
Japanese GP,Max Verstappen,Red Bull Racing,1,41,90.962,Soft,0,1,331.7,28.198,34.566,28.198
Japanese GP,Max Verstappen,Red Bull Racing,1,42,91.18,Intermediate,0,1,336.5,28.266,34.648,28.266
Japanese GP,Max Verstappen,Red Bull Racing,1,43,91.461,Hard,0,1,316.5,28.353,34.755,28.353
Japanese GP,Max Verstappen,Red Bull Racing,1,44,91.075,Soft,0,1,298.9,28.233,34.608,28.233
Japanese GP,Max Verstappen,Red Bull Racing,1,45,91.281,Hard,0,1,306.3,28.297,34.687,28.297
Japanese GP,Max Verstappen,Red Bull Racing,1,46,91.569,Soft,0,2,323.6,28.386,34.796,28.386
Japanese GP,Max Verstappen,Red Bull Racing,1,47,91.53,Soft,0,2,311.4,28.374,34.781,28.374
Japanese GP,Max Verstappen,Red Bull Racing,1,48,91.492,Soft,0,1,343.1,28.363,34.767,28.363
Japanese GP,Max Verstappen,Red Bull Racing,1,49,91.479,Soft,0,1,318.4,28.358,34.762,28.358
Japanese GP,Max Verstappen,Red Bull Racing,1,50,91.621,Hard,0,1,307.4,28.403,34.816,28.403
Japanese GP,Max Verstappen,Red Bull Racing,1,51,91.488,Intermediate,0,1,308.3,28.361,34.765,28.361
Japanese GP,Max Verstappen,Red Bull Racing,1,52,92.302,Medium,0,2,342.6,28.614,35.075,28.614
Japanese GP,Max Verstappen,Red Bull Racing,1,53,91.546,Intermediate,0,1,313.1,28.379,34.787,28.379
Japanese GP,Max Verstappen,Red Bull Racing,1,54,90.966,Soft,0,1,308.4,28.199,34.567,28.199
Japanese GP,Max Verstappen,Red Bull Racing,1,55,91.417,Soft,0,1,325.8,28.339,34.738,28.339
Japanese GP,Max Verstappen,Red Bull Racing,1,56,91.494,Hard,0,2,328.1,28.363,34.768,28.363
Japanese GP,Max Verstappen,Red Bull Racing,1,57,90.766,Hard,0,1,326.9,28.137,34.491,28.137
Japanese GP,Max Verstappen,Red Bull Racing,1,58,91.354,Soft,0,1,341.9,28.32,34.715,28.32
Japanese GP,Max Verstappen,Red Bull Racing,1,59,91.8,Medium,0,1,331.8,28.458,34.884,28.458
Japanese GP,Max Verstappen,Red Bull Racing,1,60,90.748,Medium,0,3,300.4,28.132,34.484,28.132
Japanese GP,Max Verstappen,Red Bull Racing,1,61,91.466,Hard,0,1,314.7,28.354,34.757,28.354
Japanese GP,Max Verstappen,Red Bull Racing,1,62,91.738,Soft,0,1,312.8,28.439,34.86,28.439
Japanese GP,Max Verstappen,Red Bull Racing,1,63,91.289,Medium,0,1,330.7,28.3,34.69,28.3
Japanese GP,Max Verstappen,Red Bull Racing,1,64,91.674,Soft,0,4,342.1,28.419,34.836,28.419
Japanese GP,Max Verstappen,Red Bull Racing,1,65,91.413,Hard,0,3,312.4,28.338,34.737,28.338
Japanese GP,Max Verstappen,Red Bull Racing,1,66,91.523,Medium,0,1,329.2,28.372,34.779,28.372
Japanese GP,Max Verstappen,Red Bull Racing,1,67,90.998,Hard,0,1,314.3,28.209,34.579,28.209
Japanese GP,Max Verstappen,Red Bull Racing,1,68,91.69,Intermediate,0,2,295.9,28.424,34.842,28.424
Japanese GP,Max Verstappen,Red Bull Racing,1,69,91.64,Hard,0,1,311.3,28.408,34.823,28.408
Japanese GP,Charles Leclerc,Scuderia Ferrari,16,1,88.327,Soft,0,2,341.9,27.381,33.564,27.381
Japanese GP,Charles Leclerc,Scuderia Ferrari,16,2,88.819,Medium,0,3,300.7,27.534,33.751,27.534
Japanese GP,Charles Leclerc,Scuderia Ferrari,16,3,89.279,Medium,0,4,319.3,27.676,33.926,27.676
Japanese GP,Charles Leclerc,Scuderia Ferrari,16,4,88.448,Wet,0,7,322.2,27.419,33.61,27.419
Japanese GP,Charles Leclerc,Scuderia Ferrari,16,5,88.536,Medium,0,2,303.0,27.446,33.644,27.446
Japanese GP,Charles Leclerc,Scuderia Ferrari,16,6,88.348,Medium,0,1,317.8,27.388,33.572,27.388
Japanese GP,Charles Leclerc,Scuderia Ferrari,16,7,89.227,Medium,0,1,336.1,27.66,33.906,27.66
Japanese GP,Charles Leclerc,Scuderia Ferrari,16,8,88.759,Medium,0,1,312.6,27.515,33.728,27.515
Japanese GP,Charles Leclerc,Scuderia Ferrari,16,9,89.027,Medium,0,1,338.8,27.598,33.83,27.598
Japanese GP,Charles Leclerc,Scuderia Ferrari,16,10,89.269,Wet,0,1,324.4,27.673,33.922,27.673
Japanese GP,Charles Leclerc,Scuderia Ferrari,16,11,89.203,Hard,0,1,340.2,27.653,33.897,27.653
Japanese GP,Charles Leclerc,Scuderia Ferrari,16,12,89.085,Soft,0,2,322.3,27.616,33.852,27.616
Japanese GP,Charles Leclerc,Scuderia Ferrari,16,13,89.374,Soft,0,1,325.7,27.706,33.962,27.706
Japanese GP,Charles Leclerc,Scuderia Ferrari,16,14,89.216,Hard,0,4,332.5,27.657,33.902,27.657
Japanese GP,Charles Leclerc,Scuderia Ferrari,16,15,89.079,Soft,0,2,334.2,27.614,33.85,27.614
Japanese GP,Charles Leclerc,Scuderia Ferrari,16,16,89.354,Soft,0,1,306.8,27.7,33.955,27.7
Japanese GP,Charles Leclerc,Scuderia Ferrari,16,17,89.248,Medium,0,1,326.3,27.667,33.914,27.667
Japanese GP,Charles Leclerc,Scuderia Ferrari,16,18,89.02,Hard,0,2,342.5,27.596,33.828,27.596
Japanese GP,Charles Leclerc,Scuderia Ferrari,16,19,88.675,Soft,1,3,328.8,27.489,33.697,27.489
Japanese GP,Charles Leclerc,Scuderia Ferrari,16,20,89.594,Soft,1,1,341.0,27.774,34.046,27.774
Japanese GP,Charles Leclerc,Scuderia Ferrari,16,21,88.895,Soft,0,1,300.2,27.557,33.78,27.557
Japanese GP,Charles Leclerc,Scuderia Ferrari,16,22,89.771,Medium,0,1,316.0,27.829,34.113,27.829
Japanese GP,Charles Leclerc,Scuderia Ferrari,16,23,88.892,Soft,1,1,304.8,27.557,33.779,27.557
Japanese GP,Charles Leclerc,Scuderia Ferrari,16,24,89.596,Soft,1,1,306.0,27.775,34.046,27.775
Japanese GP,Charles Leclerc,Scuderia Ferrari,16,25,89.845,Medium,0,1,323.8,27.852,34.141,27.852
Japanese GP,Charles Leclerc,Scuderia Ferrari,16,26,88.684,Medium,0,3,300.3,27.492,33.7,27.492
Japanese GP,Charles Leclerc,Scuderia Ferrari,16,27,89.219,Soft,0,2,311.8,27.658,33.903,27.658
Japanese GP,Charles Leclerc,Scuderia Ferrari,16,28,89.25,Soft,0,2,305.0,27.668,33.915,27.668
Japanese GP,Charles Leclerc,Scuderia Ferrari,16,29,88.634,Hard,0,3,328.0,27.477,33.681,27.477
Japanese GP,Charles Leclerc,Scuderia Ferrari,16,30,89.297,Hard,0,1,322.9,27.682,33.933,27.682
Japanese GP,Charles Leclerc,Scuderia Ferrari,16,31,88.284,Medium,0,2,339.4,27.368,33.548,27.368
Japanese GP,Charles Leclerc,Scuderia Ferrari,16,32,88.635,Hard,0,1,304.2,27.477,33.681,27.477
Japanese GP,Charles Leclerc,Scuderia Ferrari,16,33,89.2,Wet,0,2,346.6,27.652,33.896,27.652
Japanese GP,Charles Leclerc,Scuderia Ferrari,16,34,89.402,Hard,0,1,313.6,27.715,33.973,27.715
Japanese GP,Charles Leclerc,Scuderia Ferrari,16,35,89.312,Medium,0,1,297.3,27.687,33.939,27.687
Japanese GP,Charles Leclerc,Scuderia Ferrari,16,36,89.294,Hard,0,1,341.6,27.681,33.932,27.681
Japanese GP,Charles Leclerc,Scuderia Ferrari,16,37,88.633,Medium,0,4,323.7,27.476,33.681,27.476
Japanese GP,Charles Leclerc,Scuderia Ferrari,16,38,88.673,Hard,0,3,346.9,27.489,33.696,27.489
Japanese GP,Charles Leclerc,Scuderia Ferrari,16,39,88.843,Medium,0,3,300.7,27.541,33.76,27.541
Japanese GP,Charles Leclerc,Scuderia Ferrari,16,40,88.812,Wet,0,4,337.4,27.532,33.749,27.532
Japanese GP,Charles Leclerc,Scuderia Ferrari,16,41,88.497,Intermediate,0,2,344.1,27.434,33.629,27.434
Japanese GP,Charles Leclerc,Scuderia Ferrari,16,42,89.021,Medium,0,2,348.2,27.597,33.828,27.597
Japanese GP,Charles Leclerc,Scuderia Ferrari,16,43,89.438,Soft,0,1,335.6,27.726,33.986,27.726
Japanese GP,Charles Leclerc,Scuderia Ferrari,16,44,89.005,Soft,0,1,300.4,27.592,33.822,27.592
Japanese GP,Charles Leclerc,Scuderia Ferrari,16,45,89.119,Soft,0,3,322.2,27.627,33.865,27.627
Japanese GP,Charles Leclerc,Scuderia Ferrari,16,46,88.616,Intermediate,0,4,345.8,27.471,33.674,27.471
Japanese GP,Charles Leclerc,Scuderia Ferrari,16,47,88.957,Intermediate,0,1,349.1,27.577,33.804,27.577
Japanese GP,Charles Leclerc,Scuderia Ferrari,16,48,89.326,Hard,0,1,303.6,27.691,33.944,27.691
Japanese GP,Charles Leclerc,Scuderia Ferrari,16,49,88.624,Intermediate,0,2,306.3,27.473,33.677,27.473
Japanese GP,Charles Leclerc,Scuderia Ferrari,16,50,88.322,Hard,0,3,310.3,27.38,33.562,27.38
Japanese GP,Charles Leclerc,Scuderia Ferrari,16,51,89.022,Medium,0,1,297.3,27.597,33.828,27.597
Japanese GP,Charles Leclerc,Scuderia Ferrari,16,52,89.231,Soft,0,1,301.3,27.662,33.908,27.662
Japanese GP,Charles Leclerc,Scuderia Ferrari,16,53,89.036,Soft,0,1,347.5,27.601,33.834,27.601
Japanese GP,Charles Leclerc,Scuderia Ferrari,16,54,88.509,Hard,0,1,301.0,27.438,33.633,27.438
Japanese GP,Charles Leclerc,Scuderia Ferrari,16,55,89.13,Soft,0,1,325.5,27.63,33.869,27.63
Japanese GP,Charles Leclerc,Scuderia Ferrari,16,56,89.158,Soft,0,1,301.0,27.639,33.88,27.639
Japanese GP,Charles Leclerc,Scuderia Ferrari,16,57,88.756,Soft,1,1,308.3,27.514,33.727,27.514
Japanese GP,Charles Leclerc,Scuderia Ferrari,16,58,88.505,Medium,0,4,331.5,27.437,33.632,27.437
Japanese GP,Charles Leclerc,Scuderia Ferrari,16,59,89.51,Soft,0,2,347.2,27.748,34.014,27.748
Japanese GP,Charles Leclerc,Scuderia Ferrari,16,60,88.832,Soft,0,2,306.0,27.538,33.756,27.538
Japanese GP,Charles Leclerc,Scuderia Ferrari,16,61,88.659,Soft,0,3,307.4,27.484,33.69,27.484
Japanese GP,Charles Leclerc,Scuderia Ferrari,16,62,89.346,Soft,0,1,298.8,27.697,33.951,27.697
Japanese GP,Charles Leclerc,Scuderia Ferrari,16,63,89.044,Soft,0,4,348.0,27.604,33.837,27.604
Japanese GP,Charles Leclerc,Scuderia Ferrari,16,64,88.288,Medium,0,1,329.0,27.369,33.549,27.369
Japanese GP,Charles Leclerc,Scuderia Ferrari,16,65,88.703,Soft,0,3,332.6,27.498,33.707,27.498
Japanese GP,Charles Leclerc,Scuderia Ferrari,16,66,88.914,Hard,0,1,342.1,27.563,33.787,27.563
Japanese GP,Charles Leclerc,Scuderia Ferrari,16,67,88.378,Medium,0,1,346.5,27.397,33.584,27.397
Japanese GP,Charles Leclerc,Scuderia Ferrari,16,68,89.098,Medium,0,3,332.6,27.62,33.857,27.62
Japanese GP,Charles Leclerc,Scuderia Ferrari,16,69,89.211,Medium,0,2,320.0,27.655,33.9,27.655
Japanese GP,Lewis Hamilton,Scuderia Ferrari,44,1,89.238,Intermediate,0,1,343.5,27.664,33.91,27.664
Japanese GP,Lewis Hamilton,Scuderia Ferrari,44,2,89.531,Soft,0,1,320.3,27.755,34.022,27.755
Japanese GP,Lewis Hamilton,Scuderia Ferrari,44,3,89.278,Medium,0,5,346.8,27.676,33.926,27.676
Japanese GP,Lewis Hamilton,Scuderia Ferrari,44,4,89.641,Medium,0,1,320.5,27.789,34.064,27.789
Japanese GP,Lewis Hamilton,Scuderia Ferrari,44,5,89.532,Hard,0,6,308.5,27.755,34.022,27.755
Japanese GP,Lewis Hamilton,Scuderia Ferrari,44,6,90.145,Hard,0,1,344.5,27.945,34.255,27.945
Japanese GP,Lewis Hamilton,Scuderia Ferrari,44,7,89.49,Medium,0,4,301.0,27.742,34.006,27.742
Japanese GP,Lewis Hamilton,Scuderia Ferrari,44,8,90.019,Hard,0,2,297.8,27.906,34.207,27.906
Japanese GP,Lewis Hamilton,Scuderia Ferrari,44,9,90.106,Hard,0,4,318.7,27.933,34.24,27.933
Japanese GP,Lewis Hamilton,Scuderia Ferrari,44,10,89.348,Medium,0,1,310.0,27.698,33.952,27.698
Japanese GP,Lewis Hamilton,Scuderia Ferrari,44,11,89.931,Hard,0,2,317.6,27.879,34.174,27.879
Japanese GP,Lewis Hamilton,Scuderia Ferrari,44,12,89.981,Hard,0,3,312.4,27.894,34.193,27.894
Japanese GP,Lewis Hamilton,Scuderia Ferrari,44,13,90.215,Soft,0,1,345.6,27.967,34.282,27.967
Japanese GP,Lewis Hamilton,Scuderia Ferrari,44,14,89.404,Intermediate,0,4,306.2,27.715,33.974,27.715
Japanese GP,Lewis Hamilton,Scuderia Ferrari,44,15,89.923,Soft,0,1,327.1,27.876,34.171,27.876
Japanese GP,Lewis Hamilton,Scuderia Ferrari,44,16,90.126,Soft,0,2,339.1,27.939,34.248,27.939
Japanese GP,Lewis Hamilton,Scuderia Ferrari,44,17,89.816,Medium,0,1,345.1,27.843,34.13,27.843
Japanese GP,Lewis Hamilton,Scuderia Ferrari,44,18,89.852,Medium,0,1,332.9,27.854,34.144,27.854
Japanese GP,Lewis Hamilton,Scuderia Ferrari,44,19,90.445,Soft,0,2,300.3,28.038,34.369,28.038
Japanese GP,Lewis Hamilton,Scuderia Ferrari,44,20,89.472,Medium,1,7,337.2,27.736,33.999,27.736
Japanese GP,Lewis Hamilton,Scuderia Ferrari,44,21,90.416,Soft,0,4,348.4,28.029,34.358,28.029
Japanese GP,Lewis Hamilton,Scuderia Ferrari,44,22,90.827,Hard,0,2,304.7,28.156,34.514,28.156
Japanese GP,Lewis Hamilton,Scuderia Ferrari,44,23,90.649,Soft,0,2,347.9,28.101,34.447,28.101
Japanese GP,Lewis Hamilton,Scuderia Ferrari,44,24,90.278,Hard,0,3,328.2,27.986,34.306,27.986
Japanese GP,Lewis Hamilton,Scuderia Ferrari,44,25,90.187,Medium,0,4,315.1,27.958,34.271,27.958
Japanese GP,Lewis Hamilton,Scuderia Ferrari,44,26,89.362,Medium,0,1,321.9,27.702,33.958,27.702
Japanese GP,Lewis Hamilton,Scuderia Ferrari,44,27,89.354,Medium,0,5,349.8,27.7,33.955,27.7
Japanese GP,Lewis Hamilton,Scuderia Ferrari,44,28,89.818,Hard,0,4,331.3,27.844,34.131,27.844
Japanese GP,Lewis Hamilton,Scuderia Ferrari,44,29,89.271,Wet,0,4,335.4,27.674,33.923,27.674
Japanese GP,Lewis Hamilton,Scuderia Ferrari,44,30,89.234,Medium,0,3,297.0,27.663,33.909,27.663
Japanese GP,Lewis Hamilton,Scuderia Ferrari,44,31,89.617,Hard,0,3,317.4,27.781,34.054,27.781
Japanese GP,Lewis Hamilton,Scuderia Ferrari,44,32,89.478,Soft,0,4,321.9,27.738,34.002,27.738
Japanese GP,Lewis Hamilton,Scuderia Ferrari,44,33,89.609,Hard,0,4,342.4,27.779,34.051,27.779
Japanese GP,Lewis Hamilton,Scuderia Ferrari,44,34,89.334,Hard,0,2,299.1,27.694,33.947,27.694
Japanese GP,Lewis Hamilton,Scuderia Ferrari,44,35,89.714,Soft,0,1,342.5,27.811,34.091,27.811
Japanese GP,Lewis Hamilton,Scuderia Ferrari,44,36,89.961,Medium,0,3,303.6,27.888,34.185,27.888
Japanese GP,Lewis Hamilton,Scuderia Ferrari,44,37,89.597,Hard,0,6,298.1,27.775,34.047,27.775
Japanese GP,Lewis Hamilton,Scuderia Ferrari,44,38,89.78,Soft,1,1,334.5,27.832,34.116,27.832
Japanese GP,Lewis Hamilton,Scuderia Ferrari,44,39,89.877,Soft,0,1,334.4,27.862,34.153,27.862
Japanese GP,Lewis Hamilton,Scuderia Ferrari,44,40,89.819,Medium,0,3,334.0,27.844,34.131,27.844
Japanese GP,Lewis Hamilton,Scuderia Ferrari,44,41,89.53,Soft,0,3,319.3,27.754,34.021,27.754
Japanese GP,Lewis Hamilton,Scuderia Ferrari,44,42,90.157,Soft,0,3,326.6,27.949,34.26,27.949
Japanese GP,Lewis Hamilton,Scuderia Ferrari,44,43,89.768,Soft,0,3,341.7,27.828,34.112,27.828
Japanese GP,Lewis Hamilton,Scuderia Ferrari,44,44,89.67,Medium,0,2,322.9,27.798,34.075,27.798
Japanese GP,Lewis Hamilton,Scuderia Ferrari,44,45,89.633,Medium,0,5,324.2,27.786,34.061,27.786
Japanese GP,Lewis Hamilton,Scuderia Ferrari,44,46,89.196,Soft,0,1,313.9,27.651,33.894,27.651
Japanese GP,Lewis Hamilton,Scuderia Ferrari,44,47,90.281,Soft,0,1,295.7,27.987,34.307,27.987
Japanese GP,Lewis Hamilton,Scuderia Ferrari,44,48,90.08,Intermediate,0,2,326.3,27.925,34.23,27.925
Japanese GP,Lewis Hamilton,Scuderia Ferrari,44,49,90.341,Medium,0,1,311.5,28.006,34.33,28.006
Japanese GP,Lewis Hamilton,Scuderia Ferrari,44,50,90.422,Soft,0,2,297.3,28.031,34.36,28.031
Japanese GP,Lewis Hamilton,Scuderia Ferrari,44,51,90.472,Medium,0,6,320.5,28.046,34.379,28.046
Japanese GP,Lewis Hamilton,Scuderia Ferrari,44,52,89.719,Hard,0,3,347.2,27.813,34.093,27.813
Japanese GP,Lewis Hamilton,Scuderia Ferrari,44,53,89.921,Hard,0,3,317.0,27.876,34.17,27.876
Japanese GP,Lewis Hamilton,Scuderia Ferrari,44,54,90.059,Intermediate,0,1,327.6,27.918,34.222,27.918
Japanese GP,Lewis Hamilton,Scuderia Ferrari,44,55,89.298,Medium,0,1,313.6,27.682,33.933,27.682
Japanese GP,Lewis Hamilton,Scuderia Ferrari,44,56,89.467,Hard,0,2,310.3,27.735,33.997,27.735
Japanese GP,Lewis Hamilton,Scuderia Ferrari,44,57,90.127,Medium,0,2,321.8,27.939,34.248,27.939
Japanese GP,Lewis Hamilton,Scuderia Ferrari,44,58,89.346,Intermediate,0,5,328.4,27.697,33.951,27.697
Japanese GP,Lewis Hamilton,Scuderia Ferrari,44,59,90.012,Hard,0,4,322.0,27.904,34.205,27.904
Japanese GP,Lewis Hamilton,Scuderia Ferrari,44,60,89.72,Medium,0,1,328.6,27.813,34.094,27.813
Japanese GP,Lewis Hamilton,Scuderia Ferrari,44,61,89.479,Medium,0,3,315.3,27.738,34.002,27.738
Japanese GP,Lewis Hamilton,Scuderia Ferrari,44,62,89.505,Medium,0,3,347.0,27.747,34.012,27.747
Japanese GP,Lewis Hamilton,Scuderia Ferrari,44,63,90.646,Medium,0,5,338.3,28.1,34.445,28.1
Japanese GP,Lando Norris,McLaren,4,1,89.83,Intermediate,0,7,333.9,27.847,34.135,27.847
Japanese GP,Lando Norris,McLaren,4,2,89.215,Medium,0,1,312.2,27.657,33.902,27.657
Japanese GP,Lando Norris,McLaren,4,3,89.11,Medium,0,2,322.0,27.624,33.862,27.624
Japanese GP,Lando Norris,McLaren,4,4,89.335,Soft,0,1,334.2,27.694,33.947,27.694
Japanese GP,Lando Norris,McLaren,4,5,89.133,Soft,0,3,313.0,27.631,33.871,27.631
Japanese GP,Lando Norris,McLaren,4,6,89.842,Intermediate,0,4,349.2,27.851,34.14,27.851
Japanese GP,Lando Norris,McLaren,4,7,89.786,Intermediate,0,5,311.3,27.834,34.119,27.834
Japanese GP,Lando Norris,McLaren,4,8,89.349,Hard,0,3,308.7,27.698,33.953,27.698
Japanese GP,Lando Norris,McLaren,4,9,89.92,Soft,0,3,306.2,27.875,34.17,27.875
Japanese GP,Lando Norris,McLaren,4,10,89.657,Hard,0,4,315.3,27.794,34.07,27.794
Japanese GP,Lando Norris,McLaren,4,11,89.537,Soft,0,2,336.7,27.756,34.024,27.756
Japanese GP,Lando Norris,McLaren,4,12,89.811,Soft,0,8,310.7,27.841,34.128,27.841
Japanese GP,Lando Norris,McLaren,4,13,89.17,Soft,0,1,325.4,27.643,33.885,27.643
Japanese GP,Lando Norris,McLaren,4,14,89.929,Medium,0,4,329.6,27.878,34.173,27.878
Japanese GP,Lando Norris,McLaren,4,15,89.552,Hard,0,8,330.4,27.761,34.03,27.761
Japanese GP,Lando Norris,McLaren,4,16,89.897,Hard,0,4,334.8,27.868,34.161,27.868
Japanese GP,Lando Norris,McLaren,4,17,90.248,Soft,0,3,323.8,27.977,34.294,27.977
Japanese GP,Lando Norris,McLaren,4,18,89.487,Medium,0,3,317.7,27.741,34.005,27.741
Japanese GP,Lando Norris,McLaren,4,19,89.492,Medium,0,3,333.2,27.743,34.007,27.743
Japanese GP,Lando Norris,McLaren,4,20,89.449,Soft,0,6,307.5,27.729,33.991,27.729
Japanese GP,Lando Norris,McLaren,4,21,89.602,Soft,1,1,321.3,27.777,34.049,27.777
Japanese GP,Lando Norris,McLaren,4,22,89.229,Soft,0,7,322.5,27.661,33.907,27.661
Japanese GP,Lando Norris,McLaren,4,23,90.029,Medium,0,1,337.1,27.909,34.211,27.909
Japanese GP,Lando Norris,McLaren,4,24,89.869,Medium,0,3,297.2,27.859,34.15,27.859
Japanese GP,Lando Norris,McLaren,4,25,89.626,Soft,0,3,327.0,27.784,34.058,27.784
Japanese GP,Lando Norris,McLaren,4,26,89.726,Medium,0,5,324.5,27.815,34.096,27.815
Japanese GP,Lando Norris,McLaren,4,27,89.326,Medium,0,1,336.5,27.691,33.944,27.691
Japanese GP,Lando Norris,McLaren,4,28,89.325,Soft,0,4,330.8,27.691,33.944,27.691
Japanese GP,Lando Norris,McLaren,4,29,89.501,Hard,0,8,337.4,27.745,34.01,27.745
Japanese GP,Lando Norris,McLaren,4,30,89.079,Hard,0,1,306.0,27.614,33.85,27.614
Japanese GP,Lando Norris,McLaren,4,31,89.816,Hard,0,4,314.9,27.843,34.13,27.843
Japanese GP,Lando Norris,McLaren,4,32,89.127,Hard,0,2,306.9,27.629,33.868,27.629
Japanese GP,Lando Norris,McLaren,4,33,89.172,Soft,0,4,306.3,27.643,33.885,27.643
Japanese GP,Lando Norris,McLaren,4,34,89.576,Medium,0,4,345.6,27.769,34.039,27.769
Japanese GP,Lando Norris,McLaren,4,35,89.317,Wet,0,2,299.3,27.688,33.94,27.688
Japanese GP,Lando Norris,McLaren,4,36,89.75,Medium,1,4,347.1,27.823,34.105,27.823
Japanese GP,Lando Norris,McLaren,4,37,89.412,Medium,0,7,300.3,27.718,33.977,27.718
Japanese GP,Lando Norris,McLaren,4,38,89.286,Medium,0,3,299.2,27.679,33.929,27.679
Japanese GP,Lando Norris,McLaren,4,39,89.52,Soft,0,5,311.6,27.751,34.018,27.751
Japanese GP,Lando Norris,McLaren,4,40,90.233,Wet,0,1,301.6,27.972,34.289,27.972
Japanese GP,Lando Norris,McLaren,4,41,90.23,Soft,0,2,299.7,27.971,34.287,27.971
Japanese GP,Lando Norris,McLaren,4,42,90.257,Hard,0,4,309.9,27.98,34.298,27.98
Japanese GP,Lando Norris,McLaren,4,43,89.744,Soft,0,6,332.3,27.821,34.103,27.821
Japanese GP,Lando Norris,McLaren,4,44,89.485,Medium,0,4,348.5,27.74,34.004,27.74
Japanese GP,Lando Norris,McLaren,4,45,90.243,Hard,0,3,334.5,27.975,34.292,27.975
Japanese GP,Lando Norris,McLaren,4,46,89.058,Soft,0,3,307.9,27.608,33.842,27.608
Japanese GP,Lando Norris,McLaren,4,47,90.511,Soft,0,1,325.7,28.058,34.394,28.058
Japanese GP,Lando Norris,McLaren,4,48,90.221,Hard,0,5,315.0,27.969,34.284,27.969
Japanese GP,Lando Norris,McLaren,4,49,89.915,Soft,0,5,334.9,27.874,34.168,27.874
Japanese GP,Lando Norris,McLaren,4,50,89.772,Medium,0,3,315.5,27.829,34.113,27.829
Japanese GP,Lando Norris,McLaren,4,51,89.87,Hard,0,3,332.2,27.86,34.151,27.86
Japanese GP,Lando Norris,McLaren,4,52,89.828,Medium,0,4,313.3,27.847,34.135,27.847
Japanese GP,Lando Norris,McLaren,4,53,89.377,Medium,0,3,343.9,27.707,33.963,27.707
Japanese GP,Lando Norris,McLaren,4,54,89.858,Medium,0,3,324.7,27.856,34.146,27.856
Japanese GP,Lando Norris,McLaren,4,55,90.004,Wet,0,8,340.4,27.901,34.202,27.901
Japanese GP,Lando Norris,McLaren,4,56,89.341,Soft,0,3,324.9,27.696,33.95,27.696
Japanese GP,Lando Norris,McLaren,4,57,89.234,Medium,0,3,335.7,27.663,33.909,27.663
Japanese GP,Lando Norris,McLaren,4,58,89.42,Hard,0,2,325.2,27.72,33.98,27.72
Japanese GP,Lando Norris,McLaren,4,59,89.845,Soft,0,5,336.2,27.852,34.141,27.852
Japanese GP,Lando Norris,McLaren,4,60,89.642,Soft,0,3,334.4,27.789,34.064,27.789
Japanese GP,Lando Norris,McLaren,4,61,89.987,Hard,0,2,308.3,27.896,34.195,27.896
Japanese GP,Lando Norris,McLaren,4,62,89.259,Medium,0,6,296.3,27.67,33.918,27.67
Japanese GP,Lando Norris,McLaren,4,63,89.161,Hard,0,6,298.7,27.64,33.881,27.64
Japanese GP,Lando Norris,McLaren,4,64,89.55,Medium,0,2,295.6,27.761,34.029,27.761
Japanese GP,Lando Norris,McLaren,4,65,89.617,Medium,0,1,329.9,27.781,34.054,27.781
Japanese GP,Lando Norris,McLaren,4,66,89.935,Medium,0,6,296.7,27.88,34.175,27.88
Japanese GP,Lando Norris,McLaren,4,67,89.532,Medium,0,2,318.2,27.755,34.022,27.755
Japanese GP,Lando Norris,McLaren,4,68,90.198,Wet,0,5,297.1,27.961,34.275,27.961
Japanese GP,Lando Norris,McLaren,4,69,89.279,Soft,0,1,299.6,27.676,33.926,27.676
Japanese GP,Oscar Piastri,McLaren,81,1,92.017,Soft,0,6,296.9,28.525,34.966,28.525
Japanese GP,Oscar Piastri,McLaren,81,2,92.001,Medium,0,2,300.2,28.52,34.96,28.52
Japanese GP,Oscar Piastri,McLaren,81,3,92.003,Soft,0,6,319.4,28.521,34.961,28.521
Japanese GP,Oscar Piastri,McLaren,81,4,92.037,Medium,0,5,331.0,28.531,34.974,28.531
Japanese GP,Oscar Piastri,McLaren,81,5,91.45,Medium,0,3,344.6,28.349,34.751,28.349
Japanese GP,Oscar Piastri,McLaren,81,6,91.498,Medium,0,4,301.0,28.364,34.769,28.364
Japanese GP,Oscar Piastri,McLaren,81,7,91.594,Medium,0,6,295.3,28.394,34.806,28.394
Japanese GP,Oscar Piastri,McLaren,81,8,91.554,Soft,0,5,342.6,28.382,34.791,28.382
Japanese GP,Oscar Piastri,McLaren,81,9,91.841,Hard,0,6,300.6,28.471,34.9,28.471
Japanese GP,Oscar Piastri,McLaren,81,10,92.363,Medium,0,8,319.1,28.633,35.098,28.633
Japanese GP,Oscar Piastri,McLaren,81,11,92.046,Hard,0,1,329.9,28.534,34.977,28.534
Japanese GP,Oscar Piastri,McLaren,81,12,91.549,Medium,0,8,298.7,28.38,34.789,28.38
Japanese GP,Oscar Piastri,McLaren,81,13,92.425,Medium,0,5,322.9,28.652,35.121,28.652
Japanese GP,Oscar Piastri,McLaren,81,14,92.641,Soft,0,3,299.8,28.719,35.204,28.719
Japanese GP,Oscar Piastri,McLaren,81,15,92.139,Wet,0,2,325.7,28.563,35.013,28.563
Japanese GP,Oscar Piastri,McLaren,81,16,92.226,Soft,0,4,301.4,28.59,35.046,28.59
Japanese GP,Oscar Piastri,McLaren,81,17,91.409,Soft,0,6,295.6,28.337,34.735,28.337
Japanese GP,Oscar Piastri,McLaren,81,18,91.307,Medium,0,4,327.2,28.305,34.697,28.305
Japanese GP,Oscar Piastri,McLaren,81,19,92.132,Medium,0,8,342.3,28.561,35.01,28.561
Japanese GP,Oscar Piastri,McLaren,81,20,92.032,Medium,0,2,304.5,28.53,34.972,28.53
Japanese GP,Oscar Piastri,McLaren,81,21,91.429,Medium,0,4,321.3,28.343,34.743,28.343
Japanese GP,Oscar Piastri,McLaren,81,22,91.626,Hard,0,2,346.6,28.404,34.818,28.404
Japanese GP,Oscar Piastri,McLaren,81,23,91.997,Soft,1,5,337.9,28.519,34.959,28.519
Japanese GP,Oscar Piastri,McLaren,81,24,92.113,Medium,0,6,328.4,28.555,35.003,28.555
Japanese GP,Oscar Piastri,McLaren,81,25,91.469,Medium,0,4,343.9,28.355,34.758,28.355
Japanese GP,Oscar Piastri,McLaren,81,26,91.869,Medium,0,1,318.8,28.479,34.91,28.479
Japanese GP,Oscar Piastri,McLaren,81,27,92.076,Hard,0,5,337.5,28.544,34.989,28.544
Japanese GP,Oscar Piastri,McLaren,81,28,91.891,Medium,0,5,311.7,28.486,34.919,28.486
Japanese GP,Oscar Piastri,McLaren,81,29,92.25,Medium,0,5,316.2,28.598,35.055,28.598
Japanese GP,Oscar Piastri,McLaren,81,30,91.6,Medium,0,7,324.3,28.396,34.808,28.396
Japanese GP,Oscar Piastri,McLaren,81,31,91.758,Soft,0,2,327.7,28.445,34.868,28.445
Japanese GP,Oscar Piastri,McLaren,81,32,92.344,Intermediate,0,6,314.2,28.627,35.091,28.627
Japanese GP,Oscar Piastri,McLaren,81,33,91.721,Hard,0,7,309.5,28.434,34.854,28.434
Japanese GP,Oscar Piastri,McLaren,81,34,91.613,Medium,0,1,339.1,28.4,34.813,28.4
Japanese GP,Oscar Piastri,McLaren,81,35,92.103,Hard,0,5,312.7,28.552,34.999,28.552
Japanese GP,Oscar Piastri,McLaren,81,36,91.61,Hard,0,3,330.1,28.399,34.812,28.399
Japanese GP,Oscar Piastri,McLaren,81,37,92.325,Medium,0,4,315.6,28.621,35.084,28.621
Japanese GP,Oscar Piastri,McLaren,81,38,91.785,Medium,0,5,313.8,28.453,34.878,28.453
Japanese GP,Oscar Piastri,McLaren,81,39,91.948,Intermediate,0,4,349.1,28.504,34.94,28.504
Japanese GP,Oscar Piastri,McLaren,81,40,92.176,Soft,0,3,320.0,28.575,35.027,28.575
Japanese GP,Oscar Piastri,McLaren,81,41,92.121,Soft,0,5,329.5,28.558,35.006,28.558
Japanese GP,Oscar Piastri,McLaren,81,42,92.055,Medium,0,2,302.7,28.537,34.981,28.537
Japanese GP,Oscar Piastri,McLaren,81,43,92.191,Soft,0,2,310.3,28.579,35.033,28.579
Japanese GP,Oscar Piastri,McLaren,81,44,91.63,Hard,0,6,306.3,28.405,34.819,28.405
Japanese GP,Oscar Piastri,McLaren,81,45,91.716,Medium,0,2,310.6,28.432,34.852,28.432
Japanese GP,Oscar Piastri,McLaren,81,46,91.896,Medium,0,6,346.0,28.488,34.92,28.488
Japanese GP,Oscar Piastri,McLaren,81,47,92.136,Medium,0,5,336.9,28.562,35.012,28.562
Japanese GP,Oscar Piastri,McLaren,81,48,92.343,Soft,0,1,347.5,28.626,35.09,28.626
Japanese GP,Oscar Piastri,McLaren,81,49,92.265,Wet,0,3,301.9,28.602,35.061,28.602
Japanese GP,Oscar Piastri,McLaren,81,50,91.677,Medium,0,7,344.1,28.42,34.837,28.42
Japanese GP,Oscar Piastri,McLaren,81,51,91.376,Hard,0,3,326.9,28.327,34.723,28.327
Japanese GP,Oscar Piastri,McLaren,81,52,92.061,Hard,0,4,334.2,28.539,34.983,28.539
Japanese GP,Oscar Piastri,McLaren,81,53,92.481,Hard,0,5,296.3,28.669,35.143,28.669
Japanese GP,Oscar Piastri,McLaren,81,54,92.047,Medium,0,6,313.8,28.535,34.978,28.535
Japanese GP,Oscar Piastri,McLaren,81,55,92.11,Hard,0,4,315.5,28.554,35.002,28.554
Japanese GP,Oscar Piastri,McLaren,81,56,92.083,Medium,0,3,306.4,28.546,34.992,28.546
Japanese GP,Oscar Piastri,McLaren,81,57,91.663,Hard,0,7,315.9,28.416,34.832,28.416
Japanese GP,Oscar Piastri,McLaren,81,58,93.018,Medium,0,8,319.9,28.836,35.347,28.836
Japanese GP,Oscar Piastri,McLaren,81,59,91.893,Medium,0,6,319.0,28.487,34.919,28.487
Japanese GP,Oscar Piastri,McLaren,81,60,91.408,Soft,0,5,309.8,28.336,34.735,28.336
Japanese GP,Oscar Piastri,McLaren,81,61,91.778,Hard,0,3,328.0,28.451,34.876,28.451
Japanese GP,Oscar Piastri,McLaren,81,62,92.931,Medium,0,3,299.9,28.809,35.314,28.809
Japanese GP,Oscar Piastri,McLaren,81,63,91.978,Soft,0,6,323.9,28.513,34.952,28.513
Japanese GP,Oscar Piastri,McLaren,81,64,91.962,Hard,0,5,342.9,28.508,34.946,28.508
Japanese GP,Oscar Piastri,McLaren,81,65,91.64,Medium,0,7,342.9,28.408,34.823,28.408
Japanese GP,Oscar Piastri,McLaren,81,66,92.082,Hard,0,6,310.9,28.545,34.991,28.545
Japanese GP,Oscar Piastri,McLaren,81,67,92.407,Soft,0,1,328.1,28.646,35.115,28.646
Japanese GP,Oscar Piastri,McLaren,81,68,91.346,Hard,0,7,324.4,28.317,34.711,28.317
Japanese GP,Oscar Piastri,McLaren,81,69,91.906,Soft,0,3,346.3,28.491,34.924,28.491
Japanese GP,Oscar Piastri,McLaren,81,70,91.704,Soft,0,4,323.2,28.428,34.848,28.428
Japanese GP,Oscar Piastri,McLaren,81,71,92.414,Medium,0,5,297.7,28.648,35.117,28.648
Japanese GP,Oscar Piastri,McLaren,81,72,92.017,Medium,0,8,326.6,28.525,34.966,28.525
Japanese GP,Oscar Piastri,McLaren,81,73,91.795,Hard,0,11,303.9,28.456,34.882,28.456
Japanese GP,Oscar Piastri,McLaren,81,74,91.742,Soft,0,6,324.1,28.44,34.862,28.44
Japanese GP,Oscar Piastri,McLaren,81,75,92.094,Medium,0,4,343.9,28.549,34.996,28.549
Japanese GP,George Russell,Mercedes-AMG,63,1,91.695,Hard,0,7,336.3,28.425,34.844,28.425
Japanese GP,George Russell,Mercedes-AMG,63,2,91.972,Soft,0,7,306.4,28.511,34.949,28.511
Japanese GP,George Russell,Mercedes-AMG,63,3,91.305,Intermediate,0,5,315.7,28.305,34.696,28.305
Japanese GP,George Russell,Mercedes-AMG,63,4,91.614,Hard,0,9,319.0,28.4,34.813,28.4
Japanese GP,George Russell,Mercedes-AMG,63,5,91.792,Hard,0,6,330.7,28.456,34.881,28.456
Japanese GP,George Russell,Mercedes-AMG,63,6,91.358,Intermediate,0,6,308.9,28.321,34.716,28.321
Japanese GP,George Russell,Mercedes-AMG,63,7,91.717,Hard,0,7,302.2,28.432,34.852,28.432
Japanese GP,George Russell,Mercedes-AMG,63,8,91.368,Medium,0,6,311.2,28.324,34.72,28.324
Japanese GP,George Russell,Mercedes-AMG,63,9,92.178,Hard,0,7,299.3,28.575,35.028,28.575
Japanese GP,George Russell,Mercedes-AMG,63,10,91.803,Medium,0,4,298.7,28.459,34.885,28.459
Japanese GP,George Russell,Mercedes-AMG,63,11,92.18,Soft,0,4,303.0,28.576,35.028,28.576
Japanese GP,George Russell,Mercedes-AMG,63,12,91.735,Medium,0,3,296.3,28.438,34.859,28.438
Japanese GP,George Russell,Mercedes-AMG,63,13,91.957,Medium,0,6,310.7,28.507,34.944,28.507
Japanese GP,George Russell,Mercedes-AMG,63,14,92.146,Hard,0,7,318.8,28.565,35.015,28.565
Japanese GP,George Russell,Mercedes-AMG,63,15,92.082,Hard,0,6,298.7,28.545,34.991,28.545
Japanese GP,George Russell,Mercedes-AMG,63,16,92.07,Hard,0,9,335.2,28.542,34.987,28.542
Japanese GP,George Russell,Mercedes-AMG,63,17,92.09,Soft,0,5,310.2,28.548,34.994,28.548
Japanese GP,George Russell,Mercedes-AMG,63,18,91.59,Intermediate,0,7,318.0,28.393,34.804,28.393
Japanese GP,George Russell,Mercedes-AMG,63,19,92.338,Soft,0,3,326.3,28.625,35.088,28.625
Japanese GP,George Russell,Mercedes-AMG,63,20,91.351,Hard,0,5,335.0,28.319,34.713,28.319
Japanese GP,George Russell,Mercedes-AMG,63,21,92.065,Soft,0,7,301.3,28.54,34.985,28.54
Japanese GP,George Russell,Mercedes-AMG,63,22,92.183,Hard,0,7,341.8,28.577,35.03,28.577
Japanese GP,George Russell,Mercedes-AMG,63,23,91.632,Intermediate,1,5,329.7,28.406,34.82,28.406
Japanese GP,George Russell,Mercedes-AMG,63,24,92.371,Hard,0,5,332.5,28.635,35.101,28.635
Japanese GP,George Russell,Mercedes-AMG,63,25,91.157,Medium,0,2,346.7,28.259,34.64,28.259
Japanese GP,George Russell,Mercedes-AMG,63,26,91.858,Medium,0,5,339.1,28.476,34.906,28.476
Japanese GP,George Russell,Mercedes-AMG,63,27,91.285,Soft,0,7,343.4,28.298,34.688,28.298
Japanese GP,George Russell,Mercedes-AMG,63,28,91.381,Soft,0,7,322.8,28.328,34.725,28.328
Japanese GP,George Russell,Mercedes-AMG,63,29,91.536,Medium,0,7,308.3,28.376,34.784,28.376
Japanese GP,George Russell,Mercedes-AMG,63,30,91.747,Hard,0,6,319.0,28.442,34.864,28.442
Japanese GP,George Russell,Mercedes-AMG,63,31,91.601,Soft,0,6,301.5,28.396,34.808,28.396
Japanese GP,George Russell,Mercedes-AMG,63,32,92.328,Intermediate,0,4,327.4,28.622,35.085,28.622
Japanese GP,George Russell,Mercedes-AMG,63,33,91.457,Soft,0,7,313.5,28.352,34.754,28.352
Japanese GP,George Russell,Mercedes-AMG,63,34,92.187,Soft,0,6,338.8,28.578,35.031,28.578
Japanese GP,George Russell,Mercedes-AMG,63,35,91.585,Hard,0,6,349.6,28.391,34.802,28.391
Japanese GP,George Russell,Mercedes-AMG,63,36,91.262,Soft,0,4,332.3,28.291,34.68,28.291
Japanese GP,George Russell,Mercedes-AMG,63,37,91.501,Soft,0,1,313.2,28.365,34.77,28.365
Japanese GP,George Russell,Mercedes-AMG,63,38,91.406,Soft,0,8,340.2,28.336,34.734,28.336
Japanese GP,George Russell,Mercedes-AMG,63,39,92.587,Hard,0,5,300.9,28.702,35.183,28.702
Japanese GP,George Russell,Mercedes-AMG,63,40,92.066,Hard,0,4,302.6,28.54,34.985,28.54
Japanese GP,George Russell,Mercedes-AMG,63,41,91.682,Medium,0,7,300.3,28.421,34.839,28.421
Japanese GP,George Russell,Mercedes-AMG,63,42,91.73,Hard,0,5,333.2,28.436,34.857,28.436
Japanese GP,George Russell,Mercedes-AMG,63,43,91.884,Soft,0,8,318.0,28.484,34.916,28.484
Japanese GP,George Russell,Mercedes-AMG,63,44,91.931,Hard,0,7,308.2,28.499,34.934,28.499
Japanese GP,George Russell,Mercedes-AMG,63,45,91.339,Soft,0,7,303.1,28.315,34.709,28.315
Japanese GP,George Russell,Mercedes-AMG,63,46,92.041,Soft,1,3,332.8,28.533,34.976,28.533
Japanese GP,George Russell,Mercedes-AMG,63,47,91.614,Soft,0,8,335.1,28.4,34.813,28.4
Japanese GP,George Russell,Mercedes-AMG,63,48,91.294,Medium,0,6,315.0,28.301,34.692,28.301
Japanese GP,George Russell,Mercedes-AMG,63,49,91.496,Soft,0,5,316.4,28.364,34.768,28.364
Japanese GP,George Russell,Mercedes-AMG,63,50,92.529,Hard,0,6,319.7,28.684,35.161,28.684
Japanese GP,George Russell,Mercedes-AMG,63,51,91.824,Hard,0,2,295.4,28.465,34.893,28.465
Japanese GP,George Russell,Mercedes-AMG,63,52,91.963,Medium,0,6,303.1,28.509,34.946,28.509
Japanese GP,George Russell,Mercedes-AMG,63,53,91.946,Intermediate,0,3,334.6,28.503,34.939,28.503
Japanese GP,George Russell,Mercedes-AMG,63,54,91.383,Medium,0,3,339.0,28.329,34.726,28.329
Japanese GP,George Russell,Mercedes-AMG,63,55,91.249,Hard,0,2,306.1,28.287,34.675,28.287
Japanese GP,George Russell,Mercedes-AMG,63,56,92.102,Hard,0,8,310.0,28.552,34.999,28.552
Japanese GP,George Russell,Mercedes-AMG,63,57,92.188,Medium,0,4,318.9,28.578,35.031,28.578
Japanese GP,George Russell,Mercedes-AMG,63,58,92.04,Medium,0,9,349.8,28.532,34.975,28.532
Japanese GP,George Russell,Mercedes-AMG,63,59,91.428,Medium,0,4,321.1,28.343,34.743,28.343
Japanese GP,George Russell,Mercedes-AMG,63,60,92.15,Medium,0,2,345.8,28.567,35.017,28.567
Japanese GP,George Russell,Mercedes-AMG,63,61,91.783,Hard,0,3,339.9,28.453,34.878,28.453
Japanese GP,George Russell,Mercedes-AMG,63,62,91.438,Soft,0,8,347.4,28.346,34.746,28.346
Japanese GP,George Russell,Mercedes-AMG,63,63,91.172,Soft,0,5,339.1,28.263,34.645,28.263
Japanese GP,George Russell,Mercedes-AMG,63,64,92.453,Intermediate,0,4,322.6,28.66,35.132,28.66
Japanese GP,George Russell,Mercedes-AMG,63,65,92.31,Medium,0,6,324.4,28.616,35.078,28.616
Japanese GP,George Russell,Mercedes-AMG,63,66,92.54,Intermediate,0,7,325.8,28.687,35.165,28.687
Japanese GP,Fernando Alonso,Aston Martin,14,1,91.915,Medium,0,9,347.1,28.494,34.928,28.494
Japanese GP,Fernando Alonso,Aston Martin,14,2,92.432,Hard,0,9,331.2,28.654,35.124,28.654
Japanese GP,Fernando Alonso,Aston Martin,14,3,92.448,Soft,0,6,314.9,28.659,35.13,28.659
Japanese GP,Fernando Alonso,Aston Martin,14,4,92.095,Medium,0,4,299.2,28.549,34.996,28.549
Japanese GP,Fernando Alonso,Aston Martin,14,5,92.509,Soft,0,6,298.6,28.678,35.153,28.678
Japanese GP,Fernando Alonso,Aston Martin,14,6,91.822,Medium,0,7,322.5,28.465,34.892,28.465
Japanese GP,Fernando Alonso,Aston Martin,14,7,92.134,Medium,0,5,314.6,28.562,35.011,28.562
Japanese GP,Fernando Alonso,Aston Martin,14,8,92.028,Soft,0,5,334.9,28.529,34.971,28.529
Japanese GP,Fernando Alonso,Aston Martin,14,9,91.995,Medium,0,7,339.8,28.518,34.958,28.518
Japanese GP,Fernando Alonso,Aston Martin,14,10,92.643,Medium,0,6,313.7,28.719,35.204,28.719
Japanese GP,Fernando Alonso,Aston Martin,14,11,92.279,Hard,0,7,306.7,28.606,35.066,28.606
Japanese GP,Fernando Alonso,Aston Martin,14,12,92.302,Medium,0,5,348.7,28.614,35.075,28.614
Japanese GP,Fernando Alonso,Aston Martin,14,13,92.864,Hard,0,6,337.4,28.788,35.288,28.788
Japanese GP,Fernando Alonso,Aston Martin,14,14,92.119,Hard,0,5,319.9,28.557,35.005,28.557
Japanese GP,Fernando Alonso,Aston Martin,14,15,91.492,Hard,0,8,330.7,28.363,34.767,28.363
Japanese GP,Fernando Alonso,Aston Martin,14,16,92.002,Medium,0,9,299.7,28.521,34.961,28.521
Japanese GP,Fernando Alonso,Aston Martin,14,17,92.51,Soft,0,3,321.0,28.678,35.154,28.678
Japanese GP,Fernando Alonso,Aston Martin,14,18,92.531,Hard,0,5,308.5,28.685,35.162,28.685
Japanese GP,Fernando Alonso,Aston Martin,14,19,92.691,Soft,0,4,331.6,28.734,35.223,28.734
Japanese GP,Fernando Alonso,Aston Martin,14,20,92.322,Wet,0,5,313.7,28.62,35.082,28.62
Japanese GP,Fernando Alonso,Aston Martin,14,21,93.278,Medium,0,6,312.0,28.916,35.446,28.916
Japanese GP,Fernando Alonso,Aston Martin,14,22,91.99,Soft,0,4,334.1,28.517,34.956,28.517
Japanese GP,Fernando Alonso,Aston Martin,14,23,92.23,Hard,1,5,301.2,28.591,35.047,28.591
Japanese GP,Fernando Alonso,Aston Martin,14,24,91.826,Soft,0,4,327.0,28.466,34.894,28.466
Japanese GP,Fernando Alonso,Aston Martin,14,25,91.887,Hard,0,7,336.5,28.485,34.917,28.485
Japanese GP,Fernando Alonso,Aston Martin,14,26,92.333,Medium,1,7,311.3,28.623,35.087,28.623
Japanese GP,Fernando Alonso,Aston Martin,14,27,91.918,Intermediate,0,5,345.5,28.495,34.929,28.495
Japanese GP,Fernando Alonso,Aston Martin,14,28,91.808,Hard,0,7,298.8,28.46,34.887,28.46
Japanese GP,Fernando Alonso,Aston Martin,14,29,92.137,Medium,0,5,317.3,28.562,35.012,28.562
Japanese GP,Fernando Alonso,Aston Martin,14,30,92.281,Medium,0,6,299.5,28.607,35.067,28.607
Japanese GP,Fernando Alonso,Aston Martin,14,31,92.564,Hard,0,10,329.7,28.695,35.174,28.695
Japanese GP,Fernando Alonso,Aston Martin,14,32,92.252,Soft,0,9,308.1,28.598,35.056,28.598
Japanese GP,Fernando Alonso,Aston Martin,14,33,92.049,Soft,0,4,322.1,28.535,34.979,28.535
Japanese GP,Fernando Alonso,Aston Martin,14,34,91.827,Hard,0,8,340.4,28.466,34.894,28.466
Japanese GP,Fernando Alonso,Aston Martin,14,35,92.103,Medium,0,8,309.8,28.552,34.999,28.552
Japanese GP,Fernando Alonso,Aston Martin,14,36,91.73,Medium,1,4,348.8,28.436,34.857,28.436
Japanese GP,Fernando Alonso,Aston Martin,14,37,92.499,Hard,0,8,339.8,28.675,35.15,28.675
Japanese GP,Fernando Alonso,Aston Martin,14,38,91.802,Hard,0,10,349.9,28.459,34.885,28.459
Japanese GP,Fernando Alonso,Aston Martin,14,39,92.383,Soft,0,4,310.2,28.639,35.106,28.639
Japanese GP,Fernando Alonso,Aston Martin,14,40,92.236,Hard,0,5,317.7,28.593,35.05,28.593
Japanese GP,Fernando Alonso,Aston Martin,14,41,91.878,Hard,0,9,342.8,28.482,34.914,28.482
Japanese GP,Fernando Alonso,Aston Martin,14,42,92.522,Medium,0,7,319.4,28.682,35.158,28.682
Japanese GP,Fernando Alonso,Aston Martin,14,43,91.657,Medium,0,8,342.8,28.414,34.83,28.414
Japanese GP,Fernando Alonso,Aston Martin,14,44,92.424,Medium,1,7,295.2,28.651,35.121,28.651
Japanese GP,Fernando Alonso,Aston Martin,14,45,92.493,Hard,0,7,323.8,28.673,35.147,28.673
Japanese GP,Fernando Alonso,Aston Martin,14,46,92.446,Soft,0,4,304.7,28.658,35.129,28.658
Japanese GP,Fernando Alonso,Aston Martin,14,47,92.286,Soft,0,9,314.1,28.609,35.069,28.609
Japanese GP,Fernando Alonso,Aston Martin,14,48,92.257,Soft,0,9,348.0,28.6,35.058,28.6
Japanese GP,Fernando Alonso,Aston Martin,14,49,91.74,Intermediate,0,6,338.0,28.439,34.861,28.439
Japanese GP,Fernando Alonso,Aston Martin,14,50,92.892,Medium,0,6,301.0,28.797,35.299,28.797
Japanese GP,Fernando Alonso,Aston Martin,14,51,92.806,Soft,0,3,339.0,28.77,35.266,28.77
Japanese GP,Fernando Alonso,Aston Martin,14,52,92.307,Hard,0,8,344.4,28.615,35.077,28.615
Japanese GP,Fernando Alonso,Aston Martin,14,53,92.473,Hard,0,8,342.1,28.667,35.14,28.667
Japanese GP,Fernando Alonso,Aston Martin,14,54,92.856,Soft,1,6,313.0,28.785,35.285,28.785
Japanese GP,Fernando Alonso,Aston Martin,14,55,92.207,Soft,0,9,335.3,28.584,35.039,28.584
Japanese GP,Fernando Alonso,Aston Martin,14,56,92.28,Medium,0,6,331.8,28.607,35.066,28.607
Japanese GP,Fernando Alonso,Aston Martin,14,57,92.011,Soft,0,8,312.9,28.523,34.964,28.523
Japanese GP,Fernando Alonso,Aston Martin,14,58,92.4,Medium,0,4,307.5,28.644,35.112,28.644
Japanese GP,Fernando Alonso,Aston Martin,14,59,92.008,Hard,0,6,317.6,28.522,34.963,28.522
Japanese GP,Fernando Alonso,Aston Martin,14,60,92.081,Wet,0,6,300.6,28.545,34.991,28.545
Japanese GP,Fernando Alonso,Aston Martin,14,61,91.79,Soft,0,7,300.3,28.455,34.88,28.455
Japanese GP,Fernando Alonso,Aston Martin,14,62,92.228,Soft,0,6,330.4,28.591,35.047,28.591
Japanese GP,Yuki Tsunoda,RB,22,1,88.941,Soft,0,7,338.5,27.572,33.798,27.572
Japanese GP,Yuki Tsunoda,RB,22,2,89.395,Medium,0,9,345.9,27.712,33.97,27.712
Japanese GP,Yuki Tsunoda,RB,22,3,89.004,Medium,0,7,300.5,27.591,33.822,27.591
Japanese GP,Yuki Tsunoda,RB,22,4,89.112,Medium,0,4,346.4,27.625,33.863,27.625
Japanese GP,Yuki Tsunoda,RB,22,5,88.981,Hard,0,11,331.7,27.584,33.813,27.584
Japanese GP,Yuki Tsunoda,RB,22,6,88.932,Hard,0,10,305.8,27.569,33.794,27.569
Japanese GP,Yuki Tsunoda,RB,22,7,89.09,Soft,0,5,307.4,27.618,33.854,27.618
Japanese GP,Yuki Tsunoda,RB,22,8,89.497,Hard,0,9,329.5,27.744,34.009,27.744
Japanese GP,Yuki Tsunoda,RB,22,9,89.431,Hard,0,6,321.1,27.724,33.984,27.724
Japanese GP,Yuki Tsunoda,RB,22,10,88.87,Soft,0,8,301.0,27.55,33.771,27.55
Japanese GP,Yuki Tsunoda,RB,22,11,89.017,Soft,0,8,333.5,27.595,33.826,27.595
Japanese GP,Yuki Tsunoda,RB,22,12,89.42,Medium,0,7,347.2,27.72,33.98,27.72
Japanese GP,Yuki Tsunoda,RB,22,13,89.317,Wet,0,6,331.3,27.688,33.94,27.688
Japanese GP,Yuki Tsunoda,RB,22,14,89.649,Medium,0,6,310.4,27.791,34.067,27.791
Japanese GP,Yuki Tsunoda,RB,22,15,90.033,Hard,0,6,305.8,27.91,34.213,27.91
Japanese GP,Yuki Tsunoda,RB,22,16,89.559,Intermediate,0,6,338.8,27.763,34.032,27.763
Japanese GP,Yuki Tsunoda,RB,22,17,89.543,Hard,0,7,325.8,27.758,34.026,27.758
Japanese GP,Yuki Tsunoda,RB,22,18,89.935,Hard,0,6,297.9,27.88,34.175,27.88
Japanese GP,Yuki Tsunoda,RB,22,19,89.413,Soft,0,9,323.0,27.718,33.977,27.718
Japanese GP,Yuki Tsunoda,RB,22,20,89.288,Medium,0,10,300.1,27.679,33.929,27.679
Japanese GP,Yuki Tsunoda,RB,22,21,89.239,Soft,0,6,322.0,27.664,33.911,27.664
Japanese GP,Yuki Tsunoda,RB,22,22,89.488,Hard,0,8,323.5,27.741,34.005,27.741
Japanese GP,Yuki Tsunoda,RB,22,23,89.684,Medium,1,8,320.3,27.802,34.08,27.802
Japanese GP,Yuki Tsunoda,RB,22,24,89.061,Soft,0,8,337.9,27.609,33.843,27.609
Japanese GP,Yuki Tsunoda,RB,22,25,89.766,Soft,0,8,336.7,27.827,34.111,27.827
Japanese GP,Yuki Tsunoda,RB,22,26,88.986,Intermediate,0,9,319.1,27.586,33.815,27.586
Japanese GP,Yuki Tsunoda,RB,22,27,89.326,Intermediate,0,8,334.6,27.691,33.944,27.691
Japanese GP,Yuki Tsunoda,RB,22,28,89.395,Hard,0,5,330.5,27.712,33.97,27.712
Japanese GP,Yuki Tsunoda,RB,22,29,88.858,Hard,0,9,321.2,27.546,33.766,27.546
Japanese GP,Yuki Tsunoda,RB,22,30,89.452,Soft,0,9,322.6,27.73,33.992,27.73
Japanese GP,Yuki Tsunoda,RB,22,31,89.444,Medium,0,6,296.4,27.728,33.989,27.728
Japanese GP,Yuki Tsunoda,RB,22,32,88.945,Soft,0,8,330.0,27.573,33.799,27.573
Japanese GP,Yuki Tsunoda,RB,22,33,89.533,Medium,0,9,315.8,27.755,34.023,27.755
Japanese GP,Yuki Tsunoda,RB,22,34,89.106,Soft,0,7,349.5,27.623,33.86,27.623
Japanese GP,Yuki Tsunoda,RB,22,35,89.318,Hard,0,10,335.1,27.689,33.941,27.689
Japanese GP,Yuki Tsunoda,RB,22,36,88.852,Soft,0,12,328.1,27.544,33.764,27.544
Japanese GP,Yuki Tsunoda,RB,22,37,89.698,Soft,0,6,305.2,27.806,34.085,27.806
Japanese GP,Yuki Tsunoda,RB,22,38,89.533,Intermediate,0,5,308.9,27.755,34.023,27.755
Japanese GP,Yuki Tsunoda,RB,22,39,89.709,Hard,0,8,329.4,27.81,34.089,27.81
Japanese GP,Yuki Tsunoda,RB,22,40,89.988,Medium,0,9,322.4,27.896,34.195,27.896
Japanese GP,Yuki Tsunoda,RB,22,41,89.546,Hard,0,7,330.6,27.759,34.027,27.759
Japanese GP,Yuki Tsunoda,RB,22,42,89.109,Soft,0,10,329.0,27.624,33.861,27.624
Japanese GP,Yuki Tsunoda,RB,22,43,89.809,Medium,0,5,317.4,27.841,34.127,27.841
Japanese GP,Yuki Tsunoda,RB,22,44,89.606,Hard,0,9,315.3,27.778,34.05,27.778
Japanese GP,Yuki Tsunoda,RB,22,45,89.272,Hard,0,6,320.4,27.674,33.923,27.674
Japanese GP,Yuki Tsunoda,RB,22,46,89.46,Wet,0,11,303.6,27.733,33.995,27.733
Japanese GP,Yuki Tsunoda,RB,22,47,90.237,Soft,0,11,338.4,27.973,34.29,27.973
Japanese GP,Yuki Tsunoda,RB,22,48,89.811,Soft,0,6,331.8,27.841,34.128,27.841
Japanese GP,Yuki Tsunoda,RB,22,49,89.5,Soft,0,6,323.2,27.745,34.01,27.745
Japanese GP,Yuki Tsunoda,RB,22,50,89.58,Medium,0,9,333.4,27.77,34.04,27.77
Japanese GP,Yuki Tsunoda,RB,22,51,89.343,Hard,0,7,320.6,27.696,33.95,27.696
Japanese GP,Yuki Tsunoda,RB,22,52,89.144,Soft,0,7,349.6,27.635,33.875,27.635
Japanese GP,Yuki Tsunoda,RB,22,53,89.686,Soft,0,8,305.7,27.803,34.081,27.803
Japanese GP,Yuki Tsunoda,RB,22,54,89.788,Soft,0,4,339.4,27.834,34.119,27.834
Japanese GP,Yuki Tsunoda,RB,22,55,89.408,Medium,0,7,334.7,27.716,33.975,27.716
Japanese GP,Yuki Tsunoda,RB,22,56,89.343,Soft,0,6,329.7,27.696,33.95,27.696
Japanese GP,Yuki Tsunoda,RB,22,57,89.19,Medium,0,7,297.2,27.649,33.892,27.649
Japanese GP,Yuki Tsunoda,RB,22,58,89.478,Intermediate,0,10,322.3,27.738,34.002,27.738
Japanese GP,Yuki Tsunoda,RB,22,59,89.137,Intermediate,0,5,337.8,27.632,33.872,27.632
Japanese GP,Yuki Tsunoda,RB,22,60,88.868,Hard,0,9,327.2,27.549,33.77,27.549
Japanese GP,Yuki Tsunoda,RB,22,61,89.163,Soft,0,7,345.8,27.641,33.882,27.641
Japanese GP,Yuki Tsunoda,RB,22,62,89.569,Medium,0,7,309.5,27.766,34.036,27.766
Japanese GP,Yuki Tsunoda,RB,22,63,89.8,Intermediate,0,9,345.4,27.838,34.124,27.838
Japanese GP,Yuki Tsunoda,RB,22,64,89.315,Medium,0,8,299.2,27.688,33.94,27.688
Japanese GP,Yuki Tsunoda,RB,22,65,90.034,Medium,0,9,301.0,27.911,34.213,27.911
Japanese GP,Yuki Tsunoda,RB,22,66,89.383,Medium,0,9,327.3,27.709,33.966,27.709
Japanese GP,Alexander Albon,Williams,23,1,90.824,Intermediate,0,8,303.1,28.155,34.513,28.155
Japanese GP,Alexander Albon,Williams,23,2,90.468,Medium,0,7,309.0,28.045,34.378,28.045
Japanese GP,Alexander Albon,Williams,23,3,91.036,Soft,0,6,324.5,28.221,34.594,28.221
Japanese GP,Alexander Albon,Williams,23,4,90.856,Hard,0,7,308.1,28.165,34.525,28.165
Japanese GP,Alexander Albon,Williams,23,5,91.166,Hard,0,14,333.2,28.261,34.643,28.261
Japanese GP,Alexander Albon,Williams,23,6,90.707,Hard,0,11,346.9,28.119,34.469,28.119
Japanese GP,Alexander Albon,Williams,23,7,90.468,Medium,0,6,340.0,28.045,34.378,28.045
Japanese GP,Alexander Albon,Williams,23,8,90.943,Soft,0,6,300.5,28.192,34.558,28.192
Japanese GP,Alexander Albon,Williams,23,9,90.637,Medium,0,9,340.0,28.097,34.442,28.097
Japanese GP,Alexander Albon,Williams,23,10,90.425,Medium,0,10,318.3,28.032,34.361,28.032
Japanese GP,Alexander Albon,Williams,23,11,91.385,Hard,0,10,336.2,28.329,34.726,28.329
Japanese GP,Alexander Albon,Williams,23,12,90.552,Medium,0,8,349.2,28.071,34.41,28.071
Japanese GP,Alexander Albon,Williams,23,13,90.587,Hard,0,8,335.5,28.082,34.423,28.082
Japanese GP,Alexander Albon,Williams,23,14,90.609,Medium,0,9,297.9,28.089,34.431,28.089
Japanese GP,Alexander Albon,Williams,23,15,91.133,Medium,0,9,322.9,28.251,34.631,28.251
Japanese GP,Alexander Albon,Williams,23,16,90.917,Soft,0,4,334.3,28.184,34.548,28.184
Japanese GP,Alexander Albon,Williams,23,17,91.345,Soft,0,8,337.2,28.317,34.711,28.317
Japanese GP,Alexander Albon,Williams,23,18,91.392,Hard,0,7,299.9,28.332,34.729,28.332
Japanese GP,Alexander Albon,Williams,23,19,91.142,Medium,0,9,303.1,28.254,34.634,28.254
Japanese GP,Alexander Albon,Williams,23,20,90.896,Hard,0,14,347.4,28.178,34.54,28.178
Japanese GP,Alexander Albon,Williams,23,21,90.925,Hard,1,9,311.2,28.187,34.551,28.187
Japanese GP,Alexander Albon,Williams,23,22,90.616,Medium,0,8,317.4,28.091,34.434,28.091
Japanese GP,Alexander Albon,Williams,23,23,90.876,Medium,0,10,320.1,28.172,34.533,28.172
Japanese GP,Alexander Albon,Williams,23,24,91.056,Medium,0,9,312.0,28.227,34.601,28.227
Japanese GP,Alexander Albon,Williams,23,25,90.383,Hard,0,9,330.8,28.019,34.346,28.019
Japanese GP,Alexander Albon,Williams,23,26,90.855,Soft,0,10,340.5,28.165,34.525,28.165
Japanese GP,Alexander Albon,Williams,23,27,91.012,Soft,0,13,344.6,28.214,34.585,28.214
Japanese GP,Alexander Albon,Williams,23,28,90.635,Hard,0,6,317.3,28.097,34.441,28.097
Japanese GP,Alexander Albon,Williams,23,29,90.311,Hard,0,9,338.1,27.996,34.318,27.996
Japanese GP,Alexander Albon,Williams,23,30,90.512,Medium,0,7,295.8,28.059,34.395,28.059
Japanese GP,Alexander Albon,Williams,23,31,90.218,Hard,0,10,337.2,27.968,34.283,27.968
Japanese GP,Alexander Albon,Williams,23,32,91.256,Hard,0,7,341.4,28.289,34.677,28.289
Japanese GP,Alexander Albon,Williams,23,33,90.454,Medium,0,8,341.7,28.041,34.373,28.041
Japanese GP,Alexander Albon,Williams,23,34,90.443,Soft,0,8,321.3,28.037,34.368,28.037
Japanese GP,Alexander Albon,Williams,23,35,90.884,Medium,0,10,344.9,28.174,34.536,28.174
Japanese GP,Alexander Albon,Williams,23,36,90.248,Hard,0,10,322.7,27.977,34.294,27.977
Japanese GP,Alexander Albon,Williams,23,37,90.316,Medium,0,6,297.6,27.998,34.32,27.998
Japanese GP,Alexander Albon,Williams,23,38,90.227,Medium,1,9,311.1,27.97,34.286,27.97
Japanese GP,Alexander Albon,Williams,23,39,90.586,Medium,0,7,342.5,28.082,34.423,28.082
Japanese GP,Alexander Albon,Williams,23,40,91.722,Medium,1,6,297.8,28.434,34.854,28.434
Japanese GP,Alexander Albon,Williams,23,41,90.615,Soft,0,8,319.2,28.091,34.434,28.091
Japanese GP,Alexander Albon,Williams,23,42,90.535,Intermediate,0,8,334.9,28.066,34.403,28.066
Japanese GP,Alexander Albon,Williams,23,43,91.134,Medium,0,13,338.9,28.252,34.631,28.252
Japanese GP,Alexander Albon,Williams,23,44,91.356,Intermediate,0,9,349.0,28.32,34.715,28.32
Japanese GP,Alexander Albon,Williams,23,45,90.713,Medium,0,6,332.1,28.121,34.471,28.121
Japanese GP,Alexander Albon,Williams,23,46,90.281,Soft,0,7,299.9,27.987,34.307,27.987
Japanese GP,Alexander Albon,Williams,23,47,90.748,Hard,0,11,306.1,28.132,34.484,28.132
Japanese GP,Alexander Albon,Williams,23,48,90.909,Soft,0,13,306.3,28.182,34.545,28.182
Japanese GP,Alexander Albon,Williams,23,49,90.438,Soft,0,5,301.2,28.036,34.366,28.036
Japanese GP,Alexander Albon,Williams,23,50,90.976,Hard,0,5,320.7,28.203,34.571,28.203
Japanese GP,Alexander Albon,Williams,23,51,90.808,Medium,0,12,311.3,28.15,34.507,28.15
Japanese GP,Alexander Albon,Williams,23,52,90.978,Soft,0,9,297.6,28.203,34.572,28.203
Japanese GP,Alexander Albon,Williams,23,53,90.618,Hard,0,7,310.1,28.092,34.435,28.092
Japanese GP,Alexander Albon,Williams,23,54,90.393,Soft,0,10,316.9,28.022,34.349,28.022
Japanese GP,Alexander Albon,Williams,23,55,91.029,Hard,0,3,331.7,28.219,34.591,28.219
Japanese GP,Alexander Albon,Williams,23,56,90.76,Hard,0,9,343.3,28.136,34.489,28.136
Japanese GP,Alexander Albon,Williams,23,57,90.501,Medium,0,9,304.4,28.055,34.39,28.055
Japanese GP,Alexander Albon,Williams,23,58,90.833,Hard,0,10,307.9,28.158,34.517,28.158
Japanese GP,Alexander Albon,Williams,23,59,90.425,Hard,0,6,343.2,28.032,34.361,28.032
Japanese GP,Alexander Albon,Williams,23,60,91.082,Medium,0,9,307.6,28.235,34.611,28.235
Japanese GP,Alexander Albon,Williams,23,61,90.225,Hard,0,7,334.6,27.97,34.285,27.97
Japanese GP,Alexander Albon,Williams,23,62,91.145,Soft,0,9,333.5,28.255,34.635,28.255
Japanese GP,Alexander Albon,Williams,23,63,90.905,Intermediate,0,7,337.9,28.181,34.544,28.181
Japanese GP,Alexander Albon,Williams,23,64,90.352,Hard,0,8,324.7,28.009,34.334,28.009
Japanese GP,Alexander Albon,Williams,23,65,90.674,Soft,0,7,313.0,28.109,34.456,28.109
Japanese GP,Alexander Albon,Williams,23,66,90.555,Hard,0,10,295.8,28.072,34.411,28.072
Japanese GP,Alexander Albon,Williams,23,67,90.978,Soft,0,10,317.3,28.203,34.572,28.203
Japanese GP,Alexander Albon,Williams,23,68,90.96,Hard,0,8,299.0,28.198,34.565,28.198
Japanese GP,Alexander Albon,Williams,23,69,90.722,Medium,0,9,325.7,28.124,34.474,28.124
Japanese GP,Alexander Albon,Williams,23,70,90.726,Medium,0,6,342.7,28.125,34.476,28.125
Japanese GP,Alexander Albon,Williams,23,71,91.156,Hard,0,8,347.3,28.258,34.639,28.258
Japanese GP,Alexander Albon,Williams,23,72,90.807,Wet,0,8,322.9,28.15,34.507,28.15
Japanese GP,Alexander Albon,Williams,23,73,90.413,Medium,0,14,325.4,28.028,34.357,28.028
Japanese GP,Alexander Albon,Williams,23,74,90.546,Medium,0,6,322.9,28.069,34.407,28.069
Japanese GP,Alexander Albon,Williams,23,75,90.867,Medium,0,11,307.9,28.169,34.529,28.169
Japanese GP,Alexander Albon,Williams,23,76,91.079,Medium,0,10,296.4,28.234,34.61,28.234
Japanese GP,Nico Hulkenberg,Kick Sauber,27,1,89.187,Soft,0,10,322.2,27.648,33.891,27.648
Japanese GP,Nico Hulkenberg,Kick Sauber,27,2,88.383,Medium,0,13,322.8,27.399,33.586,27.399
Japanese GP,Nico Hulkenberg,Kick Sauber,27,3,88.425,Medium,0,10,322.2,27.412,33.602,27.412
Japanese GP,Nico Hulkenberg,Kick Sauber,27,4,88.857,Hard,0,10,316.9,27.546,33.766,27.546
Japanese GP,Nico Hulkenberg,Kick Sauber,27,5,89.135,Medium,0,9,343.6,27.632,33.871,27.632
Japanese GP,Nico Hulkenberg,Kick Sauber,27,6,88.777,Hard,0,12,332.7,27.521,33.735,27.521
Japanese GP,Nico Hulkenberg,Kick Sauber,27,7,88.392,Soft,0,12,304.7,27.402,33.589,27.402
Japanese GP,Nico Hulkenberg,Kick Sauber,27,8,88.743,Soft,0,8,316.6,27.51,33.722,27.51
Japanese GP,Nico Hulkenberg,Kick Sauber,27,9,88.686,Hard,0,7,305.2,27.493,33.701,27.493
Japanese GP,Nico Hulkenberg,Kick Sauber,27,10,88.614,Medium,0,9,338.4,27.47,33.673,27.47
Japanese GP,Nico Hulkenberg,Kick Sauber,27,11,88.781,Intermediate,0,8,313.7,27.522,33.737,27.522
Japanese GP,Nico Hulkenberg,Kick Sauber,27,12,89.089,Intermediate,0,9,324.3,27.618,33.854,27.618
Japanese GP,Nico Hulkenberg,Kick Sauber,27,13,89.534,Soft,0,12,316.4,27.756,34.023,27.756
Japanese GP,Nico Hulkenberg,Kick Sauber,27,14,89.089,Hard,0,9,313.9,27.618,33.854,27.618
Japanese GP,Nico Hulkenberg,Kick Sauber,27,15,89.247,Intermediate,0,9,325.8,27.667,33.914,27.667
Japanese GP,Nico Hulkenberg,Kick Sauber,27,16,88.553,Medium,0,10,309.5,27.451,33.65,27.451
Japanese GP,Nico Hulkenberg,Kick Sauber,27,17,89.403,Soft,0,11,336.6,27.715,33.973,27.715
Japanese GP,Nico Hulkenberg,Kick Sauber,27,18,89.04,Soft,0,5,343.3,27.602,33.835,27.602
Japanese GP,Nico Hulkenberg,Kick Sauber,27,19,88.379,Medium,0,8,304.1,27.397,33.584,27.397
Japanese GP,Nico Hulkenberg,Kick Sauber,27,20,89.408,Medium,0,10,338.6,27.716,33.975,27.716
Japanese GP,Nico Hulkenberg,Kick Sauber,27,21,88.541,Medium,0,12,311.2,27.448,33.646,27.448
Japanese GP,Nico Hulkenberg,Kick Sauber,27,22,88.597,Soft,0,9,315.1,27.465,33.667,27.465
Japanese GP,Nico Hulkenberg,Kick Sauber,27,23,88.735,Hard,0,6,300.4,27.508,33.719,27.508
Japanese GP,Nico Hulkenberg,Kick Sauber,27,24,89.07,Soft,0,11,347.4,27.612,33.847,27.612
Japanese GP,Nico Hulkenberg,Kick Sauber,27,25,89.019,Soft,0,8,296.9,27.596,33.827,27.596
Japanese GP,Nico Hulkenberg,Kick Sauber,27,26,88.573,Medium,0,7,333.3,27.458,33.658,27.458
Japanese GP,Nico Hulkenberg,Kick Sauber,27,27,89.52,Hard,0,8,295.4,27.751,34.018,27.751
Japanese GP,Nico Hulkenberg,Kick Sauber,27,28,89.063,Medium,0,9,317.1,27.61,33.844,27.61
Japanese GP,Nico Hulkenberg,Kick Sauber,27,29,89.128,Intermediate,0,8,317.9,27.63,33.869,27.63
Japanese GP,Nico Hulkenberg,Kick Sauber,27,30,88.954,Medium,0,5,324.6,27.576,33.803,27.576
Japanese GP,Nico Hulkenberg,Kick Sauber,27,31,88.51,Medium,0,11,323.1,27.438,33.634,27.438
Japanese GP,Nico Hulkenberg,Kick Sauber,27,32,88.766,Medium,0,12,338.8,27.517,33.731,27.517
Japanese GP,Nico Hulkenberg,Kick Sauber,27,33,89.301,Soft,0,11,302.1,27.683,33.934,27.683
Japanese GP,Nico Hulkenberg,Kick Sauber,27,34,89.627,Medium,0,7,296.4,27.784,34.058,27.784
Japanese GP,Nico Hulkenberg,Kick Sauber,27,35,88.416,Hard,0,9,330.2,27.409,33.598,27.409
Japanese GP,Nico Hulkenberg,Kick Sauber,27,36,88.597,Medium,0,9,339.0,27.465,33.667,27.465
Japanese GP,Nico Hulkenberg,Kick Sauber,27,37,88.341,Medium,0,11,323.7,27.386,33.57,27.386
Japanese GP,Nico Hulkenberg,Kick Sauber,27,38,88.639,Soft,0,11,310.6,27.478,33.683,27.478
Japanese GP,Nico Hulkenberg,Kick Sauber,27,39,89.069,Hard,0,8,322.5,27.611,33.846,27.611
Japanese GP,Nico Hulkenberg,Kick Sauber,27,40,89.498,Hard,0,10,330.4,27.744,34.009,27.744
Japanese GP,Nico Hulkenberg,Kick Sauber,27,41,88.417,Hard,0,10,345.6,27.409,33.598,27.409
Japanese GP,Nico Hulkenberg,Kick Sauber,27,42,89.442,Medium,0,12,333.9,27.727,33.988,27.727
Japanese GP,Nico Hulkenberg,Kick Sauber,27,43,88.606,Soft,0,11,328.4,27.468,33.67,27.468
Japanese GP,Nico Hulkenberg,Kick Sauber,27,44,89.218,Soft,0,11,343.7,27.658,33.903,27.658
Japanese GP,Nico Hulkenberg,Kick Sauber,27,45,88.702,Soft,0,10,320.5,27.498,33.707,27.498
Japanese GP,Nico Hulkenberg,Kick Sauber,27,46,88.983,Medium,0,12,331.6,27.585,33.814,27.585
Japanese GP,Nico Hulkenberg,Kick Sauber,27,47,89.325,Medium,0,10,309.3,27.691,33.944,27.691
Japanese GP,Nico Hulkenberg,Kick Sauber,27,48,89.047,Soft,0,8,342.5,27.605,33.838,27.605
Japanese GP,Nico Hulkenberg,Kick Sauber,27,49,88.829,Medium,0,12,316.0,27.537,33.755,27.537
Japanese GP,Nico Hulkenberg,Kick Sauber,27,50,88.774,Medium,0,11,334.5,27.52,33.734,27.52
Japanese GP,Nico Hulkenberg,Kick Sauber,27,51,88.806,Medium,0,9,305.9,27.53,33.746,27.53
Japanese GP,Nico Hulkenberg,Kick Sauber,27,52,89.224,Intermediate,0,9,312.9,27.659,33.905,27.659
Japanese GP,Nico Hulkenberg,Kick Sauber,27,53,89.336,Intermediate,0,10,335.8,27.694,33.948,27.694
Japanese GP,Nico Hulkenberg,Kick Sauber,27,54,89.464,Hard,0,10,330.2,27.734,33.996,27.734
Japanese GP,Nico Hulkenberg,Kick Sauber,27,55,88.627,Hard,0,10,330.9,27.474,33.678,27.474
Japanese GP,Nico Hulkenberg,Kick Sauber,27,56,89.45,Medium,0,10,325.6,27.73,33.991,27.73
Japanese GP,Nico Hulkenberg,Kick Sauber,27,57,88.475,Hard,0,13,335.5,27.427,33.62,27.427
Japanese GP,Nico Hulkenberg,Kick Sauber,27,58,89.462,Soft,0,12,326.4,27.733,33.996,27.733
Japanese GP,Nico Hulkenberg,Kick Sauber,27,59,89.236,Intermediate,0,10,328.6,27.663,33.91,27.663
Japanese GP,Nico Hulkenberg,Kick Sauber,27,60,88.73,Hard,0,11,295.1,27.506,33.717,27.506
Japanese GP,Nico Hulkenberg,Kick Sauber,27,61,88.376,Medium,0,7,336.8,27.397,33.583,27.397
Japanese GP,Nico Hulkenberg,Kick Sauber,27,62,88.468,Hard,0,10,302.6,27.425,33.618,27.425
Japanese GP,Nico Hulkenberg,Kick Sauber,27,63,88.483,Hard,0,13,302.4,27.43,33.624,27.43
Japanese GP,Nico Hulkenberg,Kick Sauber,27,64,89.244,Hard,0,9,305.4,27.666,33.913,27.666
Japanese GP,Nico Hulkenberg,Kick Sauber,27,65,88.492,Medium,0,8,323.5,27.433,33.627,27.433
Japanese GP,Nico Hulkenberg,Kick Sauber,27,66,88.565,Hard,0,8,331.7,27.455,33.655,27.455
Japanese GP,Nico Hulkenberg,Kick Sauber,27,67,89.061,Medium,0,7,338.9,27.609,33.843,27.609
Japanese GP,Nico Hulkenberg,Kick Sauber,27,68,88.533,Medium,0,8,330.5,27.445,33.643,27.445
Japanese GP,Nico Hulkenberg,Kick Sauber,27,69,88.509,Hard,0,9,347.5,27.438,33.633,27.438
Japanese GP,Nico Hulkenberg,Kick Sauber,27,70,88.361,Medium,0,7,331.5,27.392,33.577,27.392
Japanese GP,Nico Hulkenberg,Kick Sauber,27,71,88.726,Hard,0,10,305.6,27.505,33.716,27.505
Chinese GP,Max Verstappen,Red Bull Racing,1,1,91.871,Soft,0,2,300.1,28.48,34.911,28.48
Chinese GP,Max Verstappen,Red Bull Racing,1,2,90.929,Soft,0,1,301.4,28.188,34.553,28.188
Chinese GP,Max Verstappen,Red Bull Racing,1,3,91.579,Hard,0,4,317.6,28.389,34.8,28.389
Chinese GP,Max Verstappen,Red Bull Racing,1,4,91.504,Hard,0,2,301.4,28.366,34.772,28.366
Chinese GP,Max Verstappen,Red Bull Racing,1,5,91.092,Soft,0,3,329.0,28.239,34.615,28.239
Chinese GP,Max Verstappen,Red Bull Racing,1,6,91.715,Hard,0,1,336.8,28.432,34.852,28.432
Chinese GP,Max Verstappen,Red Bull Racing,1,7,91.586,Hard,0,2,311.1,28.392,34.803,28.392
Chinese GP,Max Verstappen,Red Bull Racing,1,8,91.373,Medium,0,1,320.0,28.326,34.722,28.326
Chinese GP,Max Verstappen,Red Bull Racing,1,9,91.255,Hard,0,2,304.7,28.289,34.677,28.289
Chinese GP,Max Verstappen,Red Bull Racing,1,10,91.827,Hard,0,1,302.7,28.466,34.894,28.466
Chinese GP,Max Verstappen,Red Bull Racing,1,11,91.822,Medium,0,2,303.3,28.465,34.892,28.465
Chinese GP,Max Verstappen,Red Bull Racing,1,12,91.124,Hard,0,1,333.5,28.248,34.627,28.248
Chinese GP,Max Verstappen,Red Bull Racing,1,13,91.72,Medium,0,1,339.6,28.433,34.854,28.433
Chinese GP,Max Verstappen,Red Bull Racing,1,14,91.545,Hard,0,2,302.1,28.379,34.787,28.379
Chinese GP,Max Verstappen,Red Bull Racing,1,15,92.149,Soft,0,1,301.5,28.566,35.017,28.566
Chinese GP,Max Verstappen,Red Bull Racing,1,16,92.038,Medium,0,1,315.2,28.532,34.974,28.532
Chinese GP,Max Verstappen,Red Bull Racing,1,17,91.541,Hard,0,1,346.8,28.378,34.786,28.378
Chinese GP,Max Verstappen,Red Bull Racing,1,18,92.036,Intermediate,0,2,301.8,28.531,34.974,28.531
Chinese GP,Max Verstappen,Red Bull Racing,1,19,91.872,Soft,0,1,327.9,28.48,34.911,28.48
Chinese GP,Max Verstappen,Red Bull Racing,1,20,91.666,Soft,0,2,342.4,28.416,34.833,28.416
Chinese GP,Max Verstappen,Red Bull Racing,1,21,91.116,Hard,0,2,330.8,28.246,34.624,28.246
Chinese GP,Max Verstappen,Red Bull Racing,1,22,91.194,Hard,0,1,307.2,28.27,34.654,28.27
Chinese GP,Max Verstappen,Red Bull Racing,1,23,91.163,Soft,1,2,344.9,28.261,34.642,28.261
Chinese GP,Max Verstappen,Red Bull Racing,1,24,92.345,Hard,0,1,315.3,28.627,35.091,28.627
Chinese GP,Max Verstappen,Red Bull Racing,1,25,91.251,Medium,0,1,315.5,28.288,34.675,28.288
Chinese GP,Max Verstappen,Red Bull Racing,1,26,92.715,Soft,0,1,302.5,28.742,35.232,28.742
Chinese GP,Max Verstappen,Red Bull Racing,1,27,90.95,Soft,0,1,337.3,28.195,34.561,28.195
Chinese GP,Max Verstappen,Red Bull Racing,1,28,90.99,Intermediate,0,1,325.5,28.207,34.576,28.207
Chinese GP,Max Verstappen,Red Bull Racing,1,29,91.386,Intermediate,0,1,303.9,28.33,34.727,28.33
Chinese GP,Max Verstappen,Red Bull Racing,1,30,91.737,Hard,0,1,319.6,28.438,34.86,28.438
Chinese GP,Max Verstappen,Red Bull Racing,1,31,92.053,Soft,0,1,333.7,28.536,34.98,28.536
Chinese GP,Max Verstappen,Red Bull Racing,1,32,91.398,Medium,0,2,308.6,28.333,34.731,28.333
Chinese GP,Max Verstappen,Red Bull Racing,1,33,91.309,Intermediate,0,1,314.9,28.306,34.697,28.306
Chinese GP,Max Verstappen,Red Bull Racing,1,34,91.324,Medium,0,1,333.7,28.31,34.703,28.31
Chinese GP,Max Verstappen,Red Bull Racing,1,35,91.339,Medium,0,2,332.2,28.315,34.709,28.315
Chinese GP,Max Verstappen,Red Bull Racing,1,36,91.441,Soft,1,1,306.3,28.347,34.748,28.347
Chinese GP,Max Verstappen,Red Bull Racing,1,37,91.992,Hard,0,1,328.4,28.518,34.957,28.518
Chinese GP,Max Verstappen,Red Bull Racing,1,38,92.395,Medium,0,1,341.1,28.642,35.11,28.642
Chinese GP,Max Verstappen,Red Bull Racing,1,39,91.278,Medium,0,1,323.9,28.296,34.686,28.296
Chinese GP,Max Verstappen,Red Bull Racing,1,40,91.389,Soft,0,2,317.2,28.331,34.728,28.331
Chinese GP,Max Verstappen,Red Bull Racing,1,41,91.986,Medium,0,2,336.5,28.516,34.955,28.516
Chinese GP,Max Verstappen,Red Bull Racing,1,42,91.509,Hard,0,1,345.3,28.368,34.773,28.368
Chinese GP,Max Verstappen,Red Bull Racing,1,43,91.623,Medium,0,1,337.3,28.403,34.817,28.403
Chinese GP,Max Verstappen,Red Bull Racing,1,44,91.761,Hard,1,1,326.6,28.446,34.869,28.446
Chinese GP,Max Verstappen,Red Bull Racing,1,45,92.199,Soft,0,1,297.3,28.582,35.036,28.582
Chinese GP,Max Verstappen,Red Bull Racing,1,46,91.629,Hard,0,1,346.1,28.405,34.819,28.405
Chinese GP,Max Verstappen,Red Bull Racing,1,47,92.051,Medium,0,3,330.6,28.536,34.979,28.536
Chinese GP,Max Verstappen,Red Bull Racing,1,48,91.434,Soft,1,3,316.0,28.345,34.745,28.345
Chinese GP,Max Verstappen,Red Bull Racing,1,49,91.773,Intermediate,0,1,306.9,28.45,34.874,28.45
Chinese GP,Max Verstappen,Red Bull Racing,1,50,91.414,Medium,0,2,307.8,28.338,34.737,28.338
Chinese GP,Max Verstappen,Red Bull Racing,1,51,91.65,Soft,0,3,331.8,28.412,34.827,28.412
Chinese GP,Max Verstappen,Red Bull Racing,1,52,91.874,Wet,0,1,339.4,28.481,34.912,28.481
Chinese GP,Max Verstappen,Red Bull Racing,1,53,91.825,Soft,0,3,341.6,28.466,34.894,28.466
Chinese GP,Max Verstappen,Red Bull Racing,1,54,91.492,Medium,0,5,341.4,28.363,34.767,28.363
Chinese GP,Max Verstappen,Red Bull Racing,1,55,90.919,Soft,0,3,329.7,28.185,34.549,28.185
Chinese GP,Max Verstappen,Red Bull Racing,1,56,91.911,Intermediate,0,1,307.9,28.492,34.926,28.492
Chinese GP,Max Verstappen,Red Bull Racing,1,57,92.786,Soft,0,3,347.9,28.764,35.259,28.764
Chinese GP,Max Verstappen,Red Bull Racing,1,58,91.738,Hard,0,1,348.4,28.439,34.86,28.439
Chinese GP,Max Verstappen,Red Bull Racing,1,59,91.34,Soft,0,1,319.8,28.315,34.709,28.315
Chinese GP,Max Verstappen,Red Bull Racing,1,60,91.794,Soft,0,1,348.5,28.456,34.882,28.456
Chinese GP,Max Verstappen,Red Bull Racing,1,61,91.071,Soft,0,4,309.3,28.232,34.607,28.232
Chinese GP,Max Verstappen,Red Bull Racing,1,62,91.488,Hard,0,1,341.3,28.361,34.765,28.361
Chinese GP,Max Verstappen,Red Bull Racing,1,63,91.393,Medium,0,4,346.4,28.332,34.729,28.332
Chinese GP,Max Verstappen,Red Bull Racing,1,64,91.563,Hard,0,1,325.8,28.385,34.794,28.385
Chinese GP,Max Verstappen,Red Bull Racing,1,65,91.795,Medium,0,1,331.6,28.456,34.882,28.456
Chinese GP,Max Verstappen,Red Bull Racing,1,66,91.477,Soft,0,1,309.2,28.358,34.761,28.358
Chinese GP,Max Verstappen,Red Bull Racing,1,67,91.814,Medium,0,1,322.2,28.462,34.889,28.462
Chinese GP,Max Verstappen,Red Bull Racing,1,68,91.166,Hard,0,2,325.7,28.261,34.643,28.261
Chinese GP,Max Verstappen,Red Bull Racing,1,69,91.808,Hard,0,2,327.0,28.46,34.887,28.46
Chinese GP,Max Verstappen,Red Bull Racing,1,70,91.739,Hard,0,1,333.6,28.439,34.861,28.439
Chinese GP,Max Verstappen,Red Bull Racing,1,71,92.034,Medium,0,1,346.5,28.531,34.973,28.531
Chinese GP,Charles Leclerc,Scuderia Ferrari,16,1,88.092,Medium,0,5,325.8,27.309,33.475,27.309
Chinese GP,Charles Leclerc,Scuderia Ferrari,16,2,88.118,Intermediate,0,1,340.4,27.317,33.485,27.317
Chinese GP,Charles Leclerc,Scuderia Ferrari,16,3,88.517,Soft,0,1,309.6,27.44,33.636,27.44
Chinese GP,Charles Leclerc,Scuderia Ferrari,16,4,88.521,Medium,0,4,302.6,27.442,33.638,27.442
Chinese GP,Charles Leclerc,Scuderia Ferrari,16,5,88.176,Wet,0,5,319.5,27.335,33.507,27.335
Chinese GP,Charles Leclerc,Scuderia Ferrari,16,6,88.675,Soft,0,2,299.1,27.489,33.697,27.489
Chinese GP,Charles Leclerc,Scuderia Ferrari,16,7,88.865,Hard,0,4,331.4,27.548,33.769,27.548
Chinese GP,Charles Leclerc,Scuderia Ferrari,16,8,89.108,Hard,0,4,307.8,27.623,33.861,27.623
Chinese GP,Charles Leclerc,Scuderia Ferrari,16,9,89.094,Medium,0,1,297.4,27.619,33.856,27.619
Chinese GP,Charles Leclerc,Scuderia Ferrari,16,10,88.623,Medium,0,1,345.1,27.473,33.677,27.473
Chinese GP,Charles Leclerc,Scuderia Ferrari,16,11,88.603,Medium,0,4,309.4,27.467,33.669,27.467
Chinese GP,Charles Leclerc,Scuderia Ferrari,16,12,88.84,Hard,0,5,310.0,27.54,33.759,27.54
Chinese GP,Charles Leclerc,Scuderia Ferrari,16,13,88.265,Hard,0,3,344.3,27.362,33.541,27.362
Chinese GP,Charles Leclerc,Scuderia Ferrari,16,14,88.507,Soft,0,1,326.5,27.437,33.633,27.437
Chinese GP,Charles Leclerc,Scuderia Ferrari,16,15,89.268,Hard,0,5,320.4,27.673,33.922,27.673
Chinese GP,Charles Leclerc,Scuderia Ferrari,16,16,88.202,Soft,0,1,341.6,27.343,33.517,27.343
Chinese GP,Charles Leclerc,Scuderia Ferrari,16,17,89.327,Medium,0,1,329.5,27.691,33.944,27.691
Chinese GP,Charles Leclerc,Scuderia Ferrari,16,18,89.007,Medium,0,2,333.4,27.592,33.823,27.592
Chinese GP,Charles Leclerc,Scuderia Ferrari,16,19,89.052,Medium,0,5,316.0,27.606,33.84,27.606
Chinese GP,Charles Leclerc,Scuderia Ferrari,16,20,89.395,Medium,0,3,348.8,27.712,33.97,27.712
Chinese GP,Charles Leclerc,Scuderia Ferrari,16,21,88.596,Hard,0,2,298.2,27.465,33.666,27.465
Chinese GP,Charles Leclerc,Scuderia Ferrari,16,22,89.038,Intermediate,0,2,314.3,27.602,33.834,27.602
Chinese GP,Charles Leclerc,Scuderia Ferrari,16,23,88.483,Hard,0,2,340.8,27.43,33.624,27.43
Chinese GP,Charles Leclerc,Scuderia Ferrari,16,24,88.619,Medium,0,3,300.5,27.472,33.675,27.472
Chinese GP,Charles Leclerc,Scuderia Ferrari,16,25,88.555,Medium,0,1,297.7,27.452,33.651,27.452
Chinese GP,Charles Leclerc,Scuderia Ferrari,16,26,88.283,Wet,0,1,304.8,27.368,33.548,27.368
Chinese GP,Charles Leclerc,Scuderia Ferrari,16,27,89.027,Hard,0,2,338.2,27.598,33.83,27.598
Chinese GP,Charles Leclerc,Scuderia Ferrari,16,28,88.326,Medium,0,1,309.4,27.381,33.564,27.381
Chinese GP,Charles Leclerc,Scuderia Ferrari,16,29,89.331,Medium,0,2,322.0,27.693,33.946,27.693
Chinese GP,Charles Leclerc,Scuderia Ferrari,16,30,88.828,Medium,0,1,337.2,27.537,33.755,27.537
Chinese GP,Charles Leclerc,Scuderia Ferrari,16,31,88.564,Medium,0,5,302.2,27.455,33.654,27.455
Chinese GP,Charles Leclerc,Scuderia Ferrari,16,32,88.426,Medium,0,5,342.0,27.412,33.602,27.412
Chinese GP,Charles Leclerc,Scuderia Ferrari,16,33,88.682,Soft,0,1,316.8,27.491,33.699,27.491
Chinese GP,Charles Leclerc,Scuderia Ferrari,16,34,88.515,Intermediate,0,1,333.2,27.44,33.636,27.44
Chinese GP,Charles Leclerc,Scuderia Ferrari,16,35,88.206,Soft,0,1,305.0,27.344,33.518,27.344
Chinese GP,Charles Leclerc,Scuderia Ferrari,16,36,88.957,Hard,0,1,312.1,27.577,33.804,27.577
Chinese GP,Charles Leclerc,Scuderia Ferrari,16,37,89.121,Medium,0,2,299.3,27.628,33.866,27.628
Chinese GP,Charles Leclerc,Scuderia Ferrari,16,38,88.484,Medium,0,1,339.8,27.43,33.624,27.43
Chinese GP,Charles Leclerc,Scuderia Ferrari,16,39,88.849,Medium,0,1,295.3,27.543,33.763,27.543
Chinese GP,Charles Leclerc,Scuderia Ferrari,16,40,88.637,Wet,0,3,334.1,27.477,33.682,27.477
Chinese GP,Charles Leclerc,Scuderia Ferrari,16,41,88.042,Medium,0,3,319.4,27.293,33.456,27.293
Chinese GP,Charles Leclerc,Scuderia Ferrari,16,42,88.644,Soft,0,1,338.6,27.48,33.685,27.48
Chinese GP,Charles Leclerc,Scuderia Ferrari,16,43,88.428,Soft,0,3,345.6,27.413,33.603,27.413
Chinese GP,Charles Leclerc,Scuderia Ferrari,16,44,88.36,Hard,0,1,313.8,27.392,33.577,27.392
Chinese GP,Charles Leclerc,Scuderia Ferrari,16,45,88.85,Medium,0,2,297.6,27.543,33.763,27.543
Chinese GP,Charles Leclerc,Scuderia Ferrari,16,46,89.335,Medium,0,3,347.1,27.694,33.947,27.694
Chinese GP,Charles Leclerc,Scuderia Ferrari,16,47,88.174,Medium,0,1,322.7,27.334,33.506,27.334
Chinese GP,Charles Leclerc,Scuderia Ferrari,16,48,88.71,Intermediate,0,2,296.7,27.5,33.71,27.5
Chinese GP,Charles Leclerc,Scuderia Ferrari,16,49,88.939,Soft,0,1,313.6,27.571,33.797,27.571
Chinese GP,Charles Leclerc,Scuderia Ferrari,16,50,89.194,Soft,0,1,346.9,27.65,33.894,27.65
Chinese GP,Charles Leclerc,Scuderia Ferrari,16,51,89.395,Soft,0,1,328.8,27.712,33.97,27.712
Chinese GP,Charles Leclerc,Scuderia Ferrari,16,52,89.206,Hard,0,1,319.8,27.654,33.898,27.654
Chinese GP,Charles Leclerc,Scuderia Ferrari,16,53,89.014,Soft,0,1,321.9,27.594,33.825,27.594
Chinese GP,Charles Leclerc,Scuderia Ferrari,16,54,88.89,Medium,0,1,340.1,27.556,33.778,27.556
Chinese GP,Charles Leclerc,Scuderia Ferrari,16,55,88.443,Medium,0,1,328.4,27.417,33.608,27.417
Chinese GP,Charles Leclerc,Scuderia Ferrari,16,56,88.82,Soft,0,1,296.8,27.534,33.752,27.534
Chinese GP,Charles Leclerc,Scuderia Ferrari,16,57,88.717,Hard,0,1,329.3,27.502,33.712,27.502
Chinese GP,Charles Leclerc,Scuderia Ferrari,16,58,88.424,Medium,0,1,342.2,27.411,33.601,27.411
Chinese GP,Charles Leclerc,Scuderia Ferrari,16,59,88.758,Medium,0,1,322.8,27.515,33.728,27.515
Chinese GP,Charles Leclerc,Scuderia Ferrari,16,60,88.578,Soft,0,2,309.0,27.459,33.66,27.459
Chinese GP,Charles Leclerc,Scuderia Ferrari,16,61,88.504,Hard,0,3,340.1,27.436,33.632,27.436
Chinese GP,Charles Leclerc,Scuderia Ferrari,16,62,88.697,Medium,0,1,333.8,27.496,33.705,27.496
Chinese GP,Charles Leclerc,Scuderia Ferrari,16,63,88.696,Hard,0,1,308.3,27.496,33.704,27.496
Chinese GP,Charles Leclerc,Scuderia Ferrari,16,64,88.516,Medium,0,1,343.1,27.44,33.636,27.44
Chinese GP,Charles Leclerc,Scuderia Ferrari,16,65,88.859,Medium,0,1,323.3,27.546,33.766,27.546
Chinese GP,Lewis Hamilton,Scuderia Ferrari,44,1,90.435,Medium,0,2,341.1,28.035,34.365,28.035
Chinese GP,Lewis Hamilton,Scuderia Ferrari,44,2,89.917,Soft,0,1,307.8,27.874,34.168,27.874
Chinese GP,Lewis Hamilton,Scuderia Ferrari,44,3,90.525,Medium,0,1,334.1,28.063,34.4,28.063
Chinese GP,Lewis Hamilton,Scuderia Ferrari,44,4,90.408,Hard,0,2,327.6,28.026,34.355,28.026
Chinese GP,Lewis Hamilton,Scuderia Ferrari,44,5,89.797,Hard,0,3,348.7,27.837,34.123,27.837
Chinese GP,Lewis Hamilton,Scuderia Ferrari,44,6,90.416,Soft,0,4,349.1,28.029,34.358,28.029
Chinese GP,Lewis Hamilton,Scuderia Ferrari,44,7,90.207,Soft,0,1,301.7,27.964,34.279,27.964
Chinese GP,Lewis Hamilton,Scuderia Ferrari,44,8,89.745,Hard,0,2,298.5,27.821,34.103,27.821
Chinese GP,Lewis Hamilton,Scuderia Ferrari,44,9,90.025,Soft,0,1,322.9,27.908,34.21,27.908
Chinese GP,Lewis Hamilton,Scuderia Ferrari,44,10,89.867,Medium,0,2,305.4,27.859,34.149,27.859
Chinese GP,Lewis Hamilton,Scuderia Ferrari,44,11,90.093,Intermediate,0,1,344.4,27.929,34.235,27.929
Chinese GP,Lewis Hamilton,Scuderia Ferrari,44,12,90.535,Medium,0,4,327.4,28.066,34.403,28.066
Chinese GP,Lewis Hamilton,Scuderia Ferrari,44,13,90.144,Hard,0,1,330.3,27.945,34.255,27.945
Chinese GP,Lewis Hamilton,Scuderia Ferrari,44,14,90.112,Wet,0,2,340.8,27.935,34.243,27.935
Chinese GP,Lewis Hamilton,Scuderia Ferrari,44,15,89.795,Hard,0,3,320.1,27.836,34.122,27.836
Chinese GP,Lewis Hamilton,Scuderia Ferrari,44,16,90.034,Hard,0,3,346.9,27.911,34.213,27.911
Chinese GP,Lewis Hamilton,Scuderia Ferrari,44,17,89.899,Soft,0,8,319.0,27.869,34.162,27.869
Chinese GP,Lewis Hamilton,Scuderia Ferrari,44,18,89.931,Soft,0,3,345.4,27.879,34.174,27.879
Chinese GP,Lewis Hamilton,Scuderia Ferrari,44,19,90.824,Hard,0,1,349.3,28.155,34.513,28.155
Chinese GP,Lewis Hamilton,Scuderia Ferrari,44,20,90.144,Soft,0,2,337.5,27.945,34.255,27.945
Chinese GP,Lewis Hamilton,Scuderia Ferrari,44,21,90.283,Medium,0,1,336.8,27.988,34.308,27.988
Chinese GP,Lewis Hamilton,Scuderia Ferrari,44,22,90.13,Medium,0,2,324.4,27.94,34.249,27.94
Chinese GP,Lewis Hamilton,Scuderia Ferrari,44,23,90.378,Hard,0,1,307.9,28.017,34.344,28.017
Chinese GP,Lewis Hamilton,Scuderia Ferrari,44,24,90.593,Medium,0,4,321.0,28.084,34.425,28.084
Chinese GP,Lewis Hamilton,Scuderia Ferrari,44,25,90.34,Soft,0,1,304.9,28.005,34.329,28.005
Chinese GP,Lewis Hamilton,Scuderia Ferrari,44,26,90.919,Hard,0,2,333.1,28.185,34.549,28.185
Chinese GP,Lewis Hamilton,Scuderia Ferrari,44,27,90.443,Soft,0,1,320.0,28.037,34.368,28.037
Chinese GP,Lewis Hamilton,Scuderia Ferrari,44,28,89.905,Soft,0,6,336.9,27.871,34.164,27.871
Chinese GP,Lewis Hamilton,Scuderia Ferrari,44,29,90.486,Hard,0,2,313.5,28.051,34.385,28.051
Chinese GP,Lewis Hamilton,Scuderia Ferrari,44,30,89.745,Medium,0,6,333.8,27.821,34.103,27.821
Chinese GP,Lewis Hamilton,Scuderia Ferrari,44,31,90.112,Soft,0,4,300.3,27.935,34.243,27.935
Chinese GP,Lewis Hamilton,Scuderia Ferrari,44,32,90.279,Medium,0,3,319.0,27.986,34.306,27.986
Chinese GP,Lewis Hamilton,Scuderia Ferrari,44,33,90.228,Medium,0,3,327.3,27.971,34.287,27.971
Chinese GP,Lewis Hamilton,Scuderia Ferrari,44,34,90.196,Wet,0,3,334.7,27.961,34.274,27.961
Chinese GP,Lewis Hamilton,Scuderia Ferrari,44,35,89.725,Hard,0,1,332.5,27.815,34.096,27.815
Chinese GP,Lewis Hamilton,Scuderia Ferrari,44,36,90.512,Medium,0,2,302.0,28.059,34.395,28.059
Chinese GP,Lewis Hamilton,Scuderia Ferrari,44,37,90.549,Medium,0,4,334.1,28.07,34.409,28.07
Chinese GP,Lewis Hamilton,Scuderia Ferrari,44,38,89.786,Medium,0,2,345.9,27.834,34.119,27.834
Chinese GP,Lewis Hamilton,Scuderia Ferrari,44,39,90.694,Medium,0,1,340.5,28.115,34.464,28.115
Chinese GP,Lewis Hamilton,Scuderia Ferrari,44,40,90.503,Soft,1,2,345.6,28.056,34.391,28.056
Chinese GP,Lewis Hamilton,Scuderia Ferrari,44,41,90.902,Soft,0,6,299.9,28.18,34.543,28.18
Chinese GP,Lewis Hamilton,Scuderia Ferrari,44,42,89.722,Medium,0,5,302.5,27.814,34.094,27.814
Chinese GP,Lewis Hamilton,Scuderia Ferrari,44,43,90.555,Medium,0,2,295.3,28.072,34.411,28.072
Chinese GP,Lewis Hamilton,Scuderia Ferrari,44,44,89.9,Medium,0,4,300.0,27.869,34.162,27.869
Chinese GP,Lewis Hamilton,Scuderia Ferrari,44,45,90.787,Hard,0,2,349.0,28.144,34.499,28.144
Chinese GP,Lewis Hamilton,Scuderia Ferrari,44,46,90.092,Hard,0,1,335.9,27.929,34.235,27.929
Chinese GP,Lewis Hamilton,Scuderia Ferrari,44,47,90.408,Medium,0,1,306.0,28.026,34.355,28.026
Chinese GP,Lewis Hamilton,Scuderia Ferrari,44,48,90.241,Medium,0,6,295.3,27.975,34.292,27.975
Chinese GP,Lewis Hamilton,Scuderia Ferrari,44,49,90.468,Wet,0,2,343.2,28.045,34.378,28.045
Chinese GP,Lewis Hamilton,Scuderia Ferrari,44,50,89.812,Soft,0,2,338.9,27.842,34.129,27.842
Chinese GP,Lewis Hamilton,Scuderia Ferrari,44,51,90.479,Soft,0,2,314.0,28.048,34.382,28.048
Chinese GP,Lewis Hamilton,Scuderia Ferrari,44,52,90.013,Soft,0,6,347.8,27.904,34.205,27.904
Chinese GP,Lewis Hamilton,Scuderia Ferrari,44,53,90.223,Medium,0,6,299.5,27.969,34.285,27.969
Chinese GP,Lewis Hamilton,Scuderia Ferrari,44,54,89.796,Soft,0,7,331.5,27.837,34.122,27.837
Chinese GP,Lewis Hamilton,Scuderia Ferrari,44,55,89.631,Medium,0,2,306.7,27.786,34.06,27.786
Chinese GP,Lewis Hamilton,Scuderia Ferrari,44,56,90.048,Hard,0,3,313.6,27.915,34.218,27.915
Chinese GP,Lando Norris,McLaren,4,1,89.24,Medium,0,1,336.0,27.664,33.911,27.664
Chinese GP,Lando Norris,McLaren,4,2,89.525,Wet,0,6,344.0,27.753,34.02,27.753
Chinese GP,Lando Norris,McLaren,4,3,89.992,Medium,0,1,316.0,27.898,34.197,27.898
Chinese GP,Lando Norris,McLaren,4,4,89.172,Soft,0,4,297.9,27.643,33.885,27.643
Chinese GP,Lando Norris,McLaren,4,5,89.839,Medium,0,1,329.1,27.85,34.139,27.85
Chinese GP,Lando Norris,McLaren,4,6,89.981,Soft,0,2,335.1,27.894,34.193,27.894
Chinese GP,Lando Norris,McLaren,4,7,89.681,Medium,0,2,300.9,27.801,34.079,27.801
Chinese GP,Lando Norris,McLaren,4,8,89.486,Soft,0,2,343.9,27.741,34.005,27.741
Chinese GP,Lando Norris,McLaren,4,9,90.289,Medium,0,2,346.8,27.99,34.31,27.99
Chinese GP,Lando Norris,McLaren,4,10,89.912,Soft,0,2,333.7,27.873,34.167,27.873
Chinese GP,Lando Norris,McLaren,4,11,89.334,Hard,0,5,329.9,27.694,33.947,27.694
Chinese GP,Lando Norris,McLaren,4,12,89.694,Soft,0,1,333.4,27.805,34.084,27.805
Chinese GP,Lando Norris,McLaren,4,13,90.34,Hard,0,4,305.0,28.005,34.329,28.005
Chinese GP,Lando Norris,McLaren,4,14,90.315,Medium,0,6,295.6,27.998,34.32,27.998
Chinese GP,Lando Norris,McLaren,4,15,90.137,Soft,0,2,301.1,27.942,34.252,27.942
Chinese GP,Lando Norris,McLaren,4,16,90.45,Intermediate,0,2,348.2,28.04,34.371,28.04
Chinese GP,Lando Norris,McLaren,4,17,90.23,Medium,0,3,310.5,27.971,34.287,27.971
Chinese GP,Lando Norris,McLaren,4,18,89.622,Soft,0,6,320.5,27.783,34.056,27.783
Chinese GP,Lando Norris,McLaren,4,19,89.767,Medium,0,4,330.4,27.828,34.111,27.828
Chinese GP,Lando Norris,McLaren,4,20,90.374,Soft,0,2,310.8,28.016,34.342,28.016
Chinese GP,Lando Norris,McLaren,4,21,89.718,Soft,0,4,295.2,27.813,34.093,27.813
Chinese GP,Lando Norris,McLaren,4,22,89.28,Soft,0,1,322.9,27.677,33.926,27.677
Chinese GP,Lando Norris,McLaren,4,23,89.762,Medium,0,5,347.5,27.826,34.11,27.826
Chinese GP,Lando Norris,McLaren,4,24,90.436,Soft,0,4,314.8,28.035,34.366,28.035
Chinese GP,Lando Norris,McLaren,4,25,89.743,Medium,0,3,314.9,27.82,34.102,27.82
Chinese GP,Lando Norris,McLaren,4,26,89.452,Medium,0,2,330.4,27.73,33.992,27.73
Chinese GP,Lando Norris,McLaren,4,27,89.888,Intermediate,0,2,298.2,27.865,34.157,27.865
Chinese GP,Lando Norris,McLaren,4,28,89.454,Soft,0,5,349.8,27.731,33.993,27.731
Chinese GP,Lando Norris,McLaren,4,29,89.256,Hard,0,6,331.4,27.669,33.917,27.669
Chinese GP,Lando Norris,McLaren,4,30,89.759,Wet,0,2,296.1,27.825,34.108,27.825
Chinese GP,Lando Norris,McLaren,4,31,89.421,Hard,0,4,313.4,27.721,33.98,27.721
Chinese GP,Lando Norris,McLaren,4,32,89.611,Hard,0,1,322.1,27.779,34.052,27.779
Chinese GP,Lando Norris,McLaren,4,33,89.192,Medium,0,2,300.8,27.65,33.893,27.65
Chinese GP,Lando Norris,McLaren,4,34,89.177,Soft,0,3,307.0,27.645,33.887,27.645
Chinese GP,Lando Norris,McLaren,4,35,90.051,Soft,0,2,326.4,27.916,34.219,27.916
Chinese GP,Lando Norris,McLaren,4,36,89.273,Soft,0,2,325.6,27.675,33.924,27.675
Chinese GP,Lando Norris,McLaren,4,37,89.416,Soft,0,2,299.9,27.719,33.978,27.719
Chinese GP,Lando Norris,McLaren,4,38,89.996,Medium,0,4,310.5,27.899,34.198,27.899
Chinese GP,Lando Norris,McLaren,4,39,90.411,Medium,0,3,338.4,28.027,34.356,28.027
Chinese GP,Lando Norris,McLaren,4,40,89.728,Soft,1,1,327.6,27.816,34.097,27.816
Chinese GP,Lando Norris,McLaren,4,41,89.592,Soft,0,1,318.0,27.774,34.045,27.774
Chinese GP,Lando Norris,McLaren,4,42,89.898,Soft,0,2,314.5,27.868,34.161,27.868
Chinese GP,Lando Norris,McLaren,4,43,89.444,Medium,0,4,333.2,27.728,33.989,27.728
Chinese GP,Lando Norris,McLaren,4,44,89.45,Soft,0,1,341.3,27.73,33.991,27.73
Chinese GP,Lando Norris,McLaren,4,45,89.527,Soft,0,3,333.5,27.753,34.02,27.753
Chinese GP,Lando Norris,McLaren,4,46,89.818,Hard,0,2,298.7,27.844,34.131,27.844
Chinese GP,Lando Norris,McLaren,4,47,90.137,Hard,0,6,326.1,27.942,34.252,27.942
Chinese GP,Lando Norris,McLaren,4,48,89.321,Medium,0,3,315.4,27.69,33.942,27.69
Chinese GP,Lando Norris,McLaren,4,49,90.305,Medium,0,4,333.0,27.995,34.316,27.995
Chinese GP,Lando Norris,McLaren,4,50,89.936,Medium,0,4,297.4,27.88,34.176,27.88
Chinese GP,Lando Norris,McLaren,4,51,89.816,Intermediate,0,1,324.4,27.843,34.13,27.843
Chinese GP,Lando Norris,McLaren,4,52,90.044,Medium,0,5,323.0,27.914,34.217,27.914
Chinese GP,Lando Norris,McLaren,4,53,90.599,Soft,0,4,342.6,28.086,34.428,28.086
Chinese GP,Lando Norris,McLaren,4,54,89.083,Hard,0,5,303.9,27.616,33.852,27.616
Chinese GP,Lando Norris,McLaren,4,55,89.266,Soft,0,11,329.4,27.672,33.921,27.672
Chinese GP,Lando Norris,McLaren,4,56,90.059,Soft,0,1,310.3,27.918,34.222,27.918
Chinese GP,Oscar Piastri,McLaren,81,1,92.295,Hard,0,8,298.6,28.611,35.072,28.611
Chinese GP,Oscar Piastri,McLaren,81,2,92.104,Hard,0,4,335.5,28.552,35.0,28.552
Chinese GP,Oscar Piastri,McLaren,81,3,92.014,Wet,0,5,346.5,28.524,34.965,28.524
Chinese GP,Oscar Piastri,McLaren,81,4,91.536,Hard,0,4,314.8,28.376,34.784,28.376
Chinese GP,Oscar Piastri,McLaren,81,5,91.596,Medium,0,4,297.3,28.395,34.806,28.395
Chinese GP,Oscar Piastri,McLaren,81,6,91.907,Hard,0,3,308.9,28.491,34.925,28.491
Chinese GP,Oscar Piastri,McLaren,81,7,92.393,Soft,0,5,346.4,28.642,35.109,28.642
Chinese GP,Oscar Piastri,McLaren,81,8,91.884,Intermediate,0,1,328.6,28.484,34.916,28.484
Chinese GP,Oscar Piastri,McLaren,81,9,91.535,Soft,0,6,349.5,28.376,34.783,28.376
Chinese GP,Oscar Piastri,McLaren,81,10,92.447,Hard,0,4,320.8,28.659,35.13,28.659
Chinese GP,Oscar Piastri,McLaren,81,11,91.775,Intermediate,0,2,307.0,28.45,34.875,28.45
Chinese GP,Oscar Piastri,McLaren,81,12,92.395,Hard,0,4,298.7,28.642,35.11,28.642
Chinese GP,Oscar Piastri,McLaren,81,13,91.772,Soft,0,7,346.6,28.449,34.873,28.449
Chinese GP,Oscar Piastri,McLaren,81,14,92.184,Medium,0,3,343.7,28.577,35.03,28.577
Chinese GP,Oscar Piastri,McLaren,81,15,92.774,Medium,0,5,316.1,28.76,35.254,28.76
Chinese GP,Oscar Piastri,McLaren,81,16,92.029,Medium,0,3,314.9,28.529,34.971,28.529
Chinese GP,Oscar Piastri,McLaren,81,17,91.644,Hard,0,6,311.5,28.41,34.825,28.41
Chinese GP,Oscar Piastri,McLaren,81,18,91.816,Wet,0,6,328.3,28.463,34.89,28.463
Chinese GP,Oscar Piastri,McLaren,81,19,92.505,Medium,0,8,330.6,28.677,35.152,28.677
Chinese GP,Oscar Piastri,McLaren,81,20,91.828,Hard,0,4,302.4,28.467,34.895,28.467
Chinese GP,Oscar Piastri,McLaren,81,21,92.345,Soft,0,6,331.6,28.627,35.091,28.627
Chinese GP,Oscar Piastri,McLaren,81,22,92.734,Medium,0,5,300.6,28.748,35.239,28.748
Chinese GP,Oscar Piastri,McLaren,81,23,92.013,Wet,0,7,335.7,28.524,34.965,28.524
Chinese GP,Oscar Piastri,McLaren,81,24,91.925,Medium,0,3,331.2,28.497,34.931,28.497
Chinese GP,Oscar Piastri,McLaren,81,25,91.987,Medium,0,6,343.8,28.516,34.955,28.516
Chinese GP,Oscar Piastri,McLaren,81,26,92.389,Soft,0,4,331.7,28.641,35.108,28.641
Chinese GP,Oscar Piastri,McLaren,81,27,91.589,Soft,0,4,347.2,28.393,34.804,28.393
Chinese GP,Oscar Piastri,McLaren,81,28,91.99,Soft,0,5,341.7,28.517,34.956,28.517
Chinese GP,Oscar Piastri,McLaren,81,29,92.355,Hard,0,5,342.5,28.63,35.095,28.63
Chinese GP,Oscar Piastri,McLaren,81,30,92.014,Soft,0,4,338.8,28.524,34.965,28.524
Chinese GP,Oscar Piastri,McLaren,81,31,92.344,Hard,0,5,334.7,28.627,35.091,28.627
Chinese GP,Oscar Piastri,McLaren,81,32,91.968,Soft,0,8,326.0,28.51,34.948,28.51
Chinese GP,Oscar Piastri,McLaren,81,33,92.487,Medium,0,6,316.0,28.671,35.145,28.671
Chinese GP,Oscar Piastri,McLaren,81,34,92.244,Soft,0,6,313.9,28.596,35.053,28.596
Chinese GP,Oscar Piastri,McLaren,81,35,92.132,Soft,0,4,345.9,28.561,35.01,28.561
Chinese GP,Oscar Piastri,McLaren,81,36,92.456,Soft,0,3,327.8,28.661,35.133,28.661
Chinese GP,Oscar Piastri,McLaren,81,37,92.113,Medium,0,6,341.4,28.555,35.003,28.555
Chinese GP,Oscar Piastri,McLaren,81,38,92.502,Soft,0,6,302.5,28.676,35.151,28.676
Chinese GP,Oscar Piastri,McLaren,81,39,92.36,Soft,0,7,316.2,28.632,35.097,28.632
Chinese GP,Oscar Piastri,McLaren,81,40,92.191,Soft,0,3,327.1,28.579,35.033,28.579
Chinese GP,Oscar Piastri,McLaren,81,41,92.138,Medium,0,4,311.6,28.563,35.012,28.563
Chinese GP,Oscar Piastri,McLaren,81,42,92.174,Hard,0,1,326.2,28.574,35.026,28.574
Chinese GP,Oscar Piastri,McLaren,81,43,92.421,Soft,0,4,296.6,28.651,35.12,28.651
Chinese GP,Oscar Piastri,McLaren,81,44,92.068,Medium,0,6,302.8,28.541,34.986,28.541
Chinese GP,Oscar Piastri,McLaren,81,45,92.18,Medium,0,4,310.4,28.576,35.028,28.576
Chinese GP,Oscar Piastri,McLaren,81,46,92.252,Hard,0,6,318.8,28.598,35.056,28.598
Chinese GP,Oscar Piastri,McLaren,81,47,92.503,Hard,0,4,297.7,28.676,35.151,28.676
Chinese GP,Oscar Piastri,McLaren,81,48,92.588,Hard,0,5,333.0,28.702,35.183,28.702
Chinese GP,Oscar Piastri,McLaren,81,49,92.926,Hard,0,2,344.8,28.807,35.312,28.807
Chinese GP,Oscar Piastri,McLaren,81,50,92.411,Medium,0,5,317.4,28.647,35.116,28.647
Chinese GP,Oscar Piastri,McLaren,81,51,91.666,Intermediate,0,1,345.9,28.416,34.833,28.416
Chinese GP,Oscar Piastri,McLaren,81,52,92.152,Intermediate,0,4,296.4,28.567,35.018,28.567
Chinese GP,Oscar Piastri,McLaren,81,53,91.877,Wet,0,1,296.4,28.482,34.913,28.482
Chinese GP,Oscar Piastri,McLaren,81,54,92.413,Hard,0,7,312.0,28.648,35.117,28.648
Chinese GP,Oscar Piastri,McLaren,81,55,92.304,Soft,0,6,296.5,28.614,35.076,28.614
Chinese GP,Oscar Piastri,McLaren,81,56,92.046,Hard,0,5,337.0,28.534,34.977,28.534
Chinese GP,Oscar Piastri,McLaren,81,57,91.652,Soft,1,8,305.9,28.412,34.828,28.412
Chinese GP,Oscar Piastri,McLaren,81,58,91.616,Hard,0,3,344.9,28.401,34.814,28.401
Chinese GP,Oscar Piastri,McLaren,81,59,91.917,Hard,0,8,338.1,28.494,34.928,28.494
Chinese GP,Oscar Piastri,McLaren,81,60,91.823,Medium,0,6,345.0,28.465,34.893,28.465
Chinese GP,Oscar Piastri,McLaren,81,61,92.039,Hard,0,4,307.5,28.532,34.975,28.532
Chinese GP,Oscar Piastri,McLaren,81,62,92.678,Soft,0,7,315.0,28.73,35.218,28.73
Chinese GP,Oscar Piastri,McLaren,81,63,92.259,Hard,1,2,338.0,28.6,35.058,28.6
Chinese GP,Oscar Piastri,McLaren,81,64,92.039,Soft,0,3,348.5,28.532,34.975,28.532
Chinese GP,Oscar Piastri,McLaren,81,65,92.355,Medium,0,3,297.5,28.63,35.095,28.63
Chinese GP,Oscar Piastri,McLaren,81,66,91.966,Intermediate,0,3,339.4,28.509,34.947,28.509
Chinese GP,Oscar Piastri,McLaren,81,67,91.523,Medium,0,2,316.8,28.372,34.779,28.372
Chinese GP,George Russell,Mercedes-AMG,63,1,91.489,Medium,0,8,333.8,28.362,34.766,28.362
Chinese GP,George Russell,Mercedes-AMG,63,2,91.795,Medium,0,5,324.4,28.456,34.882,28.456
Chinese GP,George Russell,Mercedes-AMG,63,3,91.472,Medium,0,6,302.2,28.356,34.759,28.356
Chinese GP,George Russell,Mercedes-AMG,63,4,92.015,Wet,0,4,302.8,28.525,34.966,28.525
Chinese GP,George Russell,Mercedes-AMG,63,5,91.59,Medium,0,2,309.0,28.393,34.804,28.393
Chinese GP,George Russell,Mercedes-AMG,63,6,92.006,Hard,0,6,334.5,28.522,34.962,28.522
Chinese GP,George Russell,Mercedes-AMG,63,7,91.96,Medium,0,2,305.1,28.508,34.945,28.508
Chinese GP,George Russell,Mercedes-AMG,63,8,91.68,Intermediate,0,5,340.8,28.421,34.838,28.421
Chinese GP,George Russell,Mercedes-AMG,63,9,91.462,Hard,0,3,324.2,28.353,34.756,28.353
Chinese GP,George Russell,Mercedes-AMG,63,10,91.906,Soft,0,9,295.3,28.491,34.924,28.491
Chinese GP,George Russell,Mercedes-AMG,63,11,91.638,Medium,0,7,330.9,28.408,34.822,28.408
Chinese GP,George Russell,Mercedes-AMG,63,12,91.956,Soft,0,6,304.6,28.506,34.943,28.506
Chinese GP,George Russell,Mercedes-AMG,63,13,91.509,Medium,0,8,331.1,28.368,34.773,28.368
Chinese GP,George Russell,Mercedes-AMG,63,14,91.791,Hard,0,4,314.9,28.455,34.881,28.455
Chinese GP,George Russell,Mercedes-AMG,63,15,92.099,Intermediate,0,7,315.3,28.551,34.998,28.551
Chinese GP,George Russell,Mercedes-AMG,63,16,91.79,Soft,0,6,313.1,28.455,34.88,28.455
Chinese GP,George Russell,Mercedes-AMG,63,17,92.006,Soft,0,6,327.6,28.522,34.962,28.522
Chinese GP,George Russell,Mercedes-AMG,63,18,91.844,Medium,0,8,298.3,28.472,34.901,28.472
Chinese GP,George Russell,Mercedes-AMG,63,19,91.049,Soft,0,7,331.7,28.225,34.599,28.225
Chinese GP,George Russell,Mercedes-AMG,63,20,91.632,Soft,0,6,303.2,28.406,34.82,28.406
Chinese GP,George Russell,Mercedes-AMG,63,21,91.618,Hard,0,2,344.8,28.402,34.815,28.402
Chinese GP,George Russell,Mercedes-AMG,63,22,91.986,Medium,0,4,326.2,28.516,34.955,28.516
Chinese GP,George Russell,Mercedes-AMG,63,23,91.437,Medium,0,5,307.7,28.345,34.746,28.345
Chinese GP,George Russell,Mercedes-AMG,63,24,91.602,Hard,0,6,320.3,28.397,34.809,28.397
Chinese GP,George Russell,Mercedes-AMG,63,25,91.858,Medium,1,3,330.7,28.476,34.906,28.476
Chinese GP,George Russell,Mercedes-AMG,63,26,92.269,Intermediate,0,10,306.2,28.603,35.062,28.603
Chinese GP,George Russell,Mercedes-AMG,63,27,91.565,Medium,0,9,347.5,28.385,34.795,28.385
Chinese GP,George Russell,Mercedes-AMG,63,28,91.065,Soft,0,7,327.2,28.23,34.605,28.23
Chinese GP,George Russell,Mercedes-AMG,63,29,91.774,Medium,0,6,310.0,28.45,34.874,28.45
Chinese GP,George Russell,Mercedes-AMG,63,30,91.511,Intermediate,0,5,295.4,28.368,34.774,28.368
Chinese GP,George Russell,Mercedes-AMG,63,31,91.465,Medium,0,4,311.8,28.354,34.757,28.354
Chinese GP,George Russell,Mercedes-AMG,63,32,91.291,Medium,0,6,345.8,28.3,34.691,28.3
Chinese GP,George Russell,Mercedes-AMG,63,33,91.456,Hard,0,6,333.0,28.351,34.753,28.351
Chinese GP,George Russell,Mercedes-AMG,63,34,91.26,Soft,0,3,314.4,28.291,34.679,28.291
Chinese GP,George Russell,Mercedes-AMG,63,35,91.245,Hard,0,6,326.1,28.286,34.673,28.286
Chinese GP,George Russell,Mercedes-AMG,63,36,91.957,Soft,0,5,302.6,28.507,34.944,28.507
Chinese GP,George Russell,Mercedes-AMG,63,37,91.266,Hard,0,2,334.5,28.292,34.681,28.292
Chinese GP,George Russell,Mercedes-AMG,63,38,91.383,Medium,0,4,317.7,28.329,34.726,28.329
Chinese GP,George Russell,Mercedes-AMG,63,39,91.539,Soft,0,5,328.8,28.377,34.785,28.377
Chinese GP,George Russell,Mercedes-AMG,63,40,91.668,Soft,0,9,308.6,28.417,34.834,28.417
Chinese GP,George Russell,Mercedes-AMG,63,41,92.29,Intermediate,0,7,336.0,28.61,35.07,28.61
Chinese GP,George Russell,Mercedes-AMG,63,42,92.242,Hard,0,3,328.7,28.595,35.052,28.595
Chinese GP,George Russell,Mercedes-AMG,63,43,91.93,Soft,0,6,340.9,28.498,34.933,28.498
Chinese GP,George Russell,Mercedes-AMG,63,44,91.728,Soft,1,2,343.2,28.436,34.857,28.436
Chinese GP,George Russell,Mercedes-AMG,63,45,91.884,Hard,0,8,304.4,28.484,34.916,28.484
Chinese GP,George Russell,Mercedes-AMG,63,46,91.245,Medium,0,5,334.8,28.286,34.673,28.286
Chinese GP,George Russell,Mercedes-AMG,63,47,91.761,Medium,0,5,327.0,28.446,34.869,28.446
Chinese GP,George Russell,Mercedes-AMG,63,48,91.077,Intermediate,0,8,302.1,28.234,34.609,28.234
Chinese GP,George Russell,Mercedes-AMG,63,49,91.494,Soft,0,3,311.6,28.363,34.768,28.363
Chinese GP,George Russell,Mercedes-AMG,63,50,91.903,Hard,0,3,313.5,28.49,34.923,28.49
Chinese GP,George Russell,Mercedes-AMG,63,51,91.484,Soft,0,4,311.6,28.36,34.764,28.36
Chinese GP,George Russell,Mercedes-AMG,63,52,92.126,Soft,0,8,326.2,28.559,35.008,28.559
Chinese GP,George Russell,Mercedes-AMG,63,53,91.745,Medium,0,2,337.8,28.441,34.863,28.441
Chinese GP,George Russell,Mercedes-AMG,63,54,91.739,Hard,0,1,324.1,28.439,34.861,28.439
Chinese GP,George Russell,Mercedes-AMG,63,55,91.492,Medium,0,5,348.0,28.363,34.767,28.363
Chinese GP,George Russell,Mercedes-AMG,63,56,90.973,Medium,0,7,346.9,28.202,34.57,28.202
Chinese GP,George Russell,Mercedes-AMG,63,57,91.789,Soft,0,8,316.8,28.455,34.88,28.455
Chinese GP,George Russell,Mercedes-AMG,63,58,91.292,Medium,0,5,297.6,28.301,34.691,28.301
Chinese GP,George Russell,Mercedes-AMG,63,59,91.399,Hard,0,5,346.3,28.334,34.732,28.334
Chinese GP,George Russell,Mercedes-AMG,63,60,91.175,Medium,0,8,305.1,28.264,34.646,28.264
Chinese GP,George Russell,Mercedes-AMG,63,61,91.083,Medium,0,2,334.3,28.236,34.612,28.236
Chinese GP,George Russell,Mercedes-AMG,63,62,91.738,Hard,0,5,338.0,28.439,34.86,28.439
Chinese GP,George Russell,Mercedes-AMG,63,63,91.718,Wet,0,6,334.1,28.433,34.853,28.433
Chinese GP,Fernando Alonso,Aston Martin,14,1,92.314,Soft,0,7,330.6,28.617,35.079,28.617
Chinese GP,Fernando Alonso,Aston Martin,14,2,92.043,Medium,0,5,349.6,28.533,34.976,28.533
Chinese GP,Fernando Alonso,Aston Martin,14,3,92.077,Soft,0,7,338.7,28.544,34.989,28.544
Chinese GP,Fernando Alonso,Aston Martin,14,4,92.027,Hard,0,2,318.2,28.528,34.97,28.528
Chinese GP,Fernando Alonso,Aston Martin,14,5,92.539,Hard,0,5,305.9,28.687,35.165,28.687
Chinese GP,Fernando Alonso,Aston Martin,14,6,92.017,Hard,0,7,302.5,28.525,34.966,28.525
Chinese GP,Fernando Alonso,Aston Martin,14,7,92.423,Soft,0,5,343.3,28.651,35.121,28.651
Chinese GP,Fernando Alonso,Aston Martin,14,8,91.993,Medium,0,7,298.7,28.518,34.957,28.518
Chinese GP,Fernando Alonso,Aston Martin,14,9,92.409,Medium,0,7,319.1,28.647,35.115,28.647
Chinese GP,Fernando Alonso,Aston Martin,14,10,92.331,Medium,0,6,308.7,28.623,35.086,28.623
Chinese GP,Fernando Alonso,Aston Martin,14,11,92.519,Soft,0,7,346.8,28.681,35.157,28.681
Chinese GP,Fernando Alonso,Aston Martin,14,12,92.893,Medium,0,5,339.9,28.797,35.299,28.797
Chinese GP,Fernando Alonso,Aston Martin,14,13,92.149,Hard,0,6,297.6,28.566,35.017,28.566
Chinese GP,Fernando Alonso,Aston Martin,14,14,92.989,Hard,0,8,300.0,28.827,35.336,28.827
Chinese GP,Fernando Alonso,Aston Martin,14,15,92.953,Soft,0,7,343.5,28.815,35.322,28.815
Chinese GP,Fernando Alonso,Aston Martin,14,16,92.589,Medium,0,5,331.3,28.703,35.184,28.703
Chinese GP,Fernando Alonso,Aston Martin,14,17,93.211,Hard,0,7,330.3,28.895,35.42,28.895
Chinese GP,Fernando Alonso,Aston Martin,14,18,92.324,Soft,0,8,345.9,28.62,35.083,28.62
Chinese GP,Fernando Alonso,Aston Martin,14,19,92.415,Soft,0,2,303.5,28.649,35.118,28.649
Chinese GP,Fernando Alonso,Aston Martin,14,20,92.627,Hard,0,9,304.9,28.714,35.198,28.714
Chinese GP,Fernando Alonso,Aston Martin,14,21,93.1,Medium,0,6,316.2,28.861,35.378,28.861
Chinese GP,Fernando Alonso,Aston Martin,14,22,93.315,Hard,0,7,347.1,28.928,35.46,28.928
Chinese GP,Fernando Alonso,Aston Martin,14,23,92.3,Medium,0,9,338.7,28.613,35.074,28.613
Chinese GP,Fernando Alonso,Aston Martin,14,24,91.88,Soft,0,4,320.2,28.483,34.914,28.483
Chinese GP,Fernando Alonso,Aston Martin,14,25,92.21,Hard,0,5,339.4,28.585,35.04,28.585
Chinese GP,Fernando Alonso,Aston Martin,14,26,92.902,Hard,0,6,342.0,28.8,35.303,28.8
Chinese GP,Fernando Alonso,Aston Martin,14,27,92.252,Medium,0,5,327.9,28.598,35.056,28.598
Chinese GP,Fernando Alonso,Aston Martin,14,28,92.708,Medium,0,10,304.8,28.739,35.229,28.739
Chinese GP,Fernando Alonso,Aston Martin,14,29,92.736,Soft,0,5,304.5,28.748,35.24,28.748
Chinese GP,Fernando Alonso,Aston Martin,14,30,93.064,Hard,0,5,307.1,28.85,35.364,28.85
Chinese GP,Fernando Alonso,Aston Martin,14,31,91.763,Hard,0,7,302.9,28.447,34.87,28.447
Chinese GP,Fernando Alonso,Aston Martin,14,32,92.466,Hard,0,4,327.5,28.664,35.137,28.664
Chinese GP,Fernando Alonso,Aston Martin,14,33,92.116,Soft,0,6,333.1,28.556,35.004,28.556
Chinese GP,Fernando Alonso,Aston Martin,14,34,92.209,Medium,0,7,311.8,28.585,35.039,28.585
Chinese GP,Fernando Alonso,Aston Martin,14,35,92.417,Medium,0,6,320.6,28.649,35.118,28.649
Chinese GP,Fernando Alonso,Aston Martin,14,36,92.249,Hard,0,6,332.6,28.597,35.055,28.597
Chinese GP,Fernando Alonso,Aston Martin,14,37,92.67,Soft,0,5,322.3,28.728,35.215,28.728
Chinese GP,Fernando Alonso,Aston Martin,14,38,92.739,Soft,0,3,317.8,28.749,35.241,28.749
Chinese GP,Fernando Alonso,Aston Martin,14,39,92.88,Medium,0,7,303.8,28.793,35.294,28.793
Chinese GP,Fernando Alonso,Aston Martin,14,40,92.106,Soft,0,10,314.2,28.553,35.0,28.553
Chinese GP,Fernando Alonso,Aston Martin,14,41,92.415,Soft,0,7,326.5,28.649,35.118,28.649
Chinese GP,Fernando Alonso,Aston Martin,14,42,92.025,Soft,0,7,307.0,28.528,34.97,28.528
Chinese GP,Fernando Alonso,Aston Martin,14,43,92.165,Hard,0,8,307.8,28.571,35.023,28.571
Chinese GP,Fernando Alonso,Aston Martin,14,44,92.43,Soft,0,4,304.5,28.653,35.123,28.653
Chinese GP,Fernando Alonso,Aston Martin,14,45,93.292,Soft,0,10,299.2,28.921,35.451,28.921
Chinese GP,Fernando Alonso,Aston Martin,14,46,91.737,Hard,1,7,300.3,28.438,34.86,28.438
Chinese GP,Fernando Alonso,Aston Martin,14,47,92.092,Medium,0,10,297.4,28.549,34.995,28.549
Chinese GP,Fernando Alonso,Aston Martin,14,48,91.992,Hard,0,5,304.7,28.518,34.957,28.518
Chinese GP,Fernando Alonso,Aston Martin,14,49,92.68,Hard,0,10,336.2,28.731,35.218,28.731
Chinese GP,Fernando Alonso,Aston Martin,14,50,92.687,Hard,0,8,317.9,28.733,35.221,28.733
Chinese GP,Fernando Alonso,Aston Martin,14,51,92.843,Soft,0,8,324.2,28.781,35.28,28.781
Chinese GP,Fernando Alonso,Aston Martin,14,52,91.929,Medium,0,7,336.3,28.498,34.933,28.498
Chinese GP,Fernando Alonso,Aston Martin,14,53,92.189,Medium,0,6,345.4,28.579,35.032,28.579
Chinese GP,Fernando Alonso,Aston Martin,14,54,92.793,Soft,0,9,323.6,28.766,35.261,28.766
Chinese GP,Fernando Alonso,Aston Martin,14,55,92.021,Hard,0,7,337.6,28.527,34.968,28.527
Chinese GP,Fernando Alonso,Aston Martin,14,56,92.49,Soft,0,3,301.1,28.672,35.146,28.672
Chinese GP,Yuki Tsunoda,RB,22,1,88.79,Soft,0,5,311.8,27.525,33.74,27.525
Chinese GP,Yuki Tsunoda,RB,22,2,88.762,Soft,0,7,338.8,27.516,33.73,27.516
Chinese GP,Yuki Tsunoda,RB,22,3,89.118,Medium,0,8,300.0,27.627,33.865,27.627
Chinese GP,Yuki Tsunoda,RB,22,4,89.395,Medium,0,7,326.6,27.712,33.97,27.712
Chinese GP,Yuki Tsunoda,RB,22,5,89.238,Soft,0,10,296.1,27.664,33.91,27.664
Chinese GP,Yuki Tsunoda,RB,22,6,89.216,Soft,0,4,333.8,27.657,33.902,27.657
Chinese GP,Yuki Tsunoda,RB,22,7,89.584,Hard,0,8,313.5,27.771,34.042,27.771
Chinese GP,Yuki Tsunoda,RB,22,8,88.798,Medium,0,4,313.0,27.527,33.743,27.527
Chinese GP,Yuki Tsunoda,RB,22,9,89.626,Hard,0,9,334.0,27.784,34.058,27.784
Chinese GP,Yuki Tsunoda,RB,22,10,89.004,Medium,0,7,331.3,27.591,33.822,27.591
Chinese GP,Yuki Tsunoda,RB,22,11,89.104,Hard,0,8,340.2,27.622,33.86,27.622
Chinese GP,Yuki Tsunoda,RB,22,12,89.891,Soft,0,6,349.6,27.866,34.159,27.866
Chinese GP,Yuki Tsunoda,RB,22,13,89.552,Hard,0,10,306.8,27.761,34.03,27.761
Chinese GP,Yuki Tsunoda,RB,22,14,89.635,Medium,0,10,343.6,27.787,34.061,27.787
Chinese GP,Yuki Tsunoda,RB,22,15,89.261,Soft,0,9,311.8,27.671,33.919,27.671
Chinese GP,Yuki Tsunoda,RB,22,16,88.811,Soft,0,7,338.5,27.531,33.748,27.531
Chinese GP,Yuki Tsunoda,RB,22,17,89.923,Soft,0,9,341.7,27.876,34.171,27.876
Chinese GP,Yuki Tsunoda,RB,22,18,89.132,Hard,0,6,324.1,27.631,33.87,27.631
Chinese GP,Yuki Tsunoda,RB,22,19,89.935,Intermediate,0,9,317.3,27.88,34.175,27.88
Chinese GP,Yuki Tsunoda,RB,22,20,89.167,Soft,0,11,340.4,27.642,33.883,27.642
Chinese GP,Yuki Tsunoda,RB,22,21,89.486,Medium,0,10,342.1,27.741,34.005,27.741
Chinese GP,Yuki Tsunoda,RB,22,22,89.035,Soft,0,6,347.6,27.601,33.833,27.601
Chinese GP,Yuki Tsunoda,RB,22,23,89.199,Soft,0,8,326.9,27.652,33.896,27.652
Chinese GP,Yuki Tsunoda,RB,22,24,88.928,Hard,0,5,335.4,27.568,33.793,27.568
Chinese GP,Yuki Tsunoda,RB,22,25,89.796,Soft,0,9,315.7,27.837,34.122,27.837
Chinese GP,Yuki Tsunoda,RB,22,26,90.017,Medium,0,8,326.6,27.905,34.206,27.905
Chinese GP,Yuki Tsunoda,RB,22,27,89.152,Medium,0,4,327.6,27.637,33.878,27.637
Chinese GP,Yuki Tsunoda,RB,22,28,88.963,Soft,0,5,329.6,27.579,33.806,27.579
Chinese GP,Yuki Tsunoda,RB,22,29,89.776,Hard,0,7,319.5,27.831,34.115,27.831
Chinese GP,Yuki Tsunoda,RB,22,30,89.194,Medium,0,7,298.5,27.65,33.894,27.65
Chinese GP,Yuki Tsunoda,RB,22,31,89.027,Soft,0,5,325.4,27.598,33.83,27.598
Chinese GP,Yuki Tsunoda,RB,22,32,89.314,Soft,0,8,332.7,27.687,33.939,27.687
Chinese GP,Yuki Tsunoda,RB,22,33,88.851,Medium,0,8,341.6,27.544,33.763,27.544
Chinese GP,Yuki Tsunoda,RB,22,34,89.176,Hard,0,7,346.9,27.645,33.887,27.645
Chinese GP,Yuki Tsunoda,RB,22,35,89.472,Medium,0,6,300.9,27.736,33.999,27.736
Chinese GP,Yuki Tsunoda,RB,22,36,89.33,Soft,0,10,312.4,27.692,33.945,27.692
Chinese GP,Yuki Tsunoda,RB,22,37,89.6,Medium,0,11,313.0,27.776,34.048,27.776
Chinese GP,Yuki Tsunoda,RB,22,38,89.708,Soft,0,7,302.7,27.809,34.089,27.809
Chinese GP,Yuki Tsunoda,RB,22,39,89.089,Medium,0,6,296.0,27.618,33.854,27.618
Chinese GP,Yuki Tsunoda,RB,22,40,89.41,Medium,0,8,337.4,27.717,33.976,27.717
Chinese GP,Yuki Tsunoda,RB,22,41,89.41,Medium,0,7,313.1,27.717,33.976,27.717
Chinese GP,Yuki Tsunoda,RB,22,42,89.658,Soft,0,7,309.4,27.794,34.07,27.794
Chinese GP,Yuki Tsunoda,RB,22,43,89.179,Hard,0,9,303.2,27.645,33.888,27.645
Chinese GP,Yuki Tsunoda,RB,22,44,89.997,Soft,0,4,297.5,27.899,34.199,27.899
Chinese GP,Yuki Tsunoda,RB,22,45,89.937,Medium,0,10,330.5,27.88,34.176,27.88
Chinese GP,Yuki Tsunoda,RB,22,46,89.564,Medium,0,8,325.7,27.765,34.034,27.765
Chinese GP,Yuki Tsunoda,RB,22,47,89.729,Hard,0,7,318.8,27.816,34.097,27.816
Chinese GP,Yuki Tsunoda,RB,22,48,89.057,Hard,0,7,330.9,27.608,33.842,27.608
Chinese GP,Yuki Tsunoda,RB,22,49,89.737,Hard,0,7,301.2,27.818,34.1,27.818
Chinese GP,Yuki Tsunoda,RB,22,50,89.648,Soft,0,4,309.9,27.791,34.066,27.791
Chinese GP,Yuki Tsunoda,RB,22,51,89.603,Soft,0,10,316.6,27.777,34.049,27.777
Chinese GP,Yuki Tsunoda,RB,22,52,89.711,Medium,0,8,340.0,27.81,34.09,27.81
Chinese GP,Yuki Tsunoda,RB,22,53,89.532,Medium,0,8,301.4,27.755,34.022,27.755
Chinese GP,Yuki Tsunoda,RB,22,54,89.07,Medium,0,9,346.3,27.612,33.847,27.612
Chinese GP,Yuki Tsunoda,RB,22,55,89.665,Soft,0,5,313.2,27.796,34.073,27.796
Chinese GP,Yuki Tsunoda,RB,22,56,89.756,Soft,0,8,309.2,27.824,34.107,27.824
Chinese GP,Alexander Albon,Williams,23,1,90.084,Hard,0,8,327.9,27.926,34.232,27.926
Chinese GP,Alexander Albon,Williams,23,2,89.912,Hard,0,10,324.4,27.873,34.167,27.873
Chinese GP,Alexander Albon,Williams,23,3,90.637,Intermediate,0,4,313.3,28.097,34.442,28.097
Chinese GP,Alexander Albon,Williams,23,4,90.008,Hard,0,8,295.2,27.902,34.203,27.902
Chinese GP,Alexander Albon,Williams,23,5,90.543,Intermediate,0,7,346.1,28.068,34.406,28.068
Chinese GP,Alexander Albon,Williams,23,6,90.657,Soft,0,9,322.2,28.104,34.45,28.104
Chinese GP,Alexander Albon,Williams,23,7,90.544,Medium,0,9,329.0,28.069,34.407,28.069
Chinese GP,Alexander Albon,Williams,23,8,90.348,Medium,0,7,327.1,28.008,34.332,28.008
Chinese GP,Alexander Albon,Williams,23,9,90.754,Soft,0,7,300.6,28.134,34.487,28.134
Chinese GP,Alexander Albon,Williams,23,10,90.497,Medium,0,8,319.7,28.054,34.389,28.054
Chinese GP,Alexander Albon,Williams,23,11,90.049,Hard,0,7,315.0,27.915,34.219,27.915
Chinese GP,Alexander Albon,Williams,23,12,90.443,Soft,0,10,337.1,28.037,34.368,28.037
Chinese GP,Alexander Albon,Williams,23,13,90.186,Medium,0,8,335.2,27.958,34.271,27.958
Chinese GP,Alexander Albon,Williams,23,14,90.752,Medium,0,3,326.9,28.133,34.486,28.133
Chinese GP,Alexander Albon,Williams,23,15,90.305,Intermediate,0,8,297.0,27.995,34.316,27.995
Chinese GP,Alexander Albon,Williams,23,16,90.705,Soft,0,6,324.1,28.119,34.468,28.119
Chinese GP,Alexander Albon,Williams,23,17,90.776,Hard,0,5,340.4,28.141,34.495,28.141
Chinese GP,Alexander Albon,Williams,23,18,90.224,Medium,0,6,343.9,27.969,34.285,27.969
Chinese GP,Alexander Albon,Williams,23,19,89.991,Medium,0,9,295.5,27.897,34.197,27.897
Chinese GP,Alexander Albon,Williams,23,20,90.771,Medium,0,11,319.5,28.139,34.493,28.139
Chinese GP,Alexander Albon,Williams,23,21,91.075,Soft,0,9,335.1,28.233,34.608,28.233
Chinese GP,Alexander Albon,Williams,23,22,91.316,Soft,0,7,326.0,28.308,34.7,28.308
Chinese GP,Alexander Albon,Williams,23,23,90.565,Soft,0,9,342.8,28.075,34.415,28.075
Chinese GP,Alexander Albon,Williams,23,24,90.558,Hard,0,8,327.6,28.073,34.412,28.073
Chinese GP,Alexander Albon,Williams,23,25,90.533,Medium,0,7,339.7,28.065,34.403,28.065
Chinese GP,Alexander Albon,Williams,23,26,90.545,Hard,0,6,309.4,28.069,34.407,28.069
Chinese GP,Alexander Albon,Williams,23,27,90.387,Medium,0,5,332.9,28.02,34.347,28.02
Chinese GP,Alexander Albon,Williams,23,28,90.486,Medium,0,8,326.8,28.051,34.385,28.051
Chinese GP,Alexander Albon,Williams,23,29,90.705,Medium,0,9,333.7,28.119,34.468,28.119
Chinese GP,Alexander Albon,Williams,23,30,90.126,Soft,0,8,316.4,27.939,34.248,27.939
Chinese GP,Alexander Albon,Williams,23,31,90.915,Hard,0,8,327.1,28.184,34.548,28.184
Chinese GP,Alexander Albon,Williams,23,32,90.732,Medium,0,7,313.1,28.127,34.478,28.127
Chinese GP,Alexander Albon,Williams,23,33,90.131,Medium,0,10,341.3,27.941,34.25,27.941
Chinese GP,Alexander Albon,Williams,23,34,89.878,Hard,0,6,335.2,27.862,34.154,27.862
Chinese GP,Alexander Albon,Williams,23,35,90.11,Medium,0,10,344.4,27.934,34.242,27.934
Chinese GP,Alexander Albon,Williams,23,36,90.177,Medium,0,6,345.4,27.955,34.267,27.955
Chinese GP,Alexander Albon,Williams,23,37,91.115,Hard,0,7,318.4,28.246,34.624,28.246
Chinese GP,Alexander Albon,Williams,23,38,90.63,Medium,1,6,305.0,28.095,34.439,28.095
Chinese GP,Alexander Albon,Williams,23,39,90.51,Medium,0,7,341.7,28.058,34.394,28.058
Chinese GP,Alexander Albon,Williams,23,40,90.487,Medium,0,10,340.9,28.051,34.385,28.051
Chinese GP,Alexander Albon,Williams,23,41,90.82,Medium,0,10,335.6,28.154,34.512,28.154
Chinese GP,Alexander Albon,Williams,23,42,90.291,Medium,0,10,312.4,27.99,34.311,27.99
Chinese GP,Alexander Albon,Williams,23,43,90.927,Soft,0,10,299.9,28.187,34.552,28.187
Chinese GP,Alexander Albon,Williams,23,44,90.929,Soft,0,6,347.9,28.188,34.553,28.188
Chinese GP,Alexander Albon,Williams,23,45,90.445,Soft,0,8,296.1,28.038,34.369,28.038
Chinese GP,Alexander Albon,Williams,23,46,90.154,Medium,0,7,308.7,27.948,34.259,27.948
Chinese GP,Alexander Albon,Williams,23,47,91.081,Medium,0,11,314.2,28.235,34.611,28.235
Chinese GP,Alexander Albon,Williams,23,48,89.945,Soft,0,6,313.0,27.883,34.179,27.883
Chinese GP,Alexander Albon,Williams,23,49,90.957,Soft,0,10,298.4,28.197,34.564,28.197
Chinese GP,Alexander Albon,Williams,23,50,90.718,Soft,0,10,344.8,28.123,34.473,28.123
Chinese GP,Alexander Albon,Williams,23,51,90.873,Soft,0,12,299.3,28.171,34.532,28.171
Chinese GP,Alexander Albon,Williams,23,52,90.376,Medium,0,8,314.4,28.017,34.343,28.017
Chinese GP,Alexander Albon,Williams,23,53,90.558,Medium,0,10,300.0,28.073,34.412,28.073
Chinese GP,Alexander Albon,Williams,23,54,90.163,Hard,0,13,340.1,27.951,34.262,27.951
Chinese GP,Alexander Albon,Williams,23,55,90.647,Medium,0,7,300.6,28.101,34.446,28.101
Chinese GP,Alexander Albon,Williams,23,56,90.872,Medium,0,5,341.1,28.17,34.531,28.17
Chinese GP,Alexander Albon,Williams,23,57,90.272,Soft,0,5,325.0,27.984,34.303,27.984
Chinese GP,Alexander Albon,Williams,23,58,90.506,Medium,0,10,345.3,28.057,34.392,28.057
Chinese GP,Alexander Albon,Williams,23,59,90.027,Hard,0,5,298.8,27.908,34.21,27.908
Chinese GP,Alexander Albon,Williams,23,60,90.718,Medium,0,8,347.7,28.123,34.473,28.123
Chinese GP,Alexander Albon,Williams,23,61,90.3,Medium,0,9,317.5,27.993,34.314,27.993
Chinese GP,Nico Hulkenberg,Kick Sauber,27,1,88.021,Hard,0,10,295.1,27.287,33.448,27.287
Chinese GP,Nico Hulkenberg,Kick Sauber,27,2,88.032,Soft,0,10,306.5,27.29,33.452,27.29
Chinese GP,Nico Hulkenberg,Kick Sauber,27,3,88.568,Soft,0,10,332.2,27.456,33.656,27.456
Chinese GP,Nico Hulkenberg,Kick Sauber,27,4,88.754,Soft,0,12,338.7,27.514,33.727,27.514
Chinese GP,Nico Hulkenberg,Kick Sauber,27,5,88.656,Soft,0,8,317.1,27.483,33.689,27.483
Chinese GP,Nico Hulkenberg,Kick Sauber,27,6,88.281,Medium,0,8,346.6,27.367,33.547,27.367
Chinese GP,Nico Hulkenberg,Kick Sauber,27,7,89.047,Hard,0,8,301.2,27.605,33.838,27.605
Chinese GP,Nico Hulkenberg,Kick Sauber,27,8,88.991,Medium,0,11,302.5,27.587,33.817,27.587
Chinese GP,Nico Hulkenberg,Kick Sauber,27,9,88.334,Soft,0,11,339.3,27.384,33.567,27.384
Chinese GP,Nico Hulkenberg,Kick Sauber,27,10,89.039,Hard,0,10,337.7,27.602,33.835,27.602
Chinese GP,Nico Hulkenberg,Kick Sauber,27,11,89.069,Medium,0,12,344.6,27.611,33.846,27.611
Chinese GP,Nico Hulkenberg,Kick Sauber,27,12,88.609,Hard,0,7,347.9,27.469,33.671,27.469
Chinese GP,Nico Hulkenberg,Kick Sauber,27,13,88.575,Soft,0,13,319.7,27.458,33.659,27.458
Chinese GP,Nico Hulkenberg,Kick Sauber,27,14,88.842,Medium,0,13,346.8,27.541,33.76,27.541
Chinese GP,Nico Hulkenberg,Kick Sauber,27,15,89.008,Hard,0,11,305.2,27.592,33.823,27.592
Chinese GP,Nico Hulkenberg,Kick Sauber,27,16,88.644,Hard,0,13,345.8,27.48,33.685,27.48
Chinese GP,Nico Hulkenberg,Kick Sauber,27,17,88.115,Hard,0,6,328.6,27.316,33.484,27.316
Chinese GP,Nico Hulkenberg,Kick Sauber,27,18,88.502,Soft,0,8,298.6,27.436,33.631,27.436
Chinese GP,Nico Hulkenberg,Kick Sauber,27,19,88.533,Medium,0,8,300.5,27.445,33.643,27.445
Chinese GP,Nico Hulkenberg,Kick Sauber,27,20,88.612,Hard,0,11,330.4,27.47,33.673,27.47
Chinese GP,Nico Hulkenberg,Kick Sauber,27,21,88.803,Medium,0,7,302.9,27.529,33.745,27.529
Chinese GP,Nico Hulkenberg,Kick Sauber,27,22,88.99,Medium,0,11,321.1,27.587,33.816,27.587
Chinese GP,Nico Hulkenberg,Kick Sauber,27,23,89.719,Medium,0,12,305.1,27.813,34.093,27.813
Chinese GP,Nico Hulkenberg,Kick Sauber,27,24,88.737,Soft,0,11,305.2,27.508,33.72,27.508
Chinese GP,Nico Hulkenberg,Kick Sauber,27,25,89.014,Medium,0,10,304.5,27.594,33.825,27.594
Chinese GP,Nico Hulkenberg,Kick Sauber,27,26,88.879,Soft,0,8,311.8,27.552,33.774,27.552
Chinese GP,Nico Hulkenberg,Kick Sauber,27,27,88.677,Soft,0,8,303.2,27.49,33.697,27.49
Chinese GP,Nico Hulkenberg,Kick Sauber,27,28,88.621,Soft,0,12,337.8,27.473,33.676,27.473
Chinese GP,Nico Hulkenberg,Kick Sauber,27,29,89.086,Soft,0,11,334.7,27.617,33.853,27.617
Chinese GP,Nico Hulkenberg,Kick Sauber,27,30,88.494,Intermediate,0,9,295.5,27.433,33.628,27.433
Chinese GP,Nico Hulkenberg,Kick Sauber,27,31,88.306,Soft,0,9,308.4,27.375,33.556,27.375
Chinese GP,Nico Hulkenberg,Kick Sauber,27,32,88.779,Soft,0,5,306.9,27.521,33.736,27.521
Chinese GP,Nico Hulkenberg,Kick Sauber,27,33,88.748,Soft,0,7,304.4,27.512,33.724,27.512
Chinese GP,Nico Hulkenberg,Kick Sauber,27,34,88.485,Medium,0,13,335.9,27.43,33.624,27.43
Chinese GP,Nico Hulkenberg,Kick Sauber,27,35,88.783,Medium,0,7,301.6,27.523,33.738,27.523
Chinese GP,Nico Hulkenberg,Kick Sauber,27,36,89.12,Hard,0,10,338.6,27.627,33.866,27.627
Chinese GP,Nico Hulkenberg,Kick Sauber,27,37,88.205,Hard,0,12,321.1,27.344,33.518,27.344
Chinese GP,Nico Hulkenberg,Kick Sauber,27,38,88.44,Medium,0,7,340.4,27.416,33.607,27.416
Chinese GP,Nico Hulkenberg,Kick Sauber,27,39,89.013,Intermediate,0,10,314.8,27.594,33.825,27.594
Chinese GP,Nico Hulkenberg,Kick Sauber,27,40,88.137,Medium,0,11,345.1,27.322,33.492,27.322
Chinese GP,Nico Hulkenberg,Kick Sauber,27,41,88.675,Hard,0,10,327.1,27.489,33.697,27.489
Chinese GP,Nico Hulkenberg,Kick Sauber,27,42,88.972,Hard,0,15,315.7,27.581,33.809,27.581
Chinese GP,Nico Hulkenberg,Kick Sauber,27,43,88.339,Medium,0,6,312.4,27.385,33.569,27.385
Chinese GP,Nico Hulkenberg,Kick Sauber,27,44,88.415,Soft,0,12,328.1,27.409,33.598,27.409
Chinese GP,Nico Hulkenberg,Kick Sauber,27,45,88.633,Wet,0,9,309.9,27.476,33.681,27.476
Chinese GP,Nico Hulkenberg,Kick Sauber,27,46,89.0,Medium,0,11,316.0,27.59,33.82,27.59
Chinese GP,Nico Hulkenberg,Kick Sauber,27,47,88.638,Soft,0,10,327.0,27.478,33.682,27.478
Chinese GP,Nico Hulkenberg,Kick Sauber,27,48,88.586,Hard,0,8,335.3,27.462,33.663,27.462
Chinese GP,Nico Hulkenberg,Kick Sauber,27,49,88.872,Hard,0,10,332.1,27.55,33.771,27.55
Chinese GP,Nico Hulkenberg,Kick Sauber,27,50,88.521,Soft,0,6,322.5,27.442,33.638,27.442
Chinese GP,Nico Hulkenberg,Kick Sauber,27,51,88.301,Medium,0,11,319.1,27.373,33.554,27.373
Chinese GP,Nico Hulkenberg,Kick Sauber,27,52,88.094,Soft,0,10,329.1,27.309,33.476,27.309
Chinese GP,Nico Hulkenberg,Kick Sauber,27,53,88.434,Soft,0,11,346.3,27.415,33.605,27.415
Chinese GP,Nico Hulkenberg,Kick Sauber,27,54,89.168,Medium,0,12,338.2,27.642,33.884,27.642
Chinese GP,Nico Hulkenberg,Kick Sauber,27,55,88.416,Medium,0,10,347.0,27.409,33.598,27.409
Chinese GP,Nico Hulkenberg,Kick Sauber,27,56,88.263,Medium,0,10,317.6,27.362,33.54,27.362
Chinese GP,Nico Hulkenberg,Kick Sauber,27,57,88.345,Hard,0,8,298.6,27.387,33.571,27.387
Chinese GP,Nico Hulkenberg,Kick Sauber,27,58,88.959,Hard,0,8,342.6,27.577,33.804,27.577
Chinese GP,Nico Hulkenberg,Kick Sauber,27,59,88.206,Soft,0,12,295.1,27.344,33.518,27.344
Chinese GP,Nico Hulkenberg,Kick Sauber,27,60,88.464,Soft,0,12,335.9,27.424,33.616,27.424
Miami GP,Max Verstappen,Red Bull Racing,1,1,90.661,Medium,0,1,301.7,28.105,34.451,28.105
Miami GP,Max Verstappen,Red Bull Racing,1,2,90.677,Medium,0,1,316.1,28.11,34.457,28.11
Miami GP,Max Verstappen,Red Bull Racing,1,3,90.872,Medium,0,1,335.8,28.17,34.531,28.17
Miami GP,Max Verstappen,Red Bull Racing,1,4,91.376,Medium,0,3,338.7,28.327,34.723,28.327
Miami GP,Max Verstappen,Red Bull Racing,1,5,91.714,Intermediate,0,2,318.4,28.431,34.851,28.431
Miami GP,Max Verstappen,Red Bull Racing,1,6,90.8,Soft,0,4,310.3,28.148,34.504,28.148
Miami GP,Max Verstappen,Red Bull Racing,1,7,90.871,Soft,0,1,347.4,28.17,34.531,28.17
Miami GP,Max Verstappen,Red Bull Racing,1,8,91.456,Soft,0,1,331.4,28.351,34.753,28.351
Miami GP,Max Verstappen,Red Bull Racing,1,9,91.237,Soft,0,1,303.3,28.283,34.67,28.283
Miami GP,Max Verstappen,Red Bull Racing,1,10,91.046,Hard,0,2,298.8,28.224,34.597,28.224
Miami GP,Max Verstappen,Red Bull Racing,1,11,91.086,Medium,0,1,319.6,28.237,34.613,28.237
Miami GP,Max Verstappen,Red Bull Racing,1,12,91.697,Soft,0,1,342.5,28.426,34.845,28.426
Miami GP,Max Verstappen,Red Bull Racing,1,13,91.648,Soft,0,2,302.6,28.411,34.826,28.411
Miami GP,Max Verstappen,Red Bull Racing,1,14,91.816,Medium,0,2,332.9,28.463,34.89,28.463
Miami GP,Max Verstappen,Red Bull Racing,1,15,91.847,Medium,0,1,348.2,28.473,34.902,28.473
Miami GP,Max Verstappen,Red Bull Racing,1,16,91.642,Soft,0,3,322.5,28.409,34.824,28.409
Miami GP,Max Verstappen,Red Bull Racing,1,17,91.319,Intermediate,0,3,307.5,28.309,34.701,28.309
Miami GP,Max Verstappen,Red Bull Racing,1,18,91.346,Medium,0,1,313.9,28.317,34.711,28.317
Miami GP,Max Verstappen,Red Bull Racing,1,19,91.124,Soft,1,1,349.6,28.248,34.627,28.248
Miami GP,Max Verstappen,Red Bull Racing,1,20,90.988,Medium,0,2,346.6,28.206,34.575,28.206
Miami GP,Max Verstappen,Red Bull Racing,1,21,91.638,Medium,0,1,310.8,28.408,34.822,28.408
Miami GP,Max Verstappen,Red Bull Racing,1,22,90.957,Medium,0,1,307.0,28.197,34.564,28.197
Miami GP,Max Verstappen,Red Bull Racing,1,23,90.653,Soft,0,1,308.3,28.102,34.448,28.102
Miami GP,Max Verstappen,Red Bull Racing,1,24,90.778,Hard,0,2,306.0,28.141,34.496,28.141
Miami GP,Max Verstappen,Red Bull Racing,1,25,91.782,Medium,0,1,314.3,28.452,34.877,28.452
Miami GP,Max Verstappen,Red Bull Racing,1,26,91.61,Intermediate,0,4,295.6,28.399,34.812,28.399
Miami GP,Max Verstappen,Red Bull Racing,1,27,91.577,Intermediate,0,1,312.2,28.389,34.799,28.389
Miami GP,Max Verstappen,Red Bull Racing,1,28,91.405,Soft,0,1,348.8,28.336,34.734,28.336
Miami GP,Max Verstappen,Red Bull Racing,1,29,91.522,Soft,0,1,300.9,28.372,34.778,28.372
Miami GP,Max Verstappen,Red Bull Racing,1,30,90.896,Medium,0,1,348.0,28.178,34.54,28.178
Miami GP,Max Verstappen,Red Bull Racing,1,31,90.952,Soft,0,3,347.9,28.195,34.562,28.195
Miami GP,Max Verstappen,Red Bull Racing,1,32,91.411,Soft,0,1,336.6,28.337,34.736,28.337
Miami GP,Max Verstappen,Red Bull Racing,1,33,91.785,Soft,0,3,349.3,28.453,34.878,28.453
Miami GP,Max Verstappen,Red Bull Racing,1,34,91.581,Medium,0,1,346.3,28.39,34.801,28.39
Miami GP,Max Verstappen,Red Bull Racing,1,35,91.794,Soft,0,1,347.6,28.456,34.882,28.456
Miami GP,Max Verstappen,Red Bull Racing,1,36,91.294,Medium,0,1,342.1,28.301,34.692,28.301
Miami GP,Max Verstappen,Red Bull Racing,1,37,91.395,Medium,0,4,331.4,28.332,34.73,28.332
Miami GP,Max Verstappen,Red Bull Racing,1,38,91.166,Soft,1,1,339.3,28.261,34.643,28.261
Miami GP,Max Verstappen,Red Bull Racing,1,39,91.488,Medium,0,1,301.9,28.361,34.765,28.361
Miami GP,Max Verstappen,Red Bull Racing,1,40,91.98,Medium,0,3,334.9,28.514,34.952,28.514
Miami GP,Max Verstappen,Red Bull Racing,1,41,91.947,Soft,0,1,338.5,28.504,34.94,28.504
Miami GP,Max Verstappen,Red Bull Racing,1,42,91.729,Hard,0,1,314.6,28.436,34.857,28.436
Miami GP,Max Verstappen,Red Bull Racing,1,43,91.061,Hard,0,1,330.4,28.229,34.603,28.229
Miami GP,Max Verstappen,Red Bull Racing,1,44,91.061,Hard,0,1,337.6,28.229,34.603,28.229
Miami GP,Max Verstappen,Red Bull Racing,1,45,91.379,Soft,0,3,307.8,28.327,34.724,28.327
Miami GP,Max Verstappen,Red Bull Racing,1,46,91.257,Soft,0,3,339.3,28.29,34.678,28.29
Miami GP,Max Verstappen,Red Bull Racing,1,47,91.243,Hard,0,2,296.3,28.285,34.672,28.285
Miami GP,Max Verstappen,Red Bull Racing,1,48,91.961,Soft,0,1,339.9,28.508,34.945,28.508
Miami GP,Max Verstappen,Red Bull Racing,1,49,90.806,Hard,0,4,305.8,28.15,34.506,28.15
Miami GP,Max Verstappen,Red Bull Racing,1,50,91.406,Soft,0,1,301.5,28.336,34.734,28.336
Miami GP,Max Verstappen,Red Bull Racing,1,51,91.518,Intermediate,0,1,295.2,28.371,34.777,28.371
Miami GP,Max Verstappen,Red Bull Racing,1,52,90.929,Hard,1,1,316.2,28.188,34.553,28.188
Miami GP,Max Verstappen,Red Bull Racing,1,53,90.773,Hard,0,5,327.7,28.14,34.494,28.14
Miami GP,Max Verstappen,Red Bull Racing,1,54,91.512,Soft,1,1,306.5,28.369,34.775,28.369
Miami GP,Max Verstappen,Red Bull Racing,1,55,91.73,Hard,0,1,336.1,28.436,34.857,28.436
Miami GP,Max Verstappen,Red Bull Racing,1,56,92.072,Soft,0,1,343.7,28.542,34.987,28.542
Miami GP,Max Verstappen,Red Bull Racing,1,57,90.895,Wet,0,1,332.6,28.177,34.54,28.177
Miami GP,Max Verstappen,Red Bull Racing,1,58,91.205,Medium,0,1,341.5,28.274,34.658,28.274
Miami GP,Max Verstappen,Red Bull Racing,1,59,90.993,Medium,0,3,329.6,28.208,34.577,28.208
Miami GP,Max Verstappen,Red Bull Racing,1,60,91.213,Soft,0,5,304.1,28.276,34.661,28.276
Miami GP,Max Verstappen,Red Bull Racing,1,61,91.627,Medium,0,1,323.7,28.404,34.818,28.404
Miami GP,Max Verstappen,Red Bull Racing,1,62,91.457,Medium,0,1,334.3,28.352,34.754,28.352
Miami GP,Max Verstappen,Red Bull Racing,1,63,91.112,Medium,0,1,333.0,28.245,34.623,28.245
Miami GP,Max Verstappen,Red Bull Racing,1,64,91.434,Hard,0,1,344.2,28.345,34.745,28.345
Miami GP,Charles Leclerc,Scuderia Ferrari,16,1,88.765,Soft,0,4,321.7,27.517,33.731,27.517
Miami GP,Charles Leclerc,Scuderia Ferrari,16,2,89.158,Medium,0,2,344.5,27.639,33.88,27.639
Miami GP,Charles Leclerc,Scuderia Ferrari,16,3,88.591,Soft,0,1,315.1,27.463,33.665,27.463
Miami GP,Charles Leclerc,Scuderia Ferrari,16,4,89.324,Soft,0,1,330.8,27.69,33.943,27.69
Miami GP,Charles Leclerc,Scuderia Ferrari,16,5,89.105,Soft,0,1,348.0,27.623,33.86,27.623
Miami GP,Charles Leclerc,Scuderia Ferrari,16,6,88.614,Medium,0,3,328.1,27.47,33.673,27.47
Miami GP,Charles Leclerc,Scuderia Ferrari,16,7,89.29,Soft,0,3,296.1,27.68,33.93,27.68
Miami GP,Charles Leclerc,Scuderia Ferrari,16,8,88.858,Medium,0,1,308.5,27.546,33.766,27.546
Miami GP,Charles Leclerc,Scuderia Ferrari,16,9,89.475,Intermediate,0,5,312.7,27.737,34.0,27.737
Miami GP,Charles Leclerc,Scuderia Ferrari,16,10,89.504,Hard,0,3,299.0,27.746,34.012,27.746
Miami GP,Charles Leclerc,Scuderia Ferrari,16,11,88.891,Medium,0,4,337.2,27.556,33.779,27.556
Miami GP,Charles Leclerc,Scuderia Ferrari,16,12,88.691,Hard,0,1,329.1,27.494,33.703,27.494
Miami GP,Charles Leclerc,Scuderia Ferrari,16,13,88.901,Hard,0,1,298.6,27.559,33.782,27.559
Miami GP,Charles Leclerc,Scuderia Ferrari,16,14,89.315,Hard,0,1,339.8,27.688,33.94,27.688
Miami GP,Charles Leclerc,Scuderia Ferrari,16,15,88.84,Soft,0,3,315.7,27.54,33.759,27.54
Miami GP,Charles Leclerc,Scuderia Ferrari,16,16,89.498,Wet,0,5,317.2,27.744,34.009,27.744
Miami GP,Charles Leclerc,Scuderia Ferrari,16,17,89.413,Medium,0,3,307.8,27.718,33.977,27.718
Miami GP,Charles Leclerc,Scuderia Ferrari,16,18,88.596,Hard,0,1,345.2,27.465,33.666,27.465
Miami GP,Charles Leclerc,Scuderia Ferrari,16,19,89.589,Medium,0,1,342.1,27.773,34.044,27.773
Miami GP,Charles Leclerc,Scuderia Ferrari,16,20,88.543,Medium,0,4,302.5,27.448,33.646,27.448
Miami GP,Charles Leclerc,Scuderia Ferrari,16,21,89.314,Medium,0,1,302.4,27.687,33.939,27.687
Miami GP,Charles Leclerc,Scuderia Ferrari,16,22,89.48,Soft,0,5,309.3,27.739,34.002,27.739
Miami GP,Charles Leclerc,Scuderia Ferrari,16,23,89.716,Hard,0,1,303.8,27.812,34.092,27.812
Miami GP,Charles Leclerc,Scuderia Ferrari,16,24,88.807,Soft,0,5,337.4,27.53,33.747,27.53
Miami GP,Charles Leclerc,Scuderia Ferrari,16,25,89.556,Soft,0,3,319.3,27.762,34.031,27.762
Miami GP,Charles Leclerc,Scuderia Ferrari,16,26,88.581,Medium,0,1,314.9,27.46,33.661,27.46
Miami GP,Charles Leclerc,Scuderia Ferrari,16,27,88.869,Wet,0,1,321.5,27.549,33.77,27.549
Miami GP,Charles Leclerc,Scuderia Ferrari,16,28,88.942,Medium,0,1,324.2,27.572,33.798,27.572
Miami GP,Charles Leclerc,Scuderia Ferrari,16,29,88.884,Soft,0,2,322.7,27.554,33.776,27.554
Miami GP,Charles Leclerc,Scuderia Ferrari,16,30,89.085,Medium,0,2,325.9,27.616,33.852,27.616
Miami GP,Charles Leclerc,Scuderia Ferrari,16,31,89.116,Hard,0,1,349.0,27.626,33.864,27.626
Miami GP,Charles Leclerc,Scuderia Ferrari,16,32,88.82,Medium,0,1,319.7,27.534,33.752,27.534
Miami GP,Charles Leclerc,Scuderia Ferrari,16,33,88.355,Hard,0,2,332.6,27.39,33.575,27.39
Miami GP,Charles Leclerc,Scuderia Ferrari,16,34,88.69,Hard,0,1,346.9,27.494,33.702,27.494
Miami GP,Charles Leclerc,Scuderia Ferrari,16,35,89.67,Medium,0,2,333.0,27.798,34.075,27.798
Miami GP,Charles Leclerc,Scuderia Ferrari,16,36,88.756,Medium,0,1,341.0,27.514,33.727,27.514
Miami GP,Charles Leclerc,Scuderia Ferrari,16,37,89.04,Soft,0,1,323.4,27.602,33.835,27.602
Miami GP,Charles Leclerc,Scuderia Ferrari,16,38,88.796,Soft,0,1,337.9,27.527,33.742,27.527
Miami GP,Charles Leclerc,Scuderia Ferrari,16,39,88.907,Soft,0,1,346.9,27.561,33.785,27.561
Miami GP,Charles Leclerc,Scuderia Ferrari,16,40,88.884,Hard,0,1,327.8,27.554,33.776,27.554
Miami GP,Charles Leclerc,Scuderia Ferrari,16,41,88.789,Soft,0,1,332.5,27.525,33.74,27.525
Miami GP,Charles Leclerc,Scuderia Ferrari,16,42,88.695,Medium,0,5,322.5,27.495,33.704,27.495
Miami GP,Charles Leclerc,Scuderia Ferrari,16,43,88.782,Hard,0,1,308.3,27.522,33.737,27.522
Miami GP,Charles Leclerc,Scuderia Ferrari,16,44,88.741,Soft,0,2,336.2,27.51,33.722,27.51
Miami GP,Charles Leclerc,Scuderia Ferrari,16,45,88.629,Soft,0,2,304.6,27.475,33.679,27.475
Miami GP,Charles Leclerc,Scuderia Ferrari,16,46,88.56,Soft,0,2,340.7,27.454,33.653,27.454
Miami GP,Charles Leclerc,Scuderia Ferrari,16,47,88.765,Medium,0,1,304.0,27.517,33.731,27.517
Miami GP,Charles Leclerc,Scuderia Ferrari,16,48,89.141,Medium,0,1,309.8,27.634,33.874,27.634
Miami GP,Charles Leclerc,Scuderia Ferrari,16,49,89.091,Medium,0,4,341.0,27.618,33.855,27.618
Miami GP,Charles Leclerc,Scuderia Ferrari,16,50,89.195,Soft,0,5,344.4,27.65,33.894,27.65
Miami GP,Charles Leclerc,Scuderia Ferrari,16,51,90.158,Hard,0,1,300.3,27.949,34.26,27.949
Miami GP,Charles Leclerc,Scuderia Ferrari,16,52,88.748,Medium,0,1,298.3,27.512,33.724,27.512
Miami GP,Charles Leclerc,Scuderia Ferrari,16,53,88.996,Hard,0,1,345.7,27.589,33.818,27.589
Miami GP,Charles Leclerc,Scuderia Ferrari,16,54,88.517,Hard,1,1,343.8,27.44,33.636,27.44
Miami GP,Charles Leclerc,Scuderia Ferrari,16,55,88.931,Soft,0,3,317.7,27.569,33.794,27.569
Miami GP,Charles Leclerc,Scuderia Ferrari,16,56,89.593,Medium,0,1,341.9,27.774,34.045,27.774
Miami GP,Charles Leclerc,Scuderia Ferrari,16,57,88.95,Medium,0,6,345.4,27.575,33.801,27.575
Miami GP,Charles Leclerc,Scuderia Ferrari,16,58,89.556,Soft,0,4,336.6,27.762,34.031,27.762
Miami GP,Charles Leclerc,Scuderia Ferrari,16,59,88.574,Medium,0,2,312.9,27.458,33.658,27.458
Miami GP,Charles Leclerc,Scuderia Ferrari,16,60,88.997,Medium,1,4,349.5,27.589,33.819,27.589
Miami GP,Charles Leclerc,Scuderia Ferrari,16,61,89.134,Soft,0,4,340.2,27.632,33.871,27.632
Miami GP,Charles Leclerc,Scuderia Ferrari,16,62,88.673,Wet,0,1,298.3,27.489,33.696,27.489
Miami GP,Charles Leclerc,Scuderia Ferrari,16,63,88.931,Medium,0,1,319.9,27.569,33.794,27.569
Miami GP,Charles Leclerc,Scuderia Ferrari,16,64,88.668,Wet,0,2,309.6,27.487,33.694,27.487
Miami GP,Charles Leclerc,Scuderia Ferrari,16,65,89.119,Medium,0,3,318.9,27.627,33.865,27.627
Miami GP,Charles Leclerc,Scuderia Ferrari,16,66,88.888,Medium,0,2,341.6,27.555,33.777,27.555
Miami GP,Charles Leclerc,Scuderia Ferrari,16,67,88.909,Hard,0,1,326.1,27.562,33.785,27.562
Miami GP,Charles Leclerc,Scuderia Ferrari,16,68,88.646,Hard,0,1,337.7,27.48,33.685,27.48
Miami GP,Charles Leclerc,Scuderia Ferrari,16,69,89.261,Soft,0,1,324.8,27.671,33.919,27.671
Miami GP,Charles Leclerc,Scuderia Ferrari,16,70,88.596,Soft,0,1,308.6,27.465,33.666,27.465
Miami GP,Charles Leclerc,Scuderia Ferrari,16,71,88.537,Medium,0,5,303.5,27.446,33.644,27.446
Miami GP,Charles Leclerc,Scuderia Ferrari,16,72,89.806,Medium,1,1,301.2,27.84,34.126,27.84
Miami GP,Charles Leclerc,Scuderia Ferrari,16,73,88.819,Hard,0,3,307.4,27.534,33.751,27.534
Miami GP,Lewis Hamilton,Scuderia Ferrari,44,1,89.488,Soft,0,5,305.6,27.741,34.005,27.741
Miami GP,Lewis Hamilton,Scuderia Ferrari,44,2,89.533,Intermediate,0,7,302.3,27.755,34.023,27.755
Miami GP,Lewis Hamilton,Scuderia Ferrari,44,3,90.056,Medium,0,2,301.7,27.917,34.221,27.917
Miami GP,Lewis Hamilton,Scuderia Ferrari,44,4,89.469,Hard,0,3,319.4,27.735,33.998,27.735
Miami GP,Lewis Hamilton,Scuderia Ferrari,44,5,89.804,Intermediate,0,4,347.3,27.839,34.126,27.839
Miami GP,Lewis Hamilton,Scuderia Ferrari,44,6,90.301,Medium,0,3,321.5,27.993,34.314,27.993
Miami GP,Lewis Hamilton,Scuderia Ferrari,44,7,89.72,Soft,0,2,316.1,27.813,34.094,27.813
Miami GP,Lewis Hamilton,Scuderia Ferrari,44,8,90.049,Intermediate,0,3,329.2,27.915,34.219,27.915
Miami GP,Lewis Hamilton,Scuderia Ferrari,44,9,89.678,Medium,0,1,300.5,27.8,34.078,27.8
Miami GP,Lewis Hamilton,Scuderia Ferrari,44,10,89.819,Intermediate,0,4,321.0,27.844,34.131,27.844
Miami GP,Lewis Hamilton,Scuderia Ferrari,44,11,90.088,Intermediate,0,3,316.1,27.927,34.233,27.927
Miami GP,Lewis Hamilton,Scuderia Ferrari,44,12,90.511,Medium,0,2,339.5,28.058,34.394,28.058
Miami GP,Lewis Hamilton,Scuderia Ferrari,44,13,89.96,Soft,0,7,344.6,27.888,34.185,27.888
Miami GP,Lewis Hamilton,Scuderia Ferrari,44,14,90.026,Soft,0,1,298.5,27.908,34.21,27.908
Miami GP,Lewis Hamilton,Scuderia Ferrari,44,15,90.14,Medium,0,2,306.5,27.943,34.253,27.943
Miami GP,Lewis Hamilton,Scuderia Ferrari,44,16,90.097,Soft,0,6,323.5,27.93,34.237,27.93
Miami GP,Lewis Hamilton,Scuderia Ferrari,44,17,90.257,Medium,0,1,320.6,27.98,34.298,27.98
Miami GP,Lewis Hamilton,Scuderia Ferrari,44,18,90.372,Hard,0,1,348.4,28.015,34.341,28.015
Miami GP,Lewis Hamilton,Scuderia Ferrari,44,19,90.097,Hard,0,2,333.5,27.93,34.237,27.93
Miami GP,Lewis Hamilton,Scuderia Ferrari,44,20,90.04,Intermediate,0,4,337.4,27.912,34.215,27.912
Miami GP,Lewis Hamilton,Scuderia Ferrari,44,21,90.2,Medium,1,3,347.9,27.962,34.276,27.962
Miami GP,Lewis Hamilton,Scuderia Ferrari,44,22,89.838,Wet,0,1,314.5,27.85,34.138,27.85
Miami GP,Lewis Hamilton,Scuderia Ferrari,44,23,91.024,Soft,0,1,334.4,28.217,34.589,28.217
Miami GP,Lewis Hamilton,Scuderia Ferrari,44,24,89.524,Hard,0,1,330.0,27.752,34.019,27.752
Miami GP,Lewis Hamilton,Scuderia Ferrari,44,25,90.58,Hard,0,2,304.4,28.08,34.42,28.08
Miami GP,Lewis Hamilton,Scuderia Ferrari,44,26,89.99,Medium,0,3,338.4,27.897,34.196,27.897
Miami GP,Lewis Hamilton,Scuderia Ferrari,44,27,89.901,Medium,0,3,314.9,27.869,34.162,27.869
Miami GP,Lewis Hamilton,Scuderia Ferrari,44,28,90.137,Medium,0,1,299.4,27.942,34.252,27.942
Miami GP,Lewis Hamilton,Scuderia Ferrari,44,29,89.438,Soft,0,5,295.5,27.726,33.986,27.726
Miami GP,Lewis Hamilton,Scuderia Ferrari,44,30,89.913,Hard,0,3,304.2,27.873,34.167,27.873
Miami GP,Lewis Hamilton,Scuderia Ferrari,44,31,89.965,Soft,0,5,343.4,27.889,34.187,27.889
Miami GP,Lewis Hamilton,Scuderia Ferrari,44,32,90.22,Hard,0,3,345.7,27.968,34.284,27.968
Miami GP,Lewis Hamilton,Scuderia Ferrari,44,33,90.12,Medium,0,5,328.3,27.937,34.246,27.937
Miami GP,Lewis Hamilton,Scuderia Ferrari,44,34,90.211,Medium,0,3,317.5,27.965,34.28,27.965
Miami GP,Lewis Hamilton,Scuderia Ferrari,44,35,90.169,Medium,0,5,348.0,27.952,34.264,27.952
Miami GP,Lewis Hamilton,Scuderia Ferrari,44,36,89.663,Medium,0,4,330.6,27.796,34.072,27.796
Miami GP,Lewis Hamilton,Scuderia Ferrari,44,37,90.084,Soft,0,2,326.6,27.926,34.232,27.926
Miami GP,Lewis Hamilton,Scuderia Ferrari,44,38,89.787,Medium,0,7,303.8,27.834,34.119,27.834
Miami GP,Lewis Hamilton,Scuderia Ferrari,44,39,90.326,Soft,0,4,333.2,28.001,34.324,28.001
Miami GP,Lewis Hamilton,Scuderia Ferrari,44,40,90.648,Soft,0,4,331.2,28.101,34.446,28.101
Miami GP,Lewis Hamilton,Scuderia Ferrari,44,41,90.001,Intermediate,0,1,340.7,27.9,34.2,27.9
Miami GP,Lewis Hamilton,Scuderia Ferrari,44,42,89.927,Soft,0,1,307.0,27.877,34.172,27.877
Miami GP,Lewis Hamilton,Scuderia Ferrari,44,43,89.996,Soft,0,3,306.0,27.899,34.198,27.899
Miami GP,Lewis Hamilton,Scuderia Ferrari,44,44,90.278,Hard,0,3,332.0,27.986,34.306,27.986
Miami GP,Lewis Hamilton,Scuderia Ferrari,44,45,90.253,Hard,0,1,295.7,27.978,34.296,27.978
Miami GP,Lewis Hamilton,Scuderia Ferrari,44,46,89.342,Medium,0,3,346.6,27.696,33.95,27.696
Miami GP,Lewis Hamilton,Scuderia Ferrari,44,47,89.763,Hard,0,6,345.3,27.827,34.11,27.827
Miami GP,Lewis Hamilton,Scuderia Ferrari,44,48,89.855,Hard,1,4,323.8,27.855,34.145,27.855
Miami GP,Lewis Hamilton,Scuderia Ferrari,44,49,90.875,Hard,0,1,342.2,28.171,34.532,28.171
Miami GP,Lewis Hamilton,Scuderia Ferrari,44,50,90.123,Soft,0,2,340.0,27.938,34.247,27.938
Miami GP,Lewis Hamilton,Scuderia Ferrari,44,51,90.51,Hard,0,1,323.1,28.058,34.394,28.058
Miami GP,Lewis Hamilton,Scuderia Ferrari,44,52,89.579,Hard,0,2,304.5,27.769,34.04,27.769
Miami GP,Lewis Hamilton,Scuderia Ferrari,44,53,89.563,Medium,0,2,311.9,27.765,34.034,27.765
Miami GP,Lewis Hamilton,Scuderia Ferrari,44,54,89.844,Soft,0,2,318.6,27.852,34.141,27.852
Miami GP,Lewis Hamilton,Scuderia Ferrari,44,55,89.919,Medium,0,1,319.7,27.875,34.169,27.875
Miami GP,Lewis Hamilton,Scuderia Ferrari,44,56,90.287,Hard,0,2,336.0,27.989,34.309,27.989
Miami GP,Lewis Hamilton,Scuderia Ferrari,44,57,89.491,Medium,0,1,310.4,27.742,34.007,27.742
Miami GP,Lewis Hamilton,Scuderia Ferrari,44,58,89.764,Hard,0,1,298.5,27.827,34.11,27.827
Miami GP,Lewis Hamilton,Scuderia Ferrari,44,59,89.803,Medium,0,7,343.1,27.839,34.125,27.839
Miami GP,Lewis Hamilton,Scuderia Ferrari,44,60,90.437,Soft,0,5,334.9,28.035,34.366,28.035
Miami GP,Lewis Hamilton,Scuderia Ferrari,44,61,90.172,Soft,0,2,327.0,27.953,34.265,27.953
Miami GP,Lewis Hamilton,Scuderia Ferrari,44,62,89.764,Hard,0,3,311.8,27.827,34.11,27.827
Miami GP,Lewis Hamilton,Scuderia Ferrari,44,63,89.767,Medium,0,1,309.4,27.828,34.111,27.828
Miami GP,Lewis Hamilton,Scuderia Ferrari,44,64,89.669,Medium,0,6,336.4,27.797,34.074,27.797
Miami GP,Lando Norris,McLaren,4,1,89.377,Medium,0,7,302.2,27.707,33.963,27.707
Miami GP,Lando Norris,McLaren,4,2,89.553,Intermediate,0,4,315.2,27.761,34.03,27.761
Miami GP,Lando Norris,McLaren,4,3,89.28,Medium,0,6,336.1,27.677,33.926,27.677
Miami GP,Lando Norris,McLaren,4,4,89.386,Medium,0,4,326.7,27.71,33.967,27.71
Miami GP,Lando Norris,McLaren,4,5,89.653,Medium,0,1,330.7,27.792,34.068,27.792
Miami GP,Lando Norris,McLaren,4,6,90.124,Medium,0,3,296.8,27.938,34.247,27.938
Miami GP,Lando Norris,McLaren,4,7,89.45,Soft,0,4,327.6,27.73,33.991,27.73
Miami GP,Lando Norris,McLaren,4,8,89.611,Medium,0,3,296.2,27.779,34.052,27.779
Miami GP,Lando Norris,McLaren,4,9,90.093,Intermediate,0,3,346.3,27.929,34.235,27.929
Miami GP,Lando Norris,McLaren,4,10,89.825,Hard,0,3,345.1,27.846,34.133,27.846
Miami GP,Lando Norris,McLaren,4,11,90.064,Hard,0,3,322.9,27.92,34.224,27.92
Miami GP,Lando Norris,McLaren,4,12,89.825,Medium,0,4,316.3,27.846,34.133,27.846
Miami GP,Lando Norris,McLaren,4,13,89.642,Hard,0,1,333.3,27.789,34.064,27.789
Miami GP,Lando Norris,McLaren,4,14,89.663,Hard,0,2,341.6,27.796,34.072,27.796
Miami GP,Lando Norris,McLaren,4,15,89.63,Soft,0,1,298.2,27.785,34.059,27.785
Miami GP,Lando Norris,McLaren,4,16,90.376,Medium,0,5,332.6,28.017,34.343,28.017
Miami GP,Lando Norris,McLaren,4,17,89.66,Soft,0,1,336.9,27.795,34.071,27.795
Miami GP,Lando Norris,McLaren,4,18,90.254,Intermediate,1,6,321.1,27.979,34.297,27.979
Miami GP,Lando Norris,McLaren,4,19,90.22,Medium,0,6,346.2,27.968,34.284,27.968
Miami GP,Lando Norris,McLaren,4,20,89.51,Hard,0,3,337.5,27.748,34.014,27.748
Miami GP,Lando Norris,McLaren,4,21,90.044,Intermediate,0,1,324.4,27.914,34.217,27.914
Miami GP,Lando Norris,McLaren,4,22,89.879,Medium,0,3,296.7,27.862,34.154,27.862
Miami GP,Lando Norris,McLaren,4,23,89.21,Hard,1,3,311.6,27.655,33.9,27.655
Miami GP,Lando Norris,McLaren,4,24,89.563,Medium,1,1,319.7,27.765,34.034,27.765
Miami GP,Lando Norris,McLaren,4,25,89.847,Medium,0,2,319.2,27.853,34.142,27.853
Miami GP,Lando Norris,McLaren,4,26,90.312,Medium,0,7,307.8,27.997,34.319,27.997
Miami GP,Lando Norris,McLaren,4,27,89.448,Soft,0,5,338.1,27.729,33.99,27.729
Miami GP,Lando Norris,McLaren,4,28,89.886,Medium,0,2,342.3,27.865,34.157,27.865
Miami GP,Lando Norris,McLaren,4,29,89.763,Medium,0,1,332.3,27.827,34.11,27.827
Miami GP,Lando Norris,McLaren,4,30,89.794,Hard,0,3,300.7,27.836,34.122,27.836
Miami GP,Lando Norris,McLaren,4,31,89.957,Hard,0,3,344.6,27.887,34.184,27.887
Miami GP,Lando Norris,McLaren,4,32,89.582,Medium,0,4,301.3,27.77,34.041,27.77
Miami GP,Lando Norris,McLaren,4,33,90.099,Medium,0,2,297.3,27.931,34.238,27.931
Miami GP,Lando Norris,McLaren,4,34,89.629,Medium,0,5,330.2,27.785,34.059,27.785
Miami GP,Lando Norris,McLaren,4,35,89.51,Medium,0,7,325.3,27.748,34.014,27.748
Miami GP,Lando Norris,McLaren,4,36,90.346,Medium,1,5,331.3,28.007,34.331,28.007
Miami GP,Lando Norris,McLaren,4,37,89.766,Hard,0,3,347.3,27.827,34.111,27.827
Miami GP,Lando Norris,McLaren,4,38,90.077,Soft,1,3,318.0,27.924,34.229,27.924
Miami GP,Lando Norris,McLaren,4,39,89.88,Soft,0,3,342.2,27.863,34.154,27.863
Miami GP,Lando Norris,McLaren,4,40,89.49,Soft,0,6,296.8,27.742,34.006,27.742
Miami GP,Lando Norris,McLaren,4,41,89.43,Soft,0,2,330.0,27.723,33.983,27.723
Miami GP,Lando Norris,McLaren,4,42,89.585,Hard,0,4,310.4,27.771,34.042,27.771
Miami GP,Lando Norris,McLaren,4,43,89.699,Medium,0,4,330.3,27.807,34.086,27.807
Miami GP,Lando Norris,McLaren,4,44,90.523,Hard,0,2,299.5,28.062,34.399,28.062
Miami GP,Lando Norris,McLaren,4,45,89.379,Hard,0,1,311.4,27.707,33.964,27.707
Miami GP,Lando Norris,McLaren,4,46,90.01,Medium,0,4,347.6,27.903,34.204,27.903
Miami GP,Lando Norris,McLaren,4,47,89.47,Medium,0,3,326.3,27.736,33.999,27.736
Miami GP,Lando Norris,McLaren,4,48,90.739,Soft,1,5,330.7,28.129,34.481,28.129
Miami GP,Lando Norris,McLaren,4,49,90.203,Soft,0,2,312.5,27.963,34.277,27.963
Miami GP,Lando Norris,McLaren,4,50,89.461,Hard,0,6,309.1,27.733,33.995,27.733
Miami GP,Lando Norris,McLaren,4,51,89.899,Hard,0,2,332.4,27.869,34.162,27.869
Miami GP,Lando Norris,McLaren,4,52,90.201,Soft,1,7,325.1,27.962,34.276,27.962
Miami GP,Lando Norris,McLaren,4,53,90.15,Medium,0,1,308.7,27.947,34.257,27.947
Miami GP,Lando Norris,McLaren,4,54,89.833,Medium,0,4,347.8,27.848,34.137,27.848
Miami GP,Lando Norris,McLaren,4,55,89.716,Hard,0,4,317.4,27.812,34.092,27.812
Miami GP,Lando Norris,McLaren,4,56,89.735,Medium,0,2,348.2,27.818,34.099,27.818
Miami GP,Lando Norris,McLaren,4,57,89.373,Soft,0,4,316.3,27.706,33.962,27.706
Miami GP,Lando Norris,McLaren,4,58,90.347,Soft,0,6,317.9,28.008,34.332,28.008
Miami GP,Lando Norris,McLaren,4,59,90.345,Medium,0,1,304.7,28.007,34.331,28.007
Miami GP,Lando Norris,McLaren,4,60,90.24,Intermediate,1,5,327.3,27.974,34.291,27.974
Miami GP,Lando Norris,McLaren,4,61,90.115,Hard,0,1,325.6,27.936,34.244,27.936
Miami GP,Lando Norris,McLaren,4,62,89.66,Soft,0,2,295.7,27.795,34.071,27.795
Miami GP,Lando Norris,McLaren,4,63,89.766,Soft,0,7,344.2,27.827,34.111,27.827
Miami GP,Lando Norris,McLaren,4,64,89.541,Medium,0,2,348.7,27.758,34.026,27.758
Miami GP,Lando Norris,McLaren,4,65,89.415,Soft,0,1,344.3,27.719,33.978,27.719
Miami GP,Lando Norris,McLaren,4,66,90.077,Hard,0,3,346.1,27.924,34.229,27.924
Miami GP,Lando Norris,McLaren,4,67,90.16,Intermediate,0,8,335.8,27.95,34.261,27.95
Miami GP,Lando Norris,McLaren,4,68,90.026,Hard,0,1,307.0,27.908,34.21,27.908
Miami GP,Lando Norris,McLaren,4,69,89.758,Medium,1,1,303.4,27.825,34.108,27.825
Miami GP,Lando Norris,McLaren,4,70,89.815,Medium,0,6,340.8,27.843,34.13,27.843
Miami GP,Lando Norris,McLaren,4,71,90.148,Hard,0,7,311.3,27.946,34.256,27.946
Miami GP,Lando Norris,McLaren,4,72,90.292,Medium,1,3,323.5,27.991,34.311,27.991
Miami GP,Lando Norris,McLaren,4,73,89.457,Medium,0,1,349.6,27.732,33.994,27.732
Miami GP,Lando Norris,McLaren,4,74,90.393,Medium,0,8,325.7,28.022,34.349,28.022
Miami GP,Lando Norris,McLaren,4,75,90.31,Intermediate,0,7,345.7,27.996,34.318,27.996
Miami GP,Lando Norris,McLaren,4,76,90.295,Medium,0,5,343.4,27.991,34.312,27.991
Miami GP,Lando Norris,McLaren,4,77,89.666,Medium,0,2,319.7,27.796,34.073,27.796
Miami GP,Lando Norris,McLaren,4,78,90.51,Medium,0,3,348.8,28.058,34.394,28.058
Miami GP,Oscar Piastri,McLaren,81,1,91.243,Soft,0,4,322.0,28.285,34.672,28.285
Miami GP,Oscar Piastri,McLaren,81,2,91.581,Intermediate,0,5,321.5,28.39,34.801,28.39
Miami GP,Oscar Piastri,McLaren,81,3,91.404,Soft,0,7,322.3,28.335,34.734,28.335
Miami GP,Oscar Piastri,McLaren,81,4,92.24,Medium,0,6,318.0,28.594,35.051,28.594
Miami GP,Oscar Piastri,McLaren,81,5,91.542,Medium,0,2,327.5,28.378,34.786,28.378
Miami GP,Oscar Piastri,McLaren,81,6,91.755,Soft,0,7,339.6,28.444,34.867,28.444
Miami GP,Oscar Piastri,McLaren,81,7,91.777,Medium,0,5,337.9,28.451,34.875,28.451
Miami GP,Oscar Piastri,McLaren,81,8,91.828,Intermediate,0,6,342.6,28.467,34.895,28.467
Miami GP,Oscar Piastri,McLaren,81,9,91.441,Intermediate,0,7,333.1,28.347,34.748,28.347
Miami GP,Oscar Piastri,McLaren,81,10,91.501,Hard,0,2,338.3,28.365,34.77,28.365
Miami GP,Oscar Piastri,McLaren,81,11,92.321,Hard,0,4,299.9,28.62,35.082,28.62
Miami GP,Oscar Piastri,McLaren,81,12,91.833,Medium,0,3,299.3,28.468,34.897,28.468
Miami GP,Oscar Piastri,McLaren,81,13,92.452,Soft,0,1,325.7,28.66,35.132,28.66
Miami GP,Oscar Piastri,McLaren,81,14,91.899,Medium,0,5,335.1,28.489,34.922,28.489
Miami GP,Oscar Piastri,McLaren,81,15,92.33,Soft,0,10,331.8,28.622,35.085,28.622
Miami GP,Oscar Piastri,McLaren,81,16,91.767,Medium,0,1,340.2,28.448,34.871,28.448
Miami GP,Oscar Piastri,McLaren,81,17,91.235,Soft,0,4,334.4,28.283,34.669,28.283
Miami GP,Oscar Piastri,McLaren,81,18,91.98,Soft,1,6,349.7,28.514,34.952,28.514
Miami GP,Oscar Piastri,McLaren,81,19,92.523,Medium,0,5,299.5,28.682,35.159,28.682
Miami GP,Oscar Piastri,McLaren,81,20,91.941,Medium,1,4,337.2,28.502,34.938,28.502
Miami GP,Oscar Piastri,McLaren,81,21,91.658,Hard,0,2,317.0,28.414,34.83,28.414
Miami GP,Oscar Piastri,McLaren,81,22,92.529,Soft,0,5,324.4,28.684,35.161,28.684
Miami GP,Oscar Piastri,McLaren,81,23,91.639,Medium,1,3,300.0,28.408,34.823,28.408
Miami GP,Oscar Piastri,McLaren,81,24,92.081,Medium,0,1,334.7,28.545,34.991,28.545
Miami GP,Oscar Piastri,McLaren,81,25,91.333,Soft,0,7,328.3,28.313,34.707,28.313
Miami GP,Oscar Piastri,McLaren,81,26,92.544,Medium,1,6,344.5,28.689,35.167,28.689
Miami GP,Oscar Piastri,McLaren,81,27,92.371,Intermediate,0,5,321.6,28.635,35.101,28.635
Miami GP,Oscar Piastri,McLaren,81,28,91.576,Hard,0,5,328.0,28.389,34.799,28.389
Miami GP,Oscar Piastri,McLaren,81,29,92.238,Hard,0,7,342.6,28.594,35.05,28.594
Miami GP,Oscar Piastri,McLaren,81,30,92.047,Intermediate,0,5,315.8,28.535,34.978,28.535
Miami GP,Oscar Piastri,McLaren,81,31,91.737,Medium,0,6,313.9,28.438,34.86,28.438
Miami GP,Oscar Piastri,McLaren,81,32,91.945,Soft,0,4,296.8,28.503,34.939,28.503
Miami GP,Oscar Piastri,McLaren,81,33,92.009,Soft,0,7,312.2,28.523,34.963,28.523
Miami GP,Oscar Piastri,McLaren,81,34,91.798,Intermediate,0,5,334.1,28.457,34.883,28.457
Miami GP,Oscar Piastri,McLaren,81,35,92.167,Hard,0,5,332.3,28.572,35.023,28.572
Miami GP,Oscar Piastri,McLaren,81,36,92.734,Soft,0,2,310.9,28.748,35.239,28.748
Miami GP,Oscar Piastri,McLaren,81,37,91.877,Hard,0,5,318.2,28.482,34.913,28.482
Miami GP,Oscar Piastri,McLaren,81,38,92.471,Soft,0,3,304.9,28.666,35.139,28.666
Miami GP,Oscar Piastri,McLaren,81,39,92.212,Intermediate,0,3,307.8,28.586,35.041,28.586
Miami GP,Oscar Piastri,McLaren,81,40,91.726,Hard,0,3,295.9,28.435,34.856,28.435
Miami GP,Oscar Piastri,McLaren,81,41,92.125,Medium,0,2,344.9,28.559,35.008,28.559
Miami GP,Oscar Piastri,McLaren,81,42,92.3,Soft,1,9,297.3,28.613,35.074,28.613
Miami GP,Oscar Piastri,McLaren,81,43,92.304,Medium,0,7,335.2,28.614,35.076,28.614
Miami GP,Oscar Piastri,McLaren,81,44,91.924,Hard,0,8,327.3,28.496,34.931,28.496
Miami GP,Oscar Piastri,McLaren,81,45,91.787,Medium,0,2,298.2,28.454,34.879,28.454
Miami GP,Oscar Piastri,McLaren,81,46,91.402,Soft,0,5,313.6,28.335,34.733,28.335
Miami GP,Oscar Piastri,McLaren,81,47,91.826,Medium,0,2,333.3,28.466,34.894,28.466
Miami GP,Oscar Piastri,McLaren,81,48,91.685,Medium,0,3,348.3,28.422,34.84,28.422
Miami GP,Oscar Piastri,McLaren,81,49,91.929,Medium,0,3,342.5,28.498,34.933,28.498
Miami GP,Oscar Piastri,McLaren,81,50,92.445,Medium,0,7,331.4,28.658,35.129,28.658
Miami GP,Oscar Piastri,McLaren,81,51,92.354,Medium,0,4,297.4,28.63,35.095,28.63
Miami GP,Oscar Piastri,McLaren,81,52,92.293,Soft,0,7,345.9,28.611,35.071,28.611
Miami GP,Oscar Piastri,McLaren,81,53,91.554,Soft,0,6,301.6,28.382,34.791,28.382
Miami GP,Oscar Piastri,McLaren,81,54,91.551,Soft,0,9,336.9,28.381,34.789,28.381
Miami GP,Oscar Piastri,McLaren,81,55,91.397,Soft,0,2,303.2,28.333,34.731,28.333
Miami GP,Oscar Piastri,McLaren,81,56,91.994,Hard,0,7,295.7,28.518,34.958,28.518
Miami GP,George Russell,Mercedes-AMG,63,1,91.097,Medium,0,8,295.6,28.24,34.617,28.24
Miami GP,George Russell,Mercedes-AMG,63,2,90.978,Medium,0,4,295.9,28.203,34.572,28.203
Miami GP,George Russell,Mercedes-AMG,63,3,91.808,Medium,0,8,296.5,28.46,34.887,28.46
Miami GP,George Russell,Mercedes-AMG,63,4,91.587,Soft,0,6,332.4,28.392,34.803,28.392
Miami GP,George Russell,Mercedes-AMG,63,5,91.674,Medium,0,5,314.1,28.419,34.836,28.419
Miami GP,George Russell,Mercedes-AMG,63,6,91.288,Soft,0,4,299.1,28.299,34.689,28.299
Miami GP,George Russell,Mercedes-AMG,63,7,91.253,Medium,0,4,334.0,28.288,34.676,28.288
Miami GP,George Russell,Mercedes-AMG,63,8,91.373,Soft,0,10,333.2,28.326,34.722,28.326
Miami GP,George Russell,Mercedes-AMG,63,9,91.319,Medium,0,6,336.7,28.309,34.701,28.309
Miami GP,George Russell,Mercedes-AMG,63,10,91.726,Medium,0,7,326.9,28.435,34.856,28.435
Miami GP,George Russell,Mercedes-AMG,63,11,91.856,Medium,0,4,343.5,28.475,34.905,28.475
Miami GP,George Russell,Mercedes-AMG,63,12,91.637,Medium,0,4,347.5,28.407,34.822,28.407
Miami GP,George Russell,Mercedes-AMG,63,13,91.199,Soft,0,8,349.7,28.272,34.656,28.272
Miami GP,George Russell,Mercedes-AMG,63,14,92.049,Soft,0,3,308.4,28.535,34.979,28.535
Miami GP,George Russell,Mercedes-AMG,63,15,90.852,Soft,0,5,328.2,28.164,34.524,28.164
Miami GP,George Russell,Mercedes-AMG,63,16,91.364,Hard,0,6,333.0,28.323,34.718,28.323
Miami GP,George Russell,Mercedes-AMG,63,17,91.713,Soft,0,6,310.9,28.431,34.851,28.431
Miami GP,George Russell,Mercedes-AMG,63,18,91.344,Soft,0,5,337.0,28.317,34.711,28.317
Miami GP,George Russell,Mercedes-AMG,63,19,92.37,Medium,0,6,309.2,28.635,35.101,28.635
Miami GP,George Russell,Mercedes-AMG,63,20,91.473,Intermediate,1,7,307.3,28.357,34.76,28.357
Miami GP,George Russell,Mercedes-AMG,63,21,91.419,Soft,0,7,296.2,28.34,34.739,28.34
Miami GP,George Russell,Mercedes-AMG,63,22,91.814,Soft,0,4,307.5,28.462,34.889,28.462
Miami GP,George Russell,Mercedes-AMG,63,23,91.122,Soft,0,5,322.2,28.248,34.626,28.248
Miami GP,George Russell,Mercedes-AMG,63,24,91.474,Hard,0,8,339.0,28.357,34.76,28.357
Miami GP,George Russell,Mercedes-AMG,63,25,91.571,Soft,0,7,333.0,28.387,34.797,28.387
Miami GP,George Russell,Mercedes-AMG,63,26,91.068,Intermediate,0,3,319.0,28.231,34.606,28.231
Miami GP,George Russell,Mercedes-AMG,63,27,91.872,Soft,0,6,334.4,28.48,34.911,28.48
Miami GP,George Russell,Mercedes-AMG,63,28,91.77,Soft,0,2,305.1,28.449,34.873,28.449
Miami GP,George Russell,Mercedes-AMG,63,29,91.516,Soft,0,6,322.1,28.37,34.776,28.37
Miami GP,George Russell,Mercedes-AMG,63,30,90.98,Soft,0,9,333.5,28.204,34.572,28.204
Miami GP,George Russell,Mercedes-AMG,63,31,91.733,Soft,0,4,296.6,28.437,34.859,28.437
Miami GP,George Russell,Mercedes-AMG,63,32,91.341,Soft,0,4,338.9,28.316,34.71,28.316
Miami GP,George Russell,Mercedes-AMG,63,33,91.149,Medium,0,7,302.4,28.256,34.637,28.256
Miami GP,George Russell,Mercedes-AMG,63,34,91.701,Medium,0,2,335.0,28.427,34.846,28.427
Miami GP,George Russell,Mercedes-AMG,63,35,91.613,Hard,0,4,321.0,28.4,34.813,28.4
Miami GP,George Russell,Mercedes-AMG,63,36,91.432,Medium,0,7,326.3,28.344,34.744,28.344
Miami GP,George Russell,Mercedes-AMG,63,37,91.428,Soft,0,4,308.5,28.343,34.743,28.343
Miami GP,George Russell,Mercedes-AMG,63,38,91.433,Wet,0,5,343.6,28.344,34.745,28.344
Miami GP,George Russell,Mercedes-AMG,63,39,92.095,Soft,0,7,309.7,28.549,34.996,28.549
Miami GP,George Russell,Mercedes-AMG,63,40,91.254,Medium,0,6,349.0,28.289,34.677,28.289
Miami GP,George Russell,Mercedes-AMG,63,41,91.947,Hard,0,6,309.2,28.504,34.94,28.504
Miami GP,George Russell,Mercedes-AMG,63,42,91.646,Hard,0,5,295.8,28.41,34.825,28.41
Miami GP,George Russell,Mercedes-AMG,63,43,92.083,Soft,0,6,337.6,28.546,34.992,28.546
Miami GP,George Russell,Mercedes-AMG,63,44,91.182,Hard,1,5,344.1,28.266,34.649,28.266
Miami GP,George Russell,Mercedes-AMG,63,45,91.034,Medium,0,6,339.3,28.221,34.593,28.221
Miami GP,George Russell,Mercedes-AMG,63,46,92.02,Medium,0,5,325.9,28.526,34.968,28.526
Miami GP,George Russell,Mercedes-AMG,63,47,91.139,Hard,0,5,332.7,28.253,34.633,28.253
Miami GP,George Russell,Mercedes-AMG,63,48,92.384,Hard,0,4,345.0,28.639,35.106,28.639
Miami GP,George Russell,Mercedes-AMG,63,49,91.09,Hard,0,5,313.8,28.238,34.614,28.238
Miami GP,George Russell,Mercedes-AMG,63,50,92.128,Soft,0,4,337.6,28.56,35.009,28.56
Miami GP,George Russell,Mercedes-AMG,63,51,91.365,Medium,0,3,330.7,28.323,34.719,28.323
Miami GP,George Russell,Mercedes-AMG,63,52,91.378,Hard,0,6,316.3,28.327,34.724,28.327
Miami GP,George Russell,Mercedes-AMG,63,53,90.937,Hard,0,6,326.7,28.19,34.556,28.19
Miami GP,George Russell,Mercedes-AMG,63,54,91.263,Wet,0,7,348.5,28.292,34.68,28.292
Miami GP,George Russell,Mercedes-AMG,63,55,91.701,Medium,0,5,332.8,28.427,34.846,28.427
Miami GP,George Russell,Mercedes-AMG,63,56,91.819,Soft,0,6,308.3,28.464,34.891,28.464
Miami GP,George Russell,Mercedes-AMG,63,57,92.038,Medium,0,7,316.7,28.532,34.974,28.532
Miami GP,George Russell,Mercedes-AMG,63,58,91.341,Medium,0,6,317.9,28.316,34.71,28.316
Miami GP,George Russell,Mercedes-AMG,63,59,90.869,Medium,0,4,344.5,28.169,34.53,28.169
Miami GP,George Russell,Mercedes-AMG,63,60,91.219,Soft,0,6,331.6,28.278,34.663,28.278
Miami GP,George Russell,Mercedes-AMG,63,61,91.641,Medium,0,6,314.4,28.409,34.824,28.409
Miami GP,George Russell,Mercedes-AMG,63,62,91.218,Soft,0,6,316.3,28.278,34.663,28.278
Miami GP,George Russell,Mercedes-AMG,63,63,91.639,Medium,0,1,342.1,28.408,34.823,28.408
Miami GP,George Russell,Mercedes-AMG,63,64,91.597,Medium,0,6,309.0,28.395,34.807,28.395
Miami GP,George Russell,Mercedes-AMG,63,65,91.804,Hard,0,10,298.8,28.459,34.886,28.459
Miami GP,George Russell,Mercedes-AMG,63,66,90.985,Hard,0,5,306.1,28.205,34.574,28.205
Miami GP,George Russell,Mercedes-AMG,63,67,92.161,Soft,0,4,341.0,28.57,35.021,28.57
Miami GP,George Russell,Mercedes-AMG,63,68,91.77,Medium,0,6,317.5,28.449,34.873,28.449
Miami GP,George Russell,Mercedes-AMG,63,69,91.232,Intermediate,0,6,345.4,28.282,34.668,28.282
Miami GP,George Russell,Mercedes-AMG,63,70,90.963,Hard,0,8,324.7,28.199,34.566,28.199
Miami GP,George Russell,Mercedes-AMG,63,71,91.415,Hard,0,3,306.7,28.339,34.738,28.339
Miami GP,George Russell,Mercedes-AMG,63,72,91.515,Soft,0,7,327.8,28.37,34.776,28.37
Miami GP,George Russell,Mercedes-AMG,63,73,91.207,Wet,0,7,309.8,28.274,34.659,28.274
Miami GP,George Russell,Mercedes-AMG,63,74,91.591,Medium,0,5,312.5,28.393,34.805,28.393
Miami GP,George Russell,Mercedes-AMG,63,75,91.369,Hard,1,6,311.5,28.324,34.72,28.324
Miami GP,George Russell,Mercedes-AMG,63,76,91.277,Medium,0,8,326.5,28.296,34.685,28.296
Miami GP,George Russell,Mercedes-AMG,63,77,91.41,Medium,0,7,297.5,28.337,34.736,28.337
Miami GP,Fernando Alonso,Aston Martin,14,1,92.59,Soft,0,4,339.1,28.703,35.184,28.703
Miami GP,Fernando Alonso,Aston Martin,14,2,92.53,Wet,0,8,313.3,28.684,35.161,28.684
Miami GP,Fernando Alonso,Aston Martin,14,3,92.914,Medium,0,6,303.4,28.803,35.307,28.803
Miami GP,Fernando Alonso,Aston Martin,14,4,92.754,Hard,0,7,310.7,28.754,35.247,28.754
Miami GP,Fernando Alonso,Aston Martin,14,5,92.687,Intermediate,0,7,331.1,28.733,35.221,28.733
Miami GP,Fernando Alonso,Aston Martin,14,6,92.536,Soft,0,6,334.7,28.686,35.164,28.686
Miami GP,Fernando Alonso,Aston Martin,14,7,92.551,Hard,0,9,338.3,28.691,35.169,28.691
Miami GP,Fernando Alonso,Aston Martin,14,8,93.011,Soft,0,6,303.8,28.833,35.344,28.833
Miami GP,Fernando Alonso,Aston Martin,14,9,92.985,Soft,0,4,334.7,28.825,35.334,28.825
Miami GP,Fernando Alonso,Aston Martin,14,10,93.03,Soft,0,6,341.1,28.839,35.351,28.839
Miami GP,Fernando Alonso,Aston Martin,14,11,92.584,Hard,0,7,305.6,28.701,35.182,28.701
Miami GP,Fernando Alonso,Aston Martin,14,12,92.398,Medium,0,9,315.4,28.643,35.111,28.643
Miami GP,Fernando Alonso,Aston Martin,14,13,92.772,Soft,0,8,343.7,28.759,35.253,28.759
Miami GP,Fernando Alonso,Aston Martin,14,14,93.007,Medium,0,5,327.7,28.832,35.343,28.832
Miami GP,Fernando Alonso,Aston Martin,14,15,92.886,Soft,0,11,334.9,28.795,35.297,28.795
Miami GP,Fernando Alonso,Aston Martin,14,16,92.551,Medium,0,7,348.9,28.691,35.169,28.691
Miami GP,Fernando Alonso,Aston Martin,14,17,92.924,Medium,0,9,334.0,28.806,35.311,28.806
Miami GP,Fernando Alonso,Aston Martin,14,18,92.582,Hard,0,6,329.5,28.7,35.181,28.7
Miami GP,Fernando Alonso,Aston Martin,14,19,93.069,Soft,0,8,349.1,28.851,35.366,28.851
Miami GP,Fernando Alonso,Aston Martin,14,20,92.651,Hard,0,8,322.3,28.722,35.207,28.722
Miami GP,Fernando Alonso,Aston Martin,14,21,92.821,Wet,0,9,324.7,28.775,35.272,28.775
Miami GP,Fernando Alonso,Aston Martin,14,22,92.919,Medium,0,9,314.4,28.805,35.309,28.805
Miami GP,Fernando Alonso,Aston Martin,14,23,92.678,Medium,0,8,315.3,28.73,35.218,28.73
Miami GP,Fernando Alonso,Aston Martin,14,24,93.146,Soft,0,6,325.3,28.875,35.395,28.875
Miami GP,Fernando Alonso,Aston Martin,14,25,93.042,Hard,0,5,332.7,28.843,35.356,28.843
Miami GP,Fernando Alonso,Aston Martin,14,26,92.518,Medium,0,7,304.9,28.681,35.157,28.681
Miami GP,Fernando Alonso,Aston Martin,14,27,92.64,Soft,0,8,300.5,28.718,35.203,28.718
Miami GP,Fernando Alonso,Aston Martin,14,28,92.778,Soft,0,6,339.9,28.761,35.256,28.761
Miami GP,Fernando Alonso,Aston Martin,14,29,92.859,Intermediate,0,9,334.3,28.786,35.286,28.786
Miami GP,Fernando Alonso,Aston Martin,14,30,92.512,Medium,0,9,321.5,28.679,35.155,28.679
Miami GP,Fernando Alonso,Aston Martin,14,31,92.434,Medium,0,5,307.3,28.655,35.125,28.655
Miami GP,Fernando Alonso,Aston Martin,14,32,92.685,Medium,0,5,308.3,28.732,35.22,28.732
Miami GP,Fernando Alonso,Aston Martin,14,33,92.54,Medium,0,6,342.4,28.687,35.165,28.687
Miami GP,Fernando Alonso,Aston Martin,14,34,92.628,Medium,0,7,295.7,28.715,35.199,28.715
Miami GP,Fernando Alonso,Aston Martin,14,35,92.814,Hard,0,5,300.5,28.772,35.269,28.772
Miami GP,Fernando Alonso,Aston Martin,14,36,92.223,Hard,0,9,319.2,28.589,35.045,28.589
Miami GP,Fernando Alonso,Aston Martin,14,37,92.706,Medium,0,7,323.4,28.739,35.228,28.739
Miami GP,Fernando Alonso,Aston Martin,14,38,92.538,Wet,0,7,306.5,28.687,35.164,28.687
Miami GP,Fernando Alonso,Aston Martin,14,39,92.364,Medium,0,4,330.8,28.633,35.098,28.633
Miami GP,Fernando Alonso,Aston Martin,14,40,93.025,Wet,0,4,341.8,28.838,35.349,28.838
Miami GP,Fernando Alonso,Aston Martin,14,41,93.389,Soft,0,7,340.1,28.951,35.488,28.951
Miami GP,Fernando Alonso,Aston Martin,14,42,92.8,Medium,0,2,329.0,28.768,35.264,28.768
Miami GP,Fernando Alonso,Aston Martin,14,43,92.499,Medium,0,9,339.2,28.675,35.15,28.675
Miami GP,Fernando Alonso,Aston Martin,14,44,92.906,Soft,0,6,326.6,28.801,35.304,28.801
Miami GP,Fernando Alonso,Aston Martin,14,45,92.945,Soft,0,13,334.9,28.813,35.319,28.813
Miami GP,Fernando Alonso,Aston Martin,14,46,93.468,Soft,0,11,346.6,28.975,35.518,28.975
Miami GP,Fernando Alonso,Aston Martin,14,47,93.253,Medium,0,6,342.8,28.908,35.436,28.908
Miami GP,Fernando Alonso,Aston Martin,14,48,93.061,Medium,0,6,328.1,28.849,35.363,28.849
Miami GP,Fernando Alonso,Aston Martin,14,49,92.52,Medium,0,8,337.6,28.681,35.158,28.681
Miami GP,Fernando Alonso,Aston Martin,14,50,92.346,Hard,0,10,325.8,28.627,35.091,28.627
Miami GP,Fernando Alonso,Aston Martin,14,51,93.042,Soft,0,3,311.5,28.843,35.356,28.843
Miami GP,Fernando Alonso,Aston Martin,14,52,93.586,Soft,0,3,329.5,29.012,35.563,29.012
Miami GP,Fernando Alonso,Aston Martin,14,53,92.724,Hard,0,5,347.1,28.744,35.235,28.744
Miami GP,Fernando Alonso,Aston Martin,14,54,92.981,Hard,0,8,316.4,28.824,35.333,28.824
Miami GP,Fernando Alonso,Aston Martin,14,55,92.611,Medium,0,7,330.8,28.709,35.192,28.709
Miami GP,Fernando Alonso,Aston Martin,14,56,93.359,Intermediate,0,9,318.4,28.941,35.476,28.941
Miami GP,Fernando Alonso,Aston Martin,14,57,92.254,Soft,0,4,299.2,28.599,35.057,28.599
Miami GP,Fernando Alonso,Aston Martin,14,58,92.599,Medium,0,2,344.0,28.706,35.188,28.706
Miami GP,Fernando Alonso,Aston Martin,14,59,92.806,Hard,0,8,316.3,28.77,35.266,28.77
Miami GP,Fernando Alonso,Aston Martin,14,60,92.587,Medium,0,5,339.6,28.702,35.183,28.702
Miami GP,Fernando Alonso,Aston Martin,14,61,93.095,Medium,0,2,324.5,28.859,35.376,28.859
Miami GP,Fernando Alonso,Aston Martin,14,62,93.374,Wet,0,7,339.7,28.946,35.482,28.946
Miami GP,Fernando Alonso,Aston Martin,14,63,92.865,Intermediate,0,8,326.6,28.788,35.289,28.788
Miami GP,Fernando Alonso,Aston Martin,14,64,92.458,Medium,0,6,317.9,28.662,35.134,28.662
Miami GP,Fernando Alonso,Aston Martin,14,65,92.725,Medium,0,6,317.8,28.745,35.235,28.745
Miami GP,Fernando Alonso,Aston Martin,14,66,93.106,Hard,0,6,310.3,28.863,35.38,28.863
Miami GP,Fernando Alonso,Aston Martin,14,67,92.849,Soft,0,6,309.8,28.783,35.283,28.783
Miami GP,Fernando Alonso,Aston Martin,14,68,92.996,Hard,0,4,325.5,28.829,35.338,28.829
Miami GP,Fernando Alonso,Aston Martin,14,69,92.896,Soft,0,5,342.5,28.798,35.3,28.798
Miami GP,Fernando Alonso,Aston Martin,14,70,92.634,Soft,0,8,301.6,28.717,35.201,28.717
Miami GP,Fernando Alonso,Aston Martin,14,71,92.371,Soft,0,7,298.4,28.635,35.101,28.635
Miami GP,Fernando Alonso,Aston Martin,14,72,92.866,Medium,0,7,302.7,28.788,35.289,28.788
Miami GP,Fernando Alonso,Aston Martin,14,73,92.722,Medium,0,5,336.3,28.744,35.234,28.744
Miami GP,Yuki Tsunoda,RB,22,1,88.954,Hard,0,7,314.6,27.576,33.803,27.576
Miami GP,Yuki Tsunoda,RB,22,2,88.823,Medium,0,3,339.7,27.535,33.753,27.535
Miami GP,Yuki Tsunoda,RB,22,3,88.39,Intermediate,0,8,312.8,27.401,33.588,27.401
Miami GP,Yuki Tsunoda,RB,22,4,88.742,Soft,0,10,340.7,27.51,33.722,27.51
Miami GP,Yuki Tsunoda,RB,22,5,89.371,Soft,0,5,317.0,27.705,33.961,27.705
Miami GP,Yuki Tsunoda,RB,22,6,89.282,Soft,0,6,311.5,27.677,33.927,27.677
Miami GP,Yuki Tsunoda,RB,22,7,88.616,Intermediate,0,8,315.8,27.471,33.674,27.471
Miami GP,Yuki Tsunoda,RB,22,8,88.931,Medium,0,10,303.2,27.569,33.794,27.569
Miami GP,Yuki Tsunoda,RB,22,9,89.096,Medium,0,7,323.4,27.62,33.856,27.62
Miami GP,Yuki Tsunoda,RB,22,10,88.577,Hard,0,6,295.8,27.459,33.659,27.459
Miami GP,Yuki Tsunoda,RB,22,11,88.924,Hard,0,4,300.2,27.566,33.791,27.566
Miami GP,Yuki Tsunoda,RB,22,12,88.946,Medium,0,8,298.3,27.573,33.799,27.573
Miami GP,Yuki Tsunoda,RB,22,13,88.871,Soft,0,12,312.9,27.55,33.771,27.55
Miami GP,Yuki Tsunoda,RB,22,14,88.957,Medium,0,8,329.7,27.577,33.804,27.577
Miami GP,Yuki Tsunoda,RB,22,15,88.827,Medium,0,7,297.5,27.536,33.754,27.536
Miami GP,Yuki Tsunoda,RB,22,16,89.062,Medium,0,8,336.9,27.609,33.844,27.609
Miami GP,Yuki Tsunoda,RB,22,17,88.849,Hard,0,7,342.5,27.543,33.763,27.543
Miami GP,Yuki Tsunoda,RB,22,18,89.399,Soft,0,6,304.9,27.714,33.972,27.714
Miami GP,Yuki Tsunoda,RB,22,19,88.509,Soft,0,9,305.2,27.438,33.633,27.438
Miami GP,Yuki Tsunoda,RB,22,20,89.98,Hard,0,8,345.0,27.894,34.192,27.894
Miami GP,Yuki Tsunoda,RB,22,21,89.376,Soft,0,8,335.7,27.707,33.963,27.707
Miami GP,Yuki Tsunoda,RB,22,22,88.507,Medium,0,6,297.0,27.437,33.633,27.437
Miami GP,Yuki Tsunoda,RB,22,23,88.88,Medium,0,10,296.1,27.553,33.774,27.553
Miami GP,Yuki Tsunoda,RB,22,24,89.074,Hard,0,9,302.7,27.613,33.848,27.613
Miami GP,Yuki Tsunoda,RB,22,25,88.77,Soft,0,6,307.8,27.519,33.733,27.519
Miami GP,Yuki Tsunoda,RB,22,26,88.563,Medium,0,10,331.0,27.455,33.654,27.455
Miami GP,Yuki Tsunoda,RB,22,27,89.367,Hard,0,7,301.3,27.704,33.959,27.704
Miami GP,Yuki Tsunoda,RB,22,28,88.709,Soft,0,6,305.6,27.5,33.709,27.5
Miami GP,Yuki Tsunoda,RB,22,29,88.984,Intermediate,0,6,338.8,27.585,33.814,27.585
Miami GP,Yuki Tsunoda,RB,22,30,89.049,Medium,0,4,332.4,27.605,33.839,27.605
Miami GP,Yuki Tsunoda,RB,22,31,88.666,Medium,0,8,337.5,27.486,33.693,27.486
Miami GP,Yuki Tsunoda,RB,22,32,88.933,Soft,0,4,327.1,27.569,33.795,27.569
Miami GP,Yuki Tsunoda,RB,22,33,88.661,Hard,0,5,308.6,27.485,33.691,27.485
Miami GP,Yuki Tsunoda,RB,22,34,88.898,Intermediate,0,3,310.2,27.558,33.781,27.558
Miami GP,Yuki Tsunoda,RB,22,35,88.888,Soft,0,7,340.9,27.555,33.777,27.555
Miami GP,Yuki Tsunoda,RB,22,36,88.496,Medium,0,7,315.4,27.434,33.628,27.434
Miami GP,Yuki Tsunoda,RB,22,37,88.668,Medium,0,7,347.8,27.487,33.694,27.487
Miami GP,Yuki Tsunoda,RB,22,38,89.555,Medium,0,5,317.9,27.762,34.031,27.762
Miami GP,Yuki Tsunoda,RB,22,39,89.115,Medium,0,5,317.2,27.626,33.864,27.626
Miami GP,Yuki Tsunoda,RB,22,40,89.364,Hard,0,8,345.8,27.703,33.958,27.703
Miami GP,Yuki Tsunoda,RB,22,41,88.919,Soft,0,6,325.9,27.565,33.789,27.565
Miami GP,Yuki Tsunoda,RB,22,42,89.106,Hard,0,8,343.9,27.623,33.86,27.623
Miami GP,Yuki Tsunoda,RB,22,43,88.788,Intermediate,0,6,322.2,27.524,33.739,27.524
Miami GP,Yuki Tsunoda,RB,22,44,88.731,Soft,0,8,342.5,27.507,33.718,27.507
Miami GP,Yuki Tsunoda,RB,22,45,89.679,Medium,0,10,312.8,27.8,34.078,27.8
Miami GP,Yuki Tsunoda,RB,22,46,88.718,Medium,0,9,336.2,27.503,33.713,27.503
Miami GP,Yuki Tsunoda,RB,22,47,88.395,Hard,0,7,335.2,27.402,33.59,27.402
Miami GP,Yuki Tsunoda,RB,22,48,88.938,Medium,0,8,338.3,27.571,33.796,27.571
Miami GP,Yuki Tsunoda,RB,22,49,88.97,Soft,0,7,299.6,27.581,33.809,27.581
Miami GP,Yuki Tsunoda,RB,22,50,89.643,Soft,1,8,299.9,27.789,34.064,27.789
Miami GP,Yuki Tsunoda,RB,22,51,89.16,Medium,0,7,298.2,27.64,33.881,27.64
Miami GP,Yuki Tsunoda,RB,22,52,89.451,Intermediate,0,7,324.5,27.73,33.991,27.73
Miami GP,Yuki Tsunoda,RB,22,53,90.098,Intermediate,0,8,325.6,27.93,34.237,27.93
Miami GP,Yuki Tsunoda,RB,22,54,88.899,Soft,0,6,348.9,27.559,33.782,27.559
Miami GP,Yuki Tsunoda,RB,22,55,88.629,Hard,0,5,316.8,27.475,33.679,27.475
Miami GP,Yuki Tsunoda,RB,22,56,89.293,Hard,0,5,316.4,27.681,33.931,27.681
Miami GP,Yuki Tsunoda,RB,22,57,88.867,Intermediate,0,4,327.9,27.549,33.769,27.549
Miami GP,Yuki Tsunoda,RB,22,58,89.209,Hard,0,5,295.6,27.655,33.899,27.655
Miami GP,Yuki Tsunoda,RB,22,59,88.714,Hard,0,8,349.6,27.501,33.711,27.501
Miami GP,Yuki Tsunoda,RB,22,60,88.785,Intermediate,0,6,326.2,27.523,33.738,27.523
Miami GP,Yuki Tsunoda,RB,22,61,89.016,Hard,0,9,332.5,27.595,33.826,27.595
Miami GP,Yuki Tsunoda,RB,22,62,88.797,Soft,0,8,347.6,27.527,33.743,27.527
Miami GP,Yuki Tsunoda,RB,22,63,89.2,Medium,0,4,317.1,27.652,33.896,27.652
Miami GP,Yuki Tsunoda,RB,22,64,89.091,Medium,0,9,305.7,27.618,33.855,27.618
Miami GP,Alexander Albon,Williams,23,1,90.585,Medium,0,10,331.1,28.081,34.422,28.081
Miami GP,Alexander Albon,Williams,23,2,90.002,Hard,0,7,297.5,27.901,34.201,27.901
Miami GP,Alexander Albon,Williams,23,3,89.751,Soft,0,9,322.1,27.823,34.105,27.823
Miami GP,Alexander Albon,Williams,23,4,90.689,Intermediate,0,7,300.7,28.114,34.462,28.114
Miami GP,Alexander Albon,Williams,23,5,90.426,Hard,0,9,337.4,28.032,34.362,28.032
Miami GP,Alexander Albon,Williams,23,6,90.52,Intermediate,0,6,303.3,28.061,34.398,28.061
Miami GP,Alexander Albon,Williams,23,7,90.826,Medium,0,5,350.0,28.156,34.514,28.156
Miami GP,Alexander Albon,Williams,23,8,90.543,Soft,0,8,301.7,28.068,34.406,28.068
Miami GP,Alexander Albon,Williams,23,9,90.706,Intermediate,0,8,325.4,28.119,34.468,28.119
Miami GP,Alexander Albon,Williams,23,10,90.259,Soft,0,8,298.4,27.98,34.298,27.98
Miami GP,Alexander Albon,Williams,23,11,90.619,Medium,0,6,306.3,28.092,34.435,28.092
Miami GP,Alexander Albon,Williams,23,12,90.116,Medium,0,8,338.5,27.936,34.244,27.936
Miami GP,Alexander Albon,Williams,23,13,89.996,Hard,0,9,345.9,27.899,34.198,27.899
Miami GP,Alexander Albon,Williams,23,14,90.513,Medium,0,8,303.9,28.059,34.395,28.059
Miami GP,Alexander Albon,Williams,23,15,90.05,Hard,0,9,341.8,27.915,34.219,27.915
Miami GP,Alexander Albon,Williams,23,16,90.872,Intermediate,0,7,337.5,28.17,34.531,28.17
Miami GP,Alexander Albon,Williams,23,17,90.792,Medium,0,11,315.9,28.146,34.501,28.146
Miami GP,Alexander Albon,Williams,23,18,90.004,Medium,0,6,297.1,27.901,34.202,27.901
Miami GP,Alexander Albon,Williams,23,19,90.984,Hard,0,9,301.7,28.205,34.574,28.205
Miami GP,Alexander Albon,Williams,23,20,90.594,Soft,0,11,343.2,28.084,34.426,28.084
Miami GP,Alexander Albon,Williams,23,21,89.859,Medium,0,9,297.8,27.856,34.146,27.856
Miami GP,Alexander Albon,Williams,23,22,90.694,Soft,0,8,308.9,28.115,34.464,28.115
Miami GP,Alexander Albon,Williams,23,23,91.112,Soft,0,7,335.7,28.245,34.623,28.245
Miami GP,Alexander Albon,Williams,23,24,90.354,Soft,0,11,346.4,28.01,34.335,28.01
Miami GP,Alexander Albon,Williams,23,25,90.936,Medium,0,6,323.9,28.19,34.556,28.19
Miami GP,Alexander Albon,Williams,23,26,90.256,Medium,0,7,349.0,27.979,34.297,27.979
Miami GP,Alexander Albon,Williams,23,27,90.495,Medium,0,8,318.8,28.053,34.388,28.053
Miami GP,Alexander Albon,Williams,23,28,90.644,Soft,0,11,337.8,28.1,34.445,28.1
Miami GP,Alexander Albon,Williams,23,29,90.686,Soft,0,9,320.1,28.113,34.461,28.113
Miami GP,Alexander Albon,Williams,23,30,90.478,Medium,0,7,296.4,28.048,34.382,28.048
Miami GP,Alexander Albon,Williams,23,31,90.272,Hard,0,8,311.2,27.984,34.303,27.984
Miami GP,Alexander Albon,Williams,23,32,89.994,Wet,0,7,323.0,27.898,34.198,27.898
Miami GP,Alexander Albon,Williams,23,33,90.091,Hard,0,7,319.5,27.928,34.235,27.928
Miami GP,Alexander Albon,Williams,23,34,90.235,Medium,0,10,317.5,27.973,34.289,27.973
Miami GP,Alexander Albon,Williams,23,35,90.73,Hard,0,6,321.7,28.126,34.477,28.126
Miami GP,Alexander Albon,Williams,23,36,90.233,Soft,0,12,301.7,27.972,34.289,27.972
Miami GP,Alexander Albon,Williams,23,37,90.035,Soft,0,10,325.6,27.911,34.213,27.911
Miami GP,Alexander Albon,Williams,23,38,90.074,Medium,0,11,323.9,27.923,34.228,27.923
Miami GP,Alexander Albon,Williams,23,39,90.762,Soft,0,8,310.0,28.136,34.49,28.136
Miami GP,Alexander Albon,Williams,23,40,90.46,Medium,0,8,307.5,28.043,34.375,28.043
Miami GP,Alexander Albon,Williams,23,41,90.743,Medium,0,6,340.4,28.13,34.482,28.13
Miami GP,Alexander Albon,Williams,23,42,90.887,Intermediate,0,7,304.1,28.175,34.537,28.175
Miami GP,Alexander Albon,Williams,23,43,89.847,Intermediate,0,9,301.5,27.853,34.142,27.853
Miami GP,Alexander Albon,Williams,23,44,90.904,Soft,0,11,323.8,28.18,34.544,28.18
Miami GP,Alexander Albon,Williams,23,45,90.191,Hard,0,6,344.2,27.959,34.273,27.959
Miami GP,Alexander Albon,Williams,23,46,90.848,Hard,1,8,308.3,28.163,34.522,28.163
Miami GP,Alexander Albon,Williams,23,47,90.892,Soft,0,8,336.9,28.177,34.539,28.177
Miami GP,Alexander Albon,Williams,23,48,90.368,Medium,1,6,339.0,28.014,34.34,28.014
Miami GP,Alexander Albon,Williams,23,49,90.312,Medium,0,10,299.7,27.997,34.319,27.997
Miami GP,Alexander Albon,Williams,23,50,89.937,Medium,0,7,330.3,27.88,34.176,27.88
Miami GP,Alexander Albon,Williams,23,51,90.06,Medium,0,8,331.7,27.919,34.223,27.919
Miami GP,Alexander Albon,Williams,23,52,90.578,Hard,0,8,308.8,28.079,34.42,28.079
Miami GP,Alexander Albon,Williams,23,53,90.365,Medium,0,7,339.8,28.013,34.339,28.013
Miami GP,Alexander Albon,Williams,23,54,90.721,Hard,0,8,333.4,28.124,34.474,28.124
Miami GP,Alexander Albon,Williams,23,55,90.193,Medium,0,8,340.9,27.96,34.273,27.96
Miami GP,Alexander Albon,Williams,23,56,89.7,Soft,0,8,323.6,27.807,34.086,27.807
Miami GP,Alexander Albon,Williams,23,57,89.728,Soft,0,7,318.1,27.816,34.097,27.816
Miami GP,Alexander Albon,Williams,23,58,90.645,Medium,0,9,299.6,28.1,34.445,28.1
Miami GP,Alexander Albon,Williams,23,59,90.194,Intermediate,0,12,331.5,27.96,34.274,27.96
Miami GP,Nico Hulkenberg,Kick Sauber,27,1,88.333,Soft,0,10,305.7,27.383,33.567,27.383
Miami GP,Nico Hulkenberg,Kick Sauber,27,2,88.316,Medium,0,11,311.3,27.378,33.56,27.378
Miami GP,Nico Hulkenberg,Kick Sauber,27,3,89.007,Hard,0,7,312.8,27.592,33.823,27.592
Miami GP,Nico Hulkenberg,Kick Sauber,27,4,88.878,Soft,0,10,344.6,27.552,33.774,27.552
Miami GP,Nico Hulkenberg,Kick Sauber,27,5,88.693,Hard,0,7,299.4,27.495,33.703,27.495
Miami GP,Nico Hulkenberg,Kick Sauber,27,6,88.934,Medium,0,7,328.0,27.57,33.795,27.57
Miami GP,Nico Hulkenberg,Kick Sauber,27,7,88.596,Soft,0,8,316.1,27.465,33.666,27.465
Miami GP,Nico Hulkenberg,Kick Sauber,27,8,88.692,Soft,0,12,315.3,27.495,33.703,27.495
Miami GP,Nico Hulkenberg,Kick Sauber,27,9,89.016,Soft,0,11,329.1,27.595,33.826,27.595
Miami GP,Nico Hulkenberg,Kick Sauber,27,10,88.692,Soft,0,10,341.7,27.495,33.703,27.495
Miami GP,Nico Hulkenberg,Kick Sauber,27,11,89.341,Soft,0,6,307.4,27.696,33.95,27.696
Miami GP,Nico Hulkenberg,Kick Sauber,27,12,89.054,Medium,0,9,305.1,27.607,33.841,27.607
Miami GP,Nico Hulkenberg,Kick Sauber,27,13,88.5,Soft,0,10,328.0,27.435,33.63,27.435
Miami GP,Nico Hulkenberg,Kick Sauber,27,14,88.337,Medium,0,10,344.8,27.384,33.568,27.384
Miami GP,Nico Hulkenberg,Kick Sauber,27,15,89.147,Hard,0,6,328.2,27.636,33.876,27.636
Miami GP,Nico Hulkenberg,Kick Sauber,27,16,89.505,Medium,0,8,340.1,27.747,34.012,27.747
Miami GP,Nico Hulkenberg,Kick Sauber,27,17,88.259,Soft,0,9,322.5,27.36,33.538,27.36
Miami GP,Nico Hulkenberg,Kick Sauber,27,18,89.503,Medium,0,11,303.3,27.746,34.011,27.746
Miami GP,Nico Hulkenberg,Kick Sauber,27,19,88.928,Soft,0,5,330.4,27.568,33.793,27.568
Miami GP,Nico Hulkenberg,Kick Sauber,27,20,88.748,Medium,0,9,328.2,27.512,33.724,27.512
Miami GP,Nico Hulkenberg,Kick Sauber,27,21,88.191,Hard,0,10,318.7,27.339,33.513,27.339
Miami GP,Nico Hulkenberg,Kick Sauber,27,22,89.257,Medium,1,11,333.5,27.67,33.918,27.67
Miami GP,Nico Hulkenberg,Kick Sauber,27,23,88.62,Intermediate,0,11,295.1,27.472,33.676,27.472
Miami GP,Nico Hulkenberg,Kick Sauber,27,24,89.377,Hard,0,11,295.0,27.707,33.963,27.707
Miami GP,Nico Hulkenberg,Kick Sauber,27,25,89.871,Soft,0,8,299.6,27.86,34.151,27.86
Miami GP,Nico Hulkenberg,Kick Sauber,27,26,89.335,Intermediate,1,6,337.3,27.694,33.947,27.694
Miami GP,Nico Hulkenberg,Kick Sauber,27,27,88.448,Hard,0,9,319.4,27.419,33.61,27.419
Miami GP,Nico Hulkenberg,Kick Sauber,27,28,89.328,Medium,0,12,345.6,27.692,33.945,27.692
Miami GP,Nico Hulkenberg,Kick Sauber,27,29,88.526,Medium,0,12,313.7,27.443,33.64,27.443
Miami GP,Nico Hulkenberg,Kick Sauber,27,30,88.631,Hard,0,11,298.7,27.476,33.68,27.476
Miami GP,Nico Hulkenberg,Kick Sauber,27,31,88.292,Soft,0,10,321.2,27.371,33.551,27.371
Miami GP,Nico Hulkenberg,Kick Sauber,27,32,88.173,Hard,0,10,303.6,27.334,33.506,27.334
Miami GP,Nico Hulkenberg,Kick Sauber,27,33,88.345,Medium,0,8,332.4,27.387,33.571,27.387
Miami GP,Nico Hulkenberg,Kick Sauber,27,34,88.781,Medium,0,9,306.2,27.522,33.737,27.522
Miami GP,Nico Hulkenberg,Kick Sauber,27,35,88.48,Medium,0,13,314.6,27.429,33.622,27.429
Miami GP,Nico Hulkenberg,Kick Sauber,27,36,88.443,Hard,0,8,334.6,27.417,33.608,27.417
Miami GP,Nico Hulkenberg,Kick Sauber,27,37,89.257,Soft,0,13,341.5,27.67,33.918,27.67
Miami GP,Nico Hulkenberg,Kick Sauber,27,38,88.359,Intermediate,0,9,319.9,27.391,33.576,27.391
Miami GP,Nico Hulkenberg,Kick Sauber,27,39,88.809,Hard,0,12,343.1,27.531,33.747,27.531
Miami GP,Nico Hulkenberg,Kick Sauber,27,40,88.455,Medium,0,7,341.8,27.421,33.613,27.421
Miami GP,Nico Hulkenberg,Kick Sauber,27,41,88.623,Medium,0,11,334.2,27.473,33.677,27.473
Miami GP,Nico Hulkenberg,Kick Sauber,27,42,88.801,Hard,0,8,317.7,27.528,33.744,27.528
Miami GP,Nico Hulkenberg,Kick Sauber,27,43,88.768,Soft,0,7,302.7,27.518,33.732,27.518
Miami GP,Nico Hulkenberg,Kick Sauber,27,44,88.477,Hard,0,10,339.2,27.428,33.621,27.428
Miami GP,Nico Hulkenberg,Kick Sauber,27,45,88.646,Soft,0,12,342.6,27.48,33.685,27.48
Miami GP,Nico Hulkenberg,Kick Sauber,27,46,88.54,Hard,0,8,305.1,27.447,33.645,27.447
Miami GP,Nico Hulkenberg,Kick Sauber,27,47,88.463,Intermediate,0,7,321.9,27.424,33.616,27.424
Miami GP,Nico Hulkenberg,Kick Sauber,27,48,89.076,Hard,0,9,348.8,27.614,33.849,27.614
Miami GP,Nico Hulkenberg,Kick Sauber,27,49,88.687,Medium,0,9,304.1,27.493,33.701,27.493
Miami GP,Nico Hulkenberg,Kick Sauber,27,50,88.991,Soft,0,11,329.4,27.587,33.817,27.587
Miami GP,Nico Hulkenberg,Kick Sauber,27,51,88.522,Soft,0,11,313.0,27.442,33.638,27.442
Miami GP,Nico Hulkenberg,Kick Sauber,27,52,88.313,Hard,0,9,337.1,27.377,33.559,27.377
Miami GP,Nico Hulkenberg,Kick Sauber,27,53,89.68,Soft,0,13,335.7,27.801,34.078,27.801
Miami GP,Nico Hulkenberg,Kick Sauber,27,54,88.939,Soft,0,10,342.7,27.571,33.797,27.571
Monaco GP,Max Verstappen,Red Bull Racing,1,1,91.324,Hard,0,1,305.2,28.31,34.703,28.31
Monaco GP,Max Verstappen,Red Bull Racing,1,2,90.967,Medium,0,1,310.8,28.2,34.567,28.2
Monaco GP,Max Verstappen,Red Bull Racing,1,3,91.277,Medium,0,1,315.5,28.296,34.685,28.296
Monaco GP,Max Verstappen,Red Bull Racing,1,4,90.612,Soft,0,1,330.7,28.09,34.433,28.09
Monaco GP,Max Verstappen,Red Bull Racing,1,5,90.953,Hard,0,2,337.6,28.195,34.562,28.195
Monaco GP,Max Verstappen,Red Bull Racing,1,6,91.307,Soft,0,1,346.0,28.305,34.697,28.305
Monaco GP,Max Verstappen,Red Bull Racing,1,7,91.291,Medium,0,1,337.1,28.3,34.691,28.3
Monaco GP,Max Verstappen,Red Bull Racing,1,8,90.716,Medium,0,1,341.7,28.122,34.472,28.122
Monaco GP,Max Verstappen,Red Bull Racing,1,9,90.693,Wet,0,2,296.5,28.115,34.463,28.115
Monaco GP,Max Verstappen,Red Bull Racing,1,10,91.524,Medium,0,4,345.5,28.372,34.779,28.372
Monaco GP,Max Verstappen,Red Bull Racing,1,11,90.927,Intermediate,0,2,306.2,28.187,34.552,28.187
Monaco GP,Max Verstappen,Red Bull Racing,1,12,91.16,Medium,0,2,347.1,28.26,34.641,28.26
Monaco GP,Max Verstappen,Red Bull Racing,1,13,91.624,Medium,0,1,334.8,28.403,34.817,28.403
Monaco GP,Max Verstappen,Red Bull Racing,1,14,91.25,Hard,0,1,328.4,28.288,34.675,28.288
Monaco GP,Max Verstappen,Red Bull Racing,1,15,91.864,Medium,0,3,325.9,28.478,34.908,28.478
Monaco GP,Max Verstappen,Red Bull Racing,1,16,91.317,Hard,0,1,301.3,28.308,34.7,28.308
Monaco GP,Max Verstappen,Red Bull Racing,1,17,91.302,Hard,0,1,344.9,28.304,34.695,28.304
Monaco GP,Max Verstappen,Red Bull Racing,1,18,91.643,Intermediate,1,1,299.3,28.409,34.824,28.409
Monaco GP,Max Verstappen,Red Bull Racing,1,19,90.902,Medium,0,1,334.3,28.18,34.543,28.18
Monaco GP,Max Verstappen,Red Bull Racing,1,20,90.59,Intermediate,0,3,326.7,28.083,34.424,28.083
Monaco GP,Max Verstappen,Red Bull Racing,1,21,91.167,Soft,0,1,310.0,28.262,34.643,28.262
Monaco GP,Max Verstappen,Red Bull Racing,1,22,90.924,Medium,0,1,332.8,28.186,34.551,28.186
Monaco GP,Max Verstappen,Red Bull Racing,1,23,91.432,Soft,0,1,330.5,28.344,34.744,28.344
Monaco GP,Max Verstappen,Red Bull Racing,1,24,91.219,Medium,0,2,297.3,28.278,34.663,28.278
Monaco GP,Max Verstappen,Red Bull Racing,1,25,90.971,Intermediate,0,2,310.5,28.201,34.569,28.201
Monaco GP,Max Verstappen,Red Bull Racing,1,26,91.449,Medium,0,1,300.0,28.349,34.751,28.349
Monaco GP,Max Verstappen,Red Bull Racing,1,27,91.06,Intermediate,0,1,317.3,28.229,34.603,28.229
Monaco GP,Max Verstappen,Red Bull Racing,1,28,90.711,Soft,0,1,323.4,28.12,34.47,28.12
Monaco GP,Max Verstappen,Red Bull Racing,1,29,91.281,Wet,0,2,299.7,28.297,34.687,28.297
Monaco GP,Max Verstappen,Red Bull Racing,1,30,90.822,Medium,0,1,306.1,28.155,34.512,28.155
Monaco GP,Max Verstappen,Red Bull Racing,1,31,90.65,Hard,0,5,342.6,28.102,34.447,28.102
Monaco GP,Max Verstappen,Red Bull Racing,1,32,91.246,Medium,0,2,314.6,28.286,34.673,28.286
Monaco GP,Max Verstappen,Red Bull Racing,1,33,91.301,Medium,0,1,325.0,28.303,34.694,28.303
Monaco GP,Max Verstappen,Red Bull Racing,1,34,90.927,Soft,0,1,304.0,28.187,34.552,28.187
Monaco GP,Max Verstappen,Red Bull Racing,1,35,91.42,Soft,0,1,313.4,28.34,34.74,28.34
Monaco GP,Max Verstappen,Red Bull Racing,1,36,90.815,Hard,0,1,318.5,28.153,34.51,28.153
Monaco GP,Max Verstappen,Red Bull Racing,1,37,90.841,Hard,0,3,295.4,28.161,34.52,28.161
Monaco GP,Max Verstappen,Red Bull Racing,1,38,91.547,Medium,0,1,336.5,28.38,34.788,28.38
Monaco GP,Max Verstappen,Red Bull Racing,1,39,91.553,Soft,0,1,298.8,28.381,34.79,28.381
Monaco GP,Max Verstappen,Red Bull Racing,1,40,91.627,Soft,1,4,343.1,28.404,34.818,28.404
Monaco GP,Max Verstappen,Red Bull Racing,1,41,91.437,Intermediate,0,1,339.2,28.345,34.746,28.345
Monaco GP,Max Verstappen,Red Bull Racing,1,42,91.827,Soft,0,2,301.9,28.466,34.894,28.466
Monaco GP,Max Verstappen,Red Bull Racing,1,43,91.581,Soft,0,1,347.3,28.39,34.801,28.39
Monaco GP,Max Verstappen,Red Bull Racing,1,44,91.693,Intermediate,0,1,301.6,28.425,34.843,28.425
Monaco GP,Max Verstappen,Red Bull Racing,1,45,90.863,Hard,0,1,345.7,28.168,34.528,28.168
Monaco GP,Max Verstappen,Red Bull Racing,1,46,91.079,Soft,0,1,303.1,28.234,34.61,28.234
Monaco GP,Max Verstappen,Red Bull Racing,1,47,91.675,Soft,0,5,311.2,28.419,34.837,28.419
Monaco GP,Max Verstappen,Red Bull Racing,1,48,91.325,Intermediate,0,3,335.6,28.311,34.703,28.311
Monaco GP,Max Verstappen,Red Bull Racing,1,49,91.802,Medium,0,1,300.2,28.459,34.885,28.459
Monaco GP,Max Verstappen,Red Bull Racing,1,50,91.951,Medium,1,1,301.0,28.505,34.941,28.505
Monaco GP,Max Verstappen,Red Bull Racing,1,51,91.653,Hard,0,1,337.3,28.412,34.828,28.412
Monaco GP,Max Verstappen,Red Bull Racing,1,52,91.497,Hard,0,1,323.8,28.364,34.769,28.364
Monaco GP,Max Verstappen,Red Bull Racing,1,53,91.358,Soft,0,1,303.4,28.321,34.716,28.321
Monaco GP,Max Verstappen,Red Bull Racing,1,54,91.653,Medium,0,1,305.8,28.412,34.828,28.412
Monaco GP,Charles Leclerc,Scuderia Ferrari,16,1,88.377,Soft,0,3,308.4,27.397,33.583,27.397
Monaco GP,Charles Leclerc,Scuderia Ferrari,16,2,88.684,Soft,0,4,318.2,27.492,33.7,27.492
Monaco GP,Charles Leclerc,Scuderia Ferrari,16,3,89.123,Medium,0,3,344.9,27.628,33.867,27.628
Monaco GP,Charles Leclerc,Scuderia Ferrari,16,4,89.021,Soft,0,1,334.0,27.597,33.828,27.597
Monaco GP,Charles Leclerc,Scuderia Ferrari,16,5,88.418,Soft,0,4,314.2,27.41,33.599,27.41
Monaco GP,Charles Leclerc,Scuderia Ferrari,16,6,89.3,Intermediate,0,5,342.5,27.683,33.934,27.683
Monaco GP,Charles Leclerc,Scuderia Ferrari,16,7,88.68,Medium,0,8,314.7,27.491,33.698,27.491
Monaco GP,Charles Leclerc,Scuderia Ferrari,16,8,88.606,Medium,0,1,326.4,27.468,33.67,27.468
Monaco GP,Charles Leclerc,Scuderia Ferrari,16,9,89.439,Hard,0,2,349.2,27.726,33.987,27.726
Monaco GP,Charles Leclerc,Scuderia Ferrari,16,10,89.309,Soft,0,1,296.3,27.686,33.937,27.686
Monaco GP,Charles Leclerc,Scuderia Ferrari,16,11,89.41,Medium,0,3,340.0,27.717,33.976,27.717
Monaco GP,Charles Leclerc,Scuderia Ferrari,16,12,88.693,Medium,0,1,316.6,27.495,33.703,27.495
Monaco GP,Charles Leclerc,Scuderia Ferrari,16,13,89.396,Intermediate,0,5,331.8,27.713,33.97,27.713
Monaco GP,Charles Leclerc,Scuderia Ferrari,16,14,89.226,Hard,0,1,296.1,27.66,33.906,27.66
Monaco GP,Charles Leclerc,Scuderia Ferrari,16,15,88.81,Hard,0,1,338.4,27.531,33.748,27.531
Monaco GP,Charles Leclerc,Scuderia Ferrari,16,16,88.5,Hard,0,1,306.5,27.435,33.63,27.435
Monaco GP,Charles Leclerc,Scuderia Ferrari,16,17,88.812,Intermediate,0,1,335.1,27.532,33.749,27.532
Monaco GP,Charles Leclerc,Scuderia Ferrari,16,18,89.309,Medium,0,3,316.0,27.686,33.937,27.686
Monaco GP,Charles Leclerc,Scuderia Ferrari,16,19,89.017,Soft,0,1,327.4,27.595,33.826,27.595
Monaco GP,Charles Leclerc,Scuderia Ferrari,16,20,88.957,Soft,0,2,339.5,27.577,33.804,27.577
Monaco GP,Charles Leclerc,Scuderia Ferrari,16,21,89.554,Soft,0,1,330.4,27.762,34.031,27.762
Monaco GP,Charles Leclerc,Scuderia Ferrari,16,22,89.226,Soft,0,1,343.4,27.66,33.906,27.66
Monaco GP,Charles Leclerc,Scuderia Ferrari,16,23,88.411,Hard,0,5,345.8,27.407,33.596,27.407
Monaco GP,Charles Leclerc,Scuderia Ferrari,16,24,88.75,Soft,1,2,316.7,27.512,33.725,27.512
Monaco GP,Charles Leclerc,Scuderia Ferrari,16,25,89.339,Soft,0,1,332.1,27.695,33.949,27.695
Monaco GP,Charles Leclerc,Scuderia Ferrari,16,26,89.289,Wet,0,1,337.9,27.68,33.93,27.68
Monaco GP,Charles Leclerc,Scuderia Ferrari,16,27,89.254,Hard,0,2,299.1,27.669,33.917,27.669
Monaco GP,Charles Leclerc,Scuderia Ferrari,16,28,88.745,Medium,0,2,332.1,27.511,33.723,27.511
Monaco GP,Charles Leclerc,Scuderia Ferrari,16,29,88.959,Medium,0,1,328.3,27.577,33.804,27.577
Monaco GP,Charles Leclerc,Scuderia Ferrari,16,30,88.605,Medium,0,3,336.1,27.468,33.67,27.468
Monaco GP,Charles Leclerc,Scuderia Ferrari,16,31,89.241,Medium,0,1,335.3,27.665,33.912,27.665
Monaco GP,Charles Leclerc,Scuderia Ferrari,16,32,89.209,Soft,0,1,318.5,27.655,33.899,27.655
Monaco GP,Charles Leclerc,Scuderia Ferrari,16,33,89.132,Hard,0,1,331.2,27.631,33.87,27.631
Monaco GP,Charles Leclerc,Scuderia Ferrari,16,34,88.8,Medium,0,3,296.4,27.528,33.744,27.528
Monaco GP,Charles Leclerc,Scuderia Ferrari,16,35,89.348,Soft,0,2,304.5,27.698,33.952,27.698
Monaco GP,Charles Leclerc,Scuderia Ferrari,16,36,88.955,Medium,0,1,295.6,27.576,33.803,27.576
Monaco GP,Charles Leclerc,Scuderia Ferrari,16,37,89.046,Intermediate,0,1,304.3,27.604,33.837,27.604
Monaco GP,Charles Leclerc,Scuderia Ferrari,16,38,89.047,Soft,0,2,326.1,27.605,33.838,27.605
Monaco GP,Charles Leclerc,Scuderia Ferrari,16,39,88.658,Medium,0,1,303.4,27.484,33.69,27.484
Monaco GP,Charles Leclerc,Scuderia Ferrari,16,40,89.699,Medium,0,1,325.2,27.807,34.086,27.807
Monaco GP,Charles Leclerc,Scuderia Ferrari,16,41,89.391,Hard,0,1,312.4,27.711,33.969,27.711
Monaco GP,Charles Leclerc,Scuderia Ferrari,16,42,89.516,Soft,0,3,301.0,27.75,34.016,27.75
Monaco GP,Charles Leclerc,Scuderia Ferrari,16,43,89.144,Soft,0,1,347.4,27.635,33.875,27.635
Monaco GP,Charles Leclerc,Scuderia Ferrari,16,44,89.39,Medium,0,1,314.3,27.711,33.968,27.711
Monaco GP,Charles Leclerc,Scuderia Ferrari,16,45,89.002,Medium,0,6,323.9,27.591,33.821,27.591
Monaco GP,Charles Leclerc,Scuderia Ferrari,16,46,89.09,Hard,0,1,334.5,27.618,33.854,27.618
Monaco GP,Charles Leclerc,Scuderia Ferrari,16,47,88.994,Medium,0,1,347.1,27.588,33.818,27.588
Monaco GP,Charles Leclerc,Scuderia Ferrari,16,48,89.106,Soft,0,3,330.3,27.623,33.86,27.623
Monaco GP,Charles Leclerc,Scuderia Ferrari,16,49,88.597,Soft,0,1,313.7,27.465,33.667,27.465
Monaco GP,Charles Leclerc,Scuderia Ferrari,16,50,88.841,Hard,0,1,322.1,27.541,33.76,27.541
Monaco GP,Charles Leclerc,Scuderia Ferrari,16,51,89.542,Medium,0,1,303.2,27.758,34.026,27.758
Monaco GP,Charles Leclerc,Scuderia Ferrari,16,52,89.304,Medium,0,1,340.1,27.684,33.936,27.684
Monaco GP,Charles Leclerc,Scuderia Ferrari,16,53,89.333,Soft,0,5,330.1,27.693,33.947,27.693
Monaco GP,Charles Leclerc,Scuderia Ferrari,16,54,89.431,Hard,0,3,330.8,27.724,33.984,27.724
Monaco GP,Charles Leclerc,Scuderia Ferrari,16,55,89.359,Medium,0,3,308.2,27.701,33.956,27.701
Monaco GP,Charles Leclerc,Scuderia Ferrari,16,56,89.29,Medium,0,1,339.4,27.68,33.93,27.68
Monaco GP,Charles Leclerc,Scuderia Ferrari,16,57,89.431,Intermediate,0,1,344.6,27.724,33.984,27.724
Monaco GP,Charles Leclerc,Scuderia Ferrari,16,58,89.49,Medium,0,1,338.4,27.742,34.006,27.742
Monaco GP,Charles Leclerc,Scuderia Ferrari,16,59,88.733,Medium,0,1,313.2,27.507,33.719,27.507
Monaco GP,Charles Leclerc,Scuderia Ferrari,16,60,89.096,Hard,0,3,331.4,27.62,33.856,27.62
Monaco GP,Charles Leclerc,Scuderia Ferrari,16,61,89.252,Soft,0,3,322.9,27.668,33.916,27.668
Monaco GP,Charles Leclerc,Scuderia Ferrari,16,62,89.507,Hard,0,1,331.0,27.747,34.013,27.747
Monaco GP,Charles Leclerc,Scuderia Ferrari,16,63,89.332,Hard,1,1,318.9,27.693,33.946,27.693
Monaco GP,Charles Leclerc,Scuderia Ferrari,16,64,89.141,Soft,0,1,342.3,27.634,33.874,27.634
Monaco GP,Charles Leclerc,Scuderia Ferrari,16,65,88.968,Soft,0,2,344.6,27.58,33.808,27.58
Monaco GP,Charles Leclerc,Scuderia Ferrari,16,66,89.359,Hard,0,3,307.0,27.701,33.956,27.701
Monaco GP,Lewis Hamilton,Scuderia Ferrari,44,1,90.282,Medium,0,1,342.7,27.987,34.307,27.987
Monaco GP,Lewis Hamilton,Scuderia Ferrari,44,2,90.094,Hard,0,3,339.0,27.929,34.236,27.929
Monaco GP,Lewis Hamilton,Scuderia Ferrari,44,3,89.441,Soft,0,4,317.0,27.727,33.988,27.727
Monaco GP,Lewis Hamilton,Scuderia Ferrari,44,4,89.426,Medium,0,2,304.5,27.722,33.982,27.722
Monaco GP,Lewis Hamilton,Scuderia Ferrari,44,5,90.121,Medium,0,4,344.9,27.938,34.246,27.938
Monaco GP,Lewis Hamilton,Scuderia Ferrari,44,6,90.186,Medium,0,8,308.3,27.958,34.271,27.958
Monaco GP,Lewis Hamilton,Scuderia Ferrari,44,7,89.51,Medium,0,2,301.0,27.748,34.014,27.748
Monaco GP,Lewis Hamilton,Scuderia Ferrari,44,8,90.221,Medium,0,3,349.6,27.969,34.284,27.969
Monaco GP,Lewis Hamilton,Scuderia Ferrari,44,9,90.516,Soft,0,1,313.9,28.06,34.396,28.06
Monaco GP,Lewis Hamilton,Scuderia Ferrari,44,10,89.895,Soft,0,3,340.3,27.867,34.16,27.867
Monaco GP,Lewis Hamilton,Scuderia Ferrari,44,11,90.437,Medium,0,3,338.9,28.035,34.366,28.035
Monaco GP,Lewis Hamilton,Scuderia Ferrari,44,12,89.689,Medium,0,3,310.1,27.804,34.082,27.804
Monaco GP,Lewis Hamilton,Scuderia Ferrari,44,13,89.76,Medium,0,1,303.2,27.826,34.109,27.826
Monaco GP,Lewis Hamilton,Scuderia Ferrari,44,14,90.163,Soft,0,3,301.1,27.951,34.262,27.951
Monaco GP,Lewis Hamilton,Scuderia Ferrari,44,15,90.171,Medium,0,5,334.3,27.953,34.265,27.953
Monaco GP,Lewis Hamilton,Scuderia Ferrari,44,16,89.959,Soft,0,3,348.7,27.887,34.184,27.887
Monaco GP,Lewis Hamilton,Scuderia Ferrari,44,17,89.614,Soft,0,4,313.9,27.78,34.053,27.78
Monaco GP,Lewis Hamilton,Scuderia Ferrari,44,18,90.323,Hard,1,2,345.8,28.0,34.323,28.0
Monaco GP,Lewis Hamilton,Scuderia Ferrari,44,19,89.743,Hard,0,4,320.1,27.82,34.102,27.82
Monaco GP,Lewis Hamilton,Scuderia Ferrari,44,20,90.14,Wet,1,3,341.5,27.943,34.253,27.943
Monaco GP,Lewis Hamilton,Scuderia Ferrari,44,21,90.397,Medium,0,1,336.9,28.023,34.351,28.023
Monaco GP,Lewis Hamilton,Scuderia Ferrari,44,22,90.266,Medium,0,3,309.2,27.982,34.301,27.982
Monaco GP,Lewis Hamilton,Scuderia Ferrari,44,23,90.2,Medium,0,1,295.8,27.962,34.276,27.962
Monaco GP,Lewis Hamilton,Scuderia Ferrari,44,24,89.705,Medium,1,1,308.2,27.809,34.088,27.809
Monaco GP,Lewis Hamilton,Scuderia Ferrari,44,25,90.0,Intermediate,0,3,336.0,27.9,34.2,27.9
Monaco GP,Lewis Hamilton,Scuderia Ferrari,44,26,89.515,Medium,1,3,302.9,27.75,34.016,27.75
Monaco GP,Lewis Hamilton,Scuderia Ferrari,44,27,90.293,Medium,0,1,332.2,27.991,34.311,27.991
Monaco GP,Lewis Hamilton,Scuderia Ferrari,44,28,90.626,Soft,0,5,340.5,28.094,34.438,28.094
Monaco GP,Lewis Hamilton,Scuderia Ferrari,44,29,89.884,Intermediate,0,4,330.8,27.864,34.156,27.864
Monaco GP,Lewis Hamilton,Scuderia Ferrari,44,30,90.098,Soft,0,1,315.1,27.93,34.237,27.93
Monaco GP,Lewis Hamilton,Scuderia Ferrari,44,31,90.394,Soft,0,1,309.0,28.022,34.35,28.022
Monaco GP,Lewis Hamilton,Scuderia Ferrari,44,32,89.702,Medium,0,2,328.4,27.808,34.087,27.808
Monaco GP,Lewis Hamilton,Scuderia Ferrari,44,33,89.834,Medium,0,2,329.6,27.849,34.137,27.849
Monaco GP,Lewis Hamilton,Scuderia Ferrari,44,34,90.29,Hard,0,3,308.7,27.99,34.31,27.99
Monaco GP,Lewis Hamilton,Scuderia Ferrari,44,35,90.236,Hard,0,2,331.5,27.973,34.29,27.973
Monaco GP,Lewis Hamilton,Scuderia Ferrari,44,36,90.115,Soft,1,1,317.4,27.936,34.244,27.936
Monaco GP,Lewis Hamilton,Scuderia Ferrari,44,37,90.264,Medium,0,2,344.7,27.982,34.3,27.982
Monaco GP,Lewis Hamilton,Scuderia Ferrari,44,38,90.645,Soft,0,2,323.0,28.1,34.445,28.1
Monaco GP,Lewis Hamilton,Scuderia Ferrari,44,39,90.06,Hard,0,4,321.9,27.919,34.223,27.919
Monaco GP,Lewis Hamilton,Scuderia Ferrari,44,40,89.913,Soft,0,1,338.3,27.873,34.167,27.873
Monaco GP,Lewis Hamilton,Scuderia Ferrari,44,41,89.948,Hard,0,6,337.5,27.884,34.18,27.884
Monaco GP,Lewis Hamilton,Scuderia Ferrari,44,42,90.029,Medium,0,1,319.3,27.909,34.211,27.909
Monaco GP,Lewis Hamilton,Scuderia Ferrari,44,43,90.272,Medium,0,5,315.5,27.984,34.303,27.984
Monaco GP,Lewis Hamilton,Scuderia Ferrari,44,44,89.587,Soft,0,2,295.3,27.772,34.043,27.772
Monaco GP,Lewis Hamilton,Scuderia Ferrari,44,45,90.391,Medium,0,4,328.7,28.021,34.349,28.021
Monaco GP,Lewis Hamilton,Scuderia Ferrari,44,46,89.728,Medium,0,3,304.4,27.816,34.097,27.816
Monaco GP,Lewis Hamilton,Scuderia Ferrari,44,47,90.294,Medium,0,5,330.7,27.991,34.312,27.991
Monaco GP,Lewis Hamilton,Scuderia Ferrari,44,48,89.894,Hard,0,2,310.0,27.867,34.16,27.867
Monaco GP,Lewis Hamilton,Scuderia Ferrari,44,49,90.195,Soft,0,1,308.2,27.96,34.274,27.96
Monaco GP,Lewis Hamilton,Scuderia Ferrari,44,50,89.963,Soft,0,5,340.7,27.889,34.186,27.889
Monaco GP,Lewis Hamilton,Scuderia Ferrari,44,51,89.665,Hard,0,2,300.5,27.796,34.073,27.796
Monaco GP,Lewis Hamilton,Scuderia Ferrari,44,52,89.497,Medium,0,3,303.2,27.744,34.009,27.744
Monaco GP,Lewis Hamilton,Scuderia Ferrari,44,53,90.237,Soft,0,5,304.6,27.973,34.29,27.973
Monaco GP,Lewis Hamilton,Scuderia Ferrari,44,54,89.733,Hard,0,1,323.8,27.817,34.099,27.817
Monaco GP,Lewis Hamilton,Scuderia Ferrari,44,55,90.581,Soft,0,4,330.7,28.08,34.421,28.08
Monaco GP,Lewis Hamilton,Scuderia Ferrari,44,56,91.06,Medium,0,1,336.2,28.229,34.603,28.229
Monaco GP,Lewis Hamilton,Scuderia Ferrari,44,57,89.983,Soft,0,2,296.3,27.895,34.194,27.895
Monaco GP,Lewis Hamilton,Scuderia Ferrari,44,58,90.001,Soft,0,3,348.2,27.9,34.2,27.9
Monaco GP,Lewis Hamilton,Scuderia Ferrari,44,59,90.055,Soft,0,1,342.9,27.917,34.221,27.917
Monaco GP,Lewis Hamilton,Scuderia Ferrari,44,60,89.961,Hard,0,1,300.7,27.888,34.185,27.888
Monaco GP,Lewis Hamilton,Scuderia Ferrari,44,61,90.27,Soft,0,5,343.5,27.984,34.303,27.984
Monaco GP,Lewis Hamilton,Scuderia Ferrari,44,62,90.403,Medium,0,4,346.4,28.025,34.353,28.025
Monaco GP,Lewis Hamilton,Scuderia Ferrari,44,63,89.628,Medium,0,2,316.4,27.785,34.059,27.785
Monaco GP,Lewis Hamilton,Scuderia Ferrari,44,64,90.023,Medium,0,3,319.2,27.907,34.209,27.907
Monaco GP,Lewis Hamilton,Scuderia Ferrari,44,65,90.302,Medium,0,2,341.6,27.994,34.315,27.994
Monaco GP,Lewis Hamilton,Scuderia Ferrari,44,66,89.69,Soft,0,5,337.1,27.804,34.082,27.804
Monaco GP,Lewis Hamilton,Scuderia Ferrari,44,67,90.22,Soft,0,2,315.5,27.968,34.284,27.968
Monaco GP,Lewis Hamilton,Scuderia Ferrari,44,68,89.518,Medium,0,3,321.3,27.751,34.017,27.751
Monaco GP,Lewis Hamilton,Scuderia Ferrari,44,69,90.065,Hard,0,5,332.8,27.92,34.225,27.92
Monaco GP,Lewis Hamilton,Scuderia Ferrari,44,70,90.911,Medium,0,1,343.7,28.182,34.546,28.182
Monaco GP,Lewis Hamilton,Scuderia Ferrari,44,71,89.767,Soft,0,6,347.3,27.828,34.111,27.828
Monaco GP,Lewis Hamilton,Scuderia Ferrari,44,72,89.746,Hard,0,1,304.6,27.821,34.103,27.821
Monaco GP,Lewis Hamilton,Scuderia Ferrari,44,73,89.606,Soft,0,6,349.5,27.778,34.05,27.778
Monaco GP,Lewis Hamilton,Scuderia Ferrari,44,74,90.504,Soft,0,2,341.3,28.056,34.392,28.056
Monaco GP,Lewis Hamilton,Scuderia Ferrari,44,75,90.235,Medium,0,2,344.6,27.973,34.289,27.973
Monaco GP,Lewis Hamilton,Scuderia Ferrari,44,76,89.857,Hard,0,1,295.2,27.856,34.146,27.856
Monaco GP,Lewis Hamilton,Scuderia Ferrari,44,77,89.986,Medium,0,2,317.1,27.896,34.195,27.896
Monaco GP,Lewis Hamilton,Scuderia Ferrari,44,78,89.737,Medium,0,1,336.1,27.818,34.1,27.818
Monaco GP,Lando Norris,McLaren,4,1,89.358,Intermediate,0,2,313.1,27.701,33.956,27.701
Monaco GP,Lando Norris,McLaren,4,2,89.241,Soft,0,3,335.9,27.665,33.912,27.665
Monaco GP,Lando Norris,McLaren,4,3,89.325,Medium,0,5,323.2,27.691,33.944,27.691
Monaco GP,Lando Norris,McLaren,4,4,89.777,Soft,0,4,301.3,27.831,34.115,27.831
Monaco GP,Lando Norris,McLaren,4,5,90.156,Medium,0,4,323.9,27.948,34.259,27.948
Monaco GP,Lando Norris,McLaren,4,6,89.847,Soft,0,1,329.3,27.853,34.142,27.853
Monaco GP,Lando Norris,McLaren,4,7,90.227,Soft,0,2,301.8,27.97,34.286,27.97
Monaco GP,Lando Norris,McLaren,4,8,89.781,Medium,0,7,314.6,27.832,34.117,27.832
Monaco GP,Lando Norris,McLaren,4,9,89.934,Soft,0,2,318.8,27.88,34.175,27.88
Monaco GP,Lando Norris,McLaren,4,10,90.125,Hard,0,7,317.4,27.939,34.248,27.939
Monaco GP,Lando Norris,McLaren,4,11,89.71,Hard,0,3,327.8,27.81,34.09,27.81
Monaco GP,Lando Norris,McLaren,4,12,90.029,Soft,0,4,300.7,27.909,34.211,27.909
Monaco GP,Lando Norris,McLaren,4,13,89.746,Intermediate,0,6,298.9,27.821,34.103,27.821
Monaco GP,Lando Norris,McLaren,4,14,90.211,Medium,0,6,316.6,27.965,34.28,27.965
Monaco GP,Lando Norris,McLaren,4,15,89.738,Soft,0,3,322.5,27.819,34.1,27.819
Monaco GP,Lando Norris,McLaren,4,16,90.144,Hard,0,3,301.3,27.945,34.255,27.945
Monaco GP,Lando Norris,McLaren,4,17,90.431,Medium,0,3,339.1,28.034,34.364,28.034
Monaco GP,Lando Norris,McLaren,4,18,89.996,Medium,0,4,326.8,27.899,34.198,27.899
Monaco GP,Lando Norris,McLaren,4,19,89.821,Soft,0,5,332.0,27.845,34.132,27.845
Monaco GP,Lando Norris,McLaren,4,20,90.182,Hard,0,4,307.4,27.956,34.269,27.956
Monaco GP,Lando Norris,McLaren,4,21,90.76,Soft,0,5,336.7,28.136,34.489,28.136
Monaco GP,Lando Norris,McLaren,4,22,90.07,Wet,0,7,328.2,27.922,34.227,27.922
Monaco GP,Lando Norris,McLaren,4,23,89.54,Intermediate,1,4,300.8,27.757,34.025,27.757
Monaco GP,Lando Norris,McLaren,4,24,89.773,Hard,0,4,325.7,27.83,34.114,27.83
Monaco GP,Lando Norris,McLaren,4,25,90.235,Intermediate,0,1,340.8,27.973,34.289,27.973
Monaco GP,Lando Norris,McLaren,4,26,91.026,Soft,0,1,333.9,28.218,34.59,28.218
Monaco GP,Lando Norris,McLaren,4,27,89.282,Medium,0,4,326.4,27.677,33.927,27.677
Monaco GP,Lando Norris,McLaren,4,28,89.362,Soft,0,3,308.8,27.702,33.958,27.702
Monaco GP,Lando Norris,McLaren,4,29,89.64,Hard,0,2,295.5,27.788,34.063,27.788
Monaco GP,Lando Norris,McLaren,4,30,89.682,Hard,0,4,330.8,27.801,34.079,27.801
Monaco GP,Lando Norris,McLaren,4,31,89.559,Hard,0,3,320.6,27.763,34.032,27.763
Monaco GP,Lando Norris,McLaren,4,32,89.53,Wet,0,6,333.6,27.754,34.021,27.754
Monaco GP,Lando Norris,McLaren,4,33,90.035,Soft,0,4,318.0,27.911,34.213,27.911
Monaco GP,Lando Norris,McLaren,4,34,89.367,Intermediate,0,2,305.6,27.704,33.959,27.704
Monaco GP,Lando Norris,McLaren,4,35,89.804,Soft,0,5,331.1,27.839,34.126,27.839
Monaco GP,Lando Norris,McLaren,4,36,90.338,Soft,0,3,330.8,28.005,34.328,28.005
Monaco GP,Lando Norris,McLaren,4,37,90.65,Soft,0,5,343.4,28.102,34.447,28.102
Monaco GP,Lando Norris,McLaren,4,38,89.771,Hard,0,3,305.2,27.829,34.113,27.829
Monaco GP,Lando Norris,McLaren,4,39,89.86,Soft,0,2,300.5,27.857,34.147,27.857
Monaco GP,Lando Norris,McLaren,4,40,89.628,Hard,0,4,343.0,27.785,34.059,27.785
Monaco GP,Lando Norris,McLaren,4,41,90.41,Soft,0,4,308.5,28.027,34.356,28.027
Monaco GP,Lando Norris,McLaren,4,42,89.925,Medium,0,4,333.6,27.877,34.172,27.877
Monaco GP,Lando Norris,McLaren,4,43,90.018,Medium,0,3,348.9,27.906,34.207,27.906
Monaco GP,Lando Norris,McLaren,4,44,89.804,Hard,1,1,300.7,27.839,34.126,27.839
Monaco GP,Lando Norris,McLaren,4,45,90.09,Medium,0,3,344.3,27.928,34.234,27.928
Monaco GP,Lando Norris,McLaren,4,46,89.661,Medium,0,5,341.1,27.795,34.071,27.795
Monaco GP,Lando Norris,McLaren,4,47,90.181,Medium,0,3,316.2,27.956,34.269,27.956
Monaco GP,Lando Norris,McLaren,4,48,90.403,Soft,0,3,312.5,28.025,34.353,28.025
Monaco GP,Lando Norris,McLaren,4,49,90.026,Medium,0,5,296.9,27.908,34.21,27.908
Monaco GP,Lando Norris,McLaren,4,50,89.715,Medium,0,2,328.0,27.812,34.092,27.812
Monaco GP,Lando Norris,McLaren,4,51,89.692,Medium,0,1,326.3,27.805,34.083,27.805
Monaco GP,Lando Norris,McLaren,4,52,89.821,Medium,0,3,328.5,27.845,34.132,27.845
Monaco GP,Lando Norris,McLaren,4,53,90.234,Hard,0,3,302.0,27.973,34.289,27.973
Monaco GP,Lando Norris,McLaren,4,54,89.84,Hard,0,2,336.0,27.85,34.139,27.85
Monaco GP,Lando Norris,McLaren,4,55,89.563,Soft,0,3,324.6,27.765,34.034,27.765
Monaco GP,Lando Norris,McLaren,4,56,89.881,Medium,0,4,346.6,27.863,34.155,27.863
Monaco GP,Oscar Piastri,McLaren,81,1,91.353,Soft,0,4,337.7,28.319,34.714,28.319
Monaco GP,Oscar Piastri,McLaren,81,2,91.306,Soft,0,5,304.7,28.305,34.696,28.305
Monaco GP,Oscar Piastri,McLaren,81,3,91.485,Medium,0,8,313.7,28.36,34.764,28.36
Monaco GP,Oscar Piastri,McLaren,81,4,91.519,Wet,0,4,329.8,28.371,34.777,28.371
Monaco GP,Oscar Piastri,McLaren,81,5,92.082,Intermediate,0,5,308.7,28.545,34.991,28.545
Monaco GP,Oscar Piastri,McLaren,81,6,91.872,Intermediate,0,3,313.0,28.48,34.911,28.48
Monaco GP,Oscar Piastri,McLaren,81,7,92.098,Medium,0,3,297.5,28.55,34.997,28.55
Monaco GP,Oscar Piastri,McLaren,81,8,91.721,Soft,0,3,336.9,28.434,34.854,28.434
Monaco GP,Oscar Piastri,McLaren,81,9,91.776,Intermediate,0,4,346.4,28.451,34.875,28.451
Monaco GP,Oscar Piastri,McLaren,81,10,91.994,Medium,0,5,323.4,28.518,34.958,28.518
Monaco GP,Oscar Piastri,McLaren,81,11,91.903,Medium,0,9,320.1,28.49,34.923,28.49
Monaco GP,Oscar Piastri,McLaren,81,12,91.892,Hard,0,3,343.0,28.487,34.919,28.487
Monaco GP,Oscar Piastri,McLaren,81,13,91.505,Soft,0,4,345.0,28.367,34.772,28.367
Monaco GP,Oscar Piastri,McLaren,81,14,91.972,Hard,0,4,338.8,28.511,34.949,28.511
Monaco GP,Oscar Piastri,McLaren,81,15,91.65,Hard,0,5,318.8,28.412,34.827,28.412
Monaco GP,Oscar Piastri,McLaren,81,16,91.561,Medium,0,5,318.2,28.384,34.793,28.384
Monaco GP,Oscar Piastri,McLaren,81,17,91.508,Hard,0,7,326.0,28.367,34.773,28.367
Monaco GP,Oscar Piastri,McLaren,81,18,92.047,Intermediate,0,1,328.6,28.535,34.978,28.535
Monaco GP,Oscar Piastri,McLaren,81,19,91.908,Hard,0,1,312.8,28.491,34.925,28.491
Monaco GP,Oscar Piastri,McLaren,81,20,91.99,Medium,0,4,321.6,28.517,34.956,28.517
Monaco GP,Oscar Piastri,McLaren,81,21,92.125,Hard,0,7,344.6,28.559,35.008,28.559
Monaco GP,Oscar Piastri,McLaren,81,22,92.161,Medium,0,1,344.5,28.57,35.021,28.57
Monaco GP,Oscar Piastri,McLaren,81,23,92.337,Hard,1,1,298.1,28.624,35.088,28.624
Monaco GP,Oscar Piastri,McLaren,81,24,91.986,Wet,1,6,336.0,28.516,34.955,28.516
Monaco GP,Oscar Piastri,McLaren,81,25,92.269,Wet,0,5,329.6,28.603,35.062,28.603
Monaco GP,Oscar Piastri,McLaren,81,26,91.452,Soft,0,2,342.3,28.35,34.752,28.35
Monaco GP,Oscar Piastri,McLaren,81,27,91.589,Medium,0,3,296.0,28.393,34.804,28.393
Monaco GP,Oscar Piastri,McLaren,81,28,91.259,Hard,0,3,325.2,28.29,34.678,28.29
Monaco GP,Oscar Piastri,McLaren,81,29,91.202,Hard,0,5,295.1,28.273,34.657,28.273
Monaco GP,Oscar Piastri,McLaren,81,30,91.741,Medium,0,3,320.3,28.44,34.862,28.44
Monaco GP,Oscar Piastri,McLaren,81,31,91.242,Soft,0,5,317.8,28.285,34.672,28.285
Monaco GP,Oscar Piastri,McLaren,81,32,91.809,Soft,0,1,332.4,28.461,34.887,28.461
Monaco GP,Oscar Piastri,McLaren,81,33,91.667,Medium,0,3,336.1,28.417,34.833,28.417
Monaco GP,Oscar Piastri,McLaren,81,34,91.803,Hard,0,2,305.8,28.459,34.885,28.459
Monaco GP,Oscar Piastri,McLaren,81,35,91.692,Medium,0,4,319.7,28.425,34.843,28.425
Monaco GP,Oscar Piastri,McLaren,81,36,92.44,Medium,0,3,320.4,28.656,35.127,28.656
Monaco GP,Oscar Piastri,McLaren,81,37,91.612,Soft,0,6,346.9,28.4,34.813,28.4
Monaco GP,Oscar Piastri,McLaren,81,38,91.994,Medium,0,1,345.3,28.518,34.958,28.518
Monaco GP,Oscar Piastri,McLaren,81,39,91.637,Medium,0,5,328.7,28.407,34.822,28.407
Monaco GP,Oscar Piastri,McLaren,81,40,92.475,Hard,0,6,302.6,28.667,35.14,28.667
Monaco GP,Oscar Piastri,McLaren,81,41,92.04,Medium,0,8,343.3,28.532,34.975,28.532
Monaco GP,Oscar Piastri,McLaren,81,42,92.312,Medium,0,4,318.1,28.617,35.079,28.617
Monaco GP,Oscar Piastri,McLaren,81,43,91.567,Soft,0,5,318.2,28.386,34.795,28.386
Monaco GP,Oscar Piastri,McLaren,81,44,91.882,Medium,1,1,299.9,28.483,34.915,28.483
Monaco GP,Oscar Piastri,McLaren,81,45,92.481,Hard,0,1,298.3,28.669,35.143,28.669
Monaco GP,Oscar Piastri,McLaren,81,46,92.177,Soft,0,6,335.6,28.575,35.027,28.575
Monaco GP,Oscar Piastri,McLaren,81,47,91.821,Medium,0,4,336.0,28.465,34.892,28.465
Monaco GP,Oscar Piastri,McLaren,81,48,91.628,Intermediate,0,7,331.0,28.405,34.819,28.405
Monaco GP,Oscar Piastri,McLaren,81,49,91.844,Soft,0,2,342.6,28.472,34.901,28.472
Monaco GP,Oscar Piastri,McLaren,81,50,91.951,Soft,0,6,342.4,28.505,34.941,28.505
Monaco GP,Oscar Piastri,McLaren,81,51,91.144,Wet,0,8,298.9,28.255,34.635,28.255
Monaco GP,Oscar Piastri,McLaren,81,52,91.922,Hard,0,5,340.3,28.496,34.93,28.496
Monaco GP,Oscar Piastri,McLaren,81,53,91.776,Medium,0,5,340.8,28.451,34.875,28.451
Monaco GP,Oscar Piastri,McLaren,81,54,91.202,Hard,0,5,306.8,28.273,34.657,28.273
Monaco GP,Oscar Piastri,McLaren,81,55,92.213,Medium,0,1,335.2,28.586,35.041,28.586
Monaco GP,Oscar Piastri,McLaren,81,56,92.595,Medium,0,7,323.1,28.704,35.186,28.704
Monaco GP,Oscar Piastri,McLaren,81,57,91.745,Medium,0,3,331.9,28.441,34.863,28.441
Monaco GP,Oscar Piastri,McLaren,81,58,91.315,Medium,0,6,334.2,28.308,34.7,28.308
Monaco GP,Oscar Piastri,McLaren,81,59,92.195,Medium,0,1,324.0,28.58,35.034,28.58
Monaco GP,Oscar Piastri,McLaren,81,60,91.391,Soft,0,2,295.2,28.331,34.729,28.331
Monaco GP,Oscar Piastri,McLaren,81,61,91.275,Medium,0,7,342.0,28.295,34.684,28.295
Monaco GP,Oscar Piastri,McLaren,81,62,91.763,Soft,0,4,318.2,28.447,34.87,28.447
Monaco GP,Oscar Piastri,McLaren,81,63,91.189,Soft,0,7,324.3,28.269,34.652,28.269
Monaco GP,Oscar Piastri,McLaren,81,64,91.656,Medium,0,4,306.7,28.413,34.829,28.413
Monaco GP,Oscar Piastri,McLaren,81,65,92.042,Medium,0,1,309.4,28.533,34.976,28.533
Monaco GP,Oscar Piastri,McLaren,81,66,92.537,Soft,0,6,328.3,28.686,35.164,28.686
Monaco GP,Oscar Piastri,McLaren,81,67,92.241,Hard,0,3,345.4,28.595,35.052,28.595
Monaco GP,Oscar Piastri,McLaren,81,68,91.61,Soft,0,6,349.6,28.399,34.812,28.399
Monaco GP,Oscar Piastri,McLaren,81,69,92.279,Hard,0,5,311.6,28.606,35.066,28.606
Monaco GP,Oscar Piastri,McLaren,81,70,91.354,Medium,0,1,332.1,28.32,34.715,28.32
Monaco GP,Oscar Piastri,McLaren,81,71,91.733,Soft,0,5,337.5,28.437,34.859,28.437
Monaco GP,Oscar Piastri,McLaren,81,72,92.095,Intermediate,0,9,315.1,28.549,34.996,28.549
Monaco GP,Oscar Piastri,McLaren,81,73,91.951,Medium,0,5,343.2,28.505,34.941,28.505
Monaco GP,Oscar Piastri,McLaren,81,74,91.927,Hard,0,4,345.4,28.497,34.932,28.497
Monaco GP,Oscar Piastri,McLaren,81,75,92.288,Hard,0,7,315.7,28.609,35.069,28.609
Monaco GP,George Russell,Mercedes-AMG,63,1,91.184,Hard,0,6,312.1,28.267,34.65,28.267
Monaco GP,George Russell,Mercedes-AMG,63,2,91.731,Soft,0,6,349.6,28.437,34.858,28.437
Monaco GP,George Russell,Mercedes-AMG,63,3,91.931,Soft,0,3,333.7,28.499,34.934,28.499
Monaco GP,George Russell,Mercedes-AMG,63,4,91.196,Hard,0,6,326.6,28.271,34.654,28.271
Monaco GP,George Russell,Mercedes-AMG,63,5,92.005,Hard,0,8,304.5,28.522,34.962,28.522
Monaco GP,George Russell,Mercedes-AMG,63,6,91.954,Soft,0,4,311.3,28.506,34.943,28.506
Monaco GP,George Russell,Mercedes-AMG,63,7,91.3,Medium,0,8,314.9,28.303,34.694,28.303
Monaco GP,George Russell,Mercedes-AMG,63,8,91.591,Soft,0,5,339.5,28.393,34.805,28.393
Monaco GP,George Russell,Mercedes-AMG,63,9,91.495,Soft,0,4,344.2,28.363,34.768,28.363
Monaco GP,George Russell,Mercedes-AMG,63,10,91.719,Hard,0,7,312.6,28.433,34.853,28.433
Monaco GP,George Russell,Mercedes-AMG,63,11,92.024,Soft,0,5,312.9,28.527,34.969,28.527
Monaco GP,George Russell,Mercedes-AMG,63,12,91.683,Wet,0,7,302.8,28.422,34.84,28.422
Monaco GP,George Russell,Mercedes-AMG,63,13,91.28,Medium,0,5,346.4,28.297,34.686,28.297
Monaco GP,George Russell,Mercedes-AMG,63,14,92.083,Intermediate,0,5,349.0,28.546,34.992,28.546
Monaco GP,George Russell,Mercedes-AMG,63,15,91.515,Soft,0,6,330.0,28.37,34.776,28.37
Monaco GP,George Russell,Mercedes-AMG,63,16,91.574,Hard,0,6,324.5,28.388,34.798,28.388
Monaco GP,George Russell,Mercedes-AMG,63,17,92.477,Soft,0,2,329.8,28.668,35.141,28.668
Monaco GP,George Russell,Mercedes-AMG,63,18,91.972,Soft,0,3,341.0,28.511,34.949,28.511
Monaco GP,George Russell,Mercedes-AMG,63,19,91.726,Soft,0,7,322.3,28.435,34.856,28.435
Monaco GP,George Russell,Mercedes-AMG,63,20,91.07,Medium,1,5,331.4,28.232,34.607,28.232
Monaco GP,George Russell,Mercedes-AMG,63,21,92.242,Medium,0,4,297.7,28.595,35.052,28.595
Monaco GP,George Russell,Mercedes-AMG,63,22,91.007,Intermediate,0,3,345.2,28.212,34.583,28.212
Monaco GP,George Russell,Mercedes-AMG,63,23,91.577,Hard,0,3,339.3,28.389,34.799,28.389
Monaco GP,George Russell,Mercedes-AMG,63,24,92.023,Medium,0,1,313.4,28.527,34.969,28.527
Monaco GP,George Russell,Mercedes-AMG,63,25,92.137,Hard,0,5,333.9,28.562,35.012,28.562
Monaco GP,George Russell,Mercedes-AMG,63,26,92.171,Medium,0,4,297.4,28.573,35.025,28.573
Monaco GP,George Russell,Mercedes-AMG,63,27,92.079,Soft,0,4,318.0,28.544,34.99,28.544
Monaco GP,George Russell,Mercedes-AMG,63,28,91.919,Soft,0,5,333.1,28.495,34.929,28.495
Monaco GP,George Russell,Mercedes-AMG,63,29,91.586,Soft,0,6,329.9,28.392,34.803,28.392
Monaco GP,George Russell,Mercedes-AMG,63,30,92.04,Soft,0,10,300.2,28.532,34.975,28.532
Monaco GP,George Russell,Mercedes-AMG,63,31,91.882,Medium,0,2,307.1,28.483,34.915,28.483
Monaco GP,George Russell,Mercedes-AMG,63,32,91.94,Medium,0,8,314.1,28.501,34.937,28.501
Monaco GP,George Russell,Mercedes-AMG,63,33,91.485,Intermediate,0,7,330.6,28.36,34.764,28.36
Monaco GP,George Russell,Mercedes-AMG,63,34,91.514,Soft,0,4,339.0,28.369,34.775,28.369
Monaco GP,George Russell,Mercedes-AMG,63,35,91.344,Soft,0,6,331.6,28.317,34.711,28.317
Monaco GP,George Russell,Mercedes-AMG,63,36,91.301,Medium,1,5,306.8,28.303,34.694,28.303
Monaco GP,George Russell,Mercedes-AMG,63,37,91.196,Hard,0,6,342.1,28.271,34.654,28.271
Monaco GP,George Russell,Mercedes-AMG,63,38,91.936,Intermediate,0,9,311.9,28.5,34.936,28.5
Monaco GP,George Russell,Mercedes-AMG,63,39,91.824,Hard,0,7,307.8,28.465,34.893,28.465
Monaco GP,George Russell,Mercedes-AMG,63,40,91.353,Medium,0,7,347.7,28.319,34.714,28.319
Monaco GP,George Russell,Mercedes-AMG,63,41,91.916,Hard,0,5,335.1,28.494,34.928,28.494
Monaco GP,George Russell,Mercedes-AMG,63,42,91.474,Soft,0,3,309.1,28.357,34.76,28.357
Monaco GP,George Russell,Mercedes-AMG,63,43,92.041,Hard,0,5,315.9,28.533,34.976,28.533
Monaco GP,George Russell,Mercedes-AMG,63,44,91.295,Hard,0,8,331.5,28.301,34.692,28.301
Monaco GP,George Russell,Mercedes-AMG,63,45,91.255,Medium,0,2,336.8,28.289,34.677,28.289
Monaco GP,George Russell,Mercedes-AMG,63,46,91.374,Medium,0,3,319.0,28.326,34.722,28.326
Monaco GP,George Russell,Mercedes-AMG,63,47,92.191,Hard,0,6,321.7,28.579,35.033,28.579
Monaco GP,George Russell,Mercedes-AMG,63,48,92.047,Medium,1,4,310.3,28.535,34.978,28.535
Monaco GP,George Russell,Mercedes-AMG,63,49,91.352,Soft,0,4,340.7,28.319,34.714,28.319
Monaco GP,George Russell,Mercedes-AMG,63,50,91.442,Medium,0,5,299.5,28.347,34.748,28.347
Monaco GP,George Russell,Mercedes-AMG,63,51,91.719,Hard,0,3,328.0,28.433,34.853,28.433
Monaco GP,George Russell,Mercedes-AMG,63,52,92.114,Medium,1,4,334.0,28.555,35.003,28.555
Monaco GP,George Russell,Mercedes-AMG,63,53,91.736,Hard,0,7,348.4,28.438,34.86,28.438
Monaco GP,George Russell,Mercedes-AMG,63,54,91.944,Soft,0,3,312.8,28.503,34.939,28.503
Monaco GP,George Russell,Mercedes-AMG,63,55,91.649,Hard,0,2,318.3,28.411,34.827,28.411
Monaco GP,George Russell,Mercedes-AMG,63,56,91.675,Medium,0,4,299.0,28.419,34.837,28.419
Monaco GP,George Russell,Mercedes-AMG,63,57,91.564,Hard,0,7,319.2,28.385,34.794,28.385
Monaco GP,George Russell,Mercedes-AMG,63,58,91.718,Intermediate,0,5,326.1,28.433,34.853,28.433
Monaco GP,George Russell,Mercedes-AMG,63,59,91.815,Soft,0,5,316.8,28.463,34.89,28.463
Monaco GP,George Russell,Mercedes-AMG,63,60,91.679,Hard,0,6,330.9,28.42,34.838,28.42
Monaco GP,George Russell,Mercedes-AMG,63,61,91.303,Soft,0,2,336.8,28.304,34.695,28.304
Monaco GP,George Russell,Mercedes-AMG,63,62,92.008,Soft,0,6,317.6,28.522,34.963,28.522
Monaco GP,George Russell,Mercedes-AMG,63,63,91.887,Soft,0,6,347.5,28.485,34.917,28.485
Monaco GP,Fernando Alonso,Aston Martin,14,1,92.561,Soft,0,6,325.4,28.694,35.173,28.694
Monaco GP,Fernando Alonso,Aston Martin,14,2,92.153,Soft,0,9,315.6,28.567,35.018,28.567
Monaco GP,Fernando Alonso,Aston Martin,14,3,92.562,Soft,0,4,312.9,28.694,35.174,28.694
Monaco GP,Fernando Alonso,Aston Martin,14,4,91.855,Soft,0,9,344.1,28.475,34.905,28.475
Monaco GP,Fernando Alonso,Aston Martin,14,5,92.329,Hard,0,7,329.8,28.622,35.085,28.622
Monaco GP,Fernando Alonso,Aston Martin,14,6,91.946,Medium,0,6,316.7,28.503,34.939,28.503
Monaco GP,Fernando Alonso,Aston Martin,14,7,92.013,Medium,0,6,334.1,28.524,34.965,28.524
Monaco GP,Fernando Alonso,Aston Martin,14,8,92.666,Intermediate,0,6,339.2,28.726,35.213,28.726
Monaco GP,Fernando Alonso,Aston Martin,14,9,92.209,Soft,0,9,348.3,28.585,35.039,28.585
Monaco GP,Fernando Alonso,Aston Martin,14,10,92.877,Hard,0,4,313.7,28.792,35.293,28.792
Monaco GP,Fernando Alonso,Aston Martin,14,11,92.129,Soft,0,5,317.9,28.56,35.009,28.56
Monaco GP,Fernando Alonso,Aston Martin,14,12,92.579,Medium,0,9,309.7,28.699,35.18,28.699
Monaco GP,Fernando Alonso,Aston Martin,14,13,92.441,Hard,0,5,340.7,28.657,35.128,28.657
Monaco GP,Fernando Alonso,Aston Martin,14,14,92.705,Medium,0,8,328.4,28.739,35.228,28.739
Monaco GP,Fernando Alonso,Aston Martin,14,15,92.479,Soft,0,10,311.4,28.668,35.142,28.668
Monaco GP,Fernando Alonso,Aston Martin,14,16,92.364,Soft,0,6,318.6,28.633,35.098,28.633
Monaco GP,Fernando Alonso,Aston Martin,14,17,92.413,Hard,0,8,323.5,28.648,35.117,28.648
Monaco GP,Fernando Alonso,Aston Martin,14,18,92.763,Medium,0,4,314.3,28.757,35.25,28.757
Monaco GP,Fernando Alonso,Aston Martin,14,19,92.308,Soft,0,8,311.7,28.615,35.077,28.615
Monaco GP,Fernando Alonso,Aston Martin,14,20,93.047,Medium,0,7,307.2,28.845,35.358,28.845
Monaco GP,Fernando Alonso,Aston Martin,14,21,92.955,Soft,0,7,339.0,28.816,35.323,28.816
Monaco GP,Fernando Alonso,Aston Martin,14,22,92.552,Hard,1,5,337.2,28.691,35.17,28.691
Monaco GP,Fernando Alonso,Aston Martin,14,23,92.868,Hard,0,3,342.6,28.789,35.29,28.789
Monaco GP,Fernando Alonso,Aston Martin,14,24,92.734,Medium,0,8,331.5,28.748,35.239,28.748
Monaco GP,Fernando Alonso,Aston Martin,14,25,92.178,Soft,1,2,342.2,28.575,35.028,28.575
Monaco GP,Fernando Alonso,Aston Martin,14,26,92.069,Hard,0,6,333.2,28.541,34.986,28.541
Monaco GP,Fernando Alonso,Aston Martin,14,27,92.48,Medium,0,8,313.5,28.669,35.142,28.669
Monaco GP,Fernando Alonso,Aston Martin,14,28,92.157,Medium,0,7,312.0,28.569,35.02,28.569
Monaco GP,Fernando Alonso,Aston Martin,14,29,92.677,Medium,0,10,329.1,28.73,35.217,28.73
Monaco GP,Fernando Alonso,Aston Martin,14,30,92.682,Medium,0,9,314.2,28.731,35.219,28.731
Monaco GP,Fernando Alonso,Aston Martin,14,31,92.458,Medium,0,5,321.7,28.662,35.134,28.662
Monaco GP,Fernando Alonso,Aston Martin,14,32,92.391,Medium,0,7,317.1,28.641,35.109,28.641
Monaco GP,Fernando Alonso,Aston Martin,14,33,93.13,Hard,0,6,329.5,28.87,35.389,28.87
Monaco GP,Fernando Alonso,Aston Martin,14,34,92.692,Soft,0,3,319.4,28.735,35.223,28.735
Monaco GP,Fernando Alonso,Aston Martin,14,35,91.967,Medium,0,5,329.8,28.51,34.947,28.51
Monaco GP,Fernando Alonso,Aston Martin,14,36,92.728,Hard,0,5,334.6,28.746,35.237,28.746
Monaco GP,Fernando Alonso,Aston Martin,14,37,92.462,Medium,0,2,326.5,28.663,35.136,28.663
Monaco GP,Fernando Alonso,Aston Martin,14,38,92.119,Intermediate,0,7,334.3,28.557,35.005,28.557
Monaco GP,Fernando Alonso,Aston Martin,14,39,92.344,Soft,0,6,300.5,28.627,35.091,28.627
Monaco GP,Fernando Alonso,Aston Martin,14,40,92.508,Soft,0,3,336.7,28.677,35.153,28.677
Monaco GP,Fernando Alonso,Aston Martin,14,41,93.079,Medium,0,7,326.6,28.854,35.37,28.854
Monaco GP,Fernando Alonso,Aston Martin,14,42,92.765,Soft,0,8,312.2,28.757,35.251,28.757
Monaco GP,Fernando Alonso,Aston Martin,14,43,92.606,Soft,0,7,326.8,28.708,35.19,28.708
Monaco GP,Fernando Alonso,Aston Martin,14,44,92.52,Intermediate,0,6,319.5,28.681,35.158,28.681
Monaco GP,Fernando Alonso,Aston Martin,14,45,91.968,Medium,0,8,315.2,28.51,34.948,28.51
Monaco GP,Fernando Alonso,Aston Martin,14,46,92.965,Soft,0,8,320.0,28.819,35.327,28.819
Monaco GP,Fernando Alonso,Aston Martin,14,47,92.198,Hard,0,7,307.7,28.581,35.035,28.581
Monaco GP,Fernando Alonso,Aston Martin,14,48,93.264,Medium,0,5,310.0,28.912,35.44,28.912
Monaco GP,Fernando Alonso,Aston Martin,14,49,92.688,Medium,0,7,329.9,28.733,35.221,28.733
Monaco GP,Fernando Alonso,Aston Martin,14,50,92.738,Intermediate,0,9,321.4,28.749,35.24,28.749
Monaco GP,Fernando Alonso,Aston Martin,14,51,93.104,Soft,0,5,323.6,28.862,35.38,28.862
Monaco GP,Fernando Alonso,Aston Martin,14,52,92.628,Wet,0,11,331.5,28.715,35.199,28.715
Monaco GP,Fernando Alonso,Aston Martin,14,53,92.702,Medium,0,5,341.4,28.738,35.227,28.738
Monaco GP,Fernando Alonso,Aston Martin,14,54,92.121,Soft,0,7,305.0,28.558,35.006,28.558
Monaco GP,Fernando Alonso,Aston Martin,14,55,92.941,Hard,0,5,333.9,28.812,35.318,28.812
Monaco GP,Fernando Alonso,Aston Martin,14,56,92.327,Hard,0,7,318.6,28.621,35.084,28.621
Monaco GP,Fernando Alonso,Aston Martin,14,57,91.913,Soft,0,3,338.8,28.493,34.927,28.493
Monaco GP,Fernando Alonso,Aston Martin,14,58,92.596,Soft,0,5,339.3,28.705,35.186,28.705
Monaco GP,Fernando Alonso,Aston Martin,14,59,92.636,Hard,0,4,326.2,28.717,35.202,28.717
Monaco GP,Fernando Alonso,Aston Martin,14,60,92.665,Hard,0,7,348.7,28.726,35.213,28.726
Monaco GP,Fernando Alonso,Aston Martin,14,61,92.272,Medium,0,8,345.3,28.604,35.063,28.604
Monaco GP,Fernando Alonso,Aston Martin,14,62,92.744,Medium,0,8,345.8,28.751,35.243,28.751
Monaco GP,Fernando Alonso,Aston Martin,14,63,92.777,Hard,0,2,299.7,28.761,35.255,28.761
Monaco GP,Fernando Alonso,Aston Martin,14,64,92.313,Intermediate,0,11,302.9,28.617,35.079,28.617
Monaco GP,Fernando Alonso,Aston Martin,14,65,92.45,Medium,0,7,319.5,28.66,35.131,28.66
Monaco GP,Fernando Alonso,Aston Martin,14,66,92.783,Medium,1,5,342.4,28.763,35.258,28.763
Monaco GP,Fernando Alonso,Aston Martin,14,67,92.705,Soft,0,7,309.4,28.739,35.228,28.739
Monaco GP,Fernando Alonso,Aston Martin,14,68,92.105,Wet,0,7,301.1,28.553,35.0,28.553
Monaco GP,Fernando Alonso,Aston Martin,14,69,92.122,Medium,0,5,295.1,28.558,35.006,28.558
Monaco GP,Fernando Alonso,Aston Martin,14,70,92.507,Soft,0,7,297.5,28.677,35.153,28.677
Monaco GP,Fernando Alonso,Aston Martin,14,71,92.848,Medium,0,5,348.4,28.783,35.282,28.783
Monaco GP,Fernando Alonso,Aston Martin,14,72,92.326,Hard,0,6,295.1,28.621,35.084,28.621
Monaco GP,Fernando Alonso,Aston Martin,14,73,92.942,Soft,0,5,305.2,28.812,35.318,28.812
Monaco GP,Fernando Alonso,Aston Martin,14,74,91.841,Medium,0,4,316.7,28.471,34.9,28.471
Monaco GP,Fernando Alonso,Aston Martin,14,75,92.179,Medium,0,7,297.5,28.575,35.028,28.575
Monaco GP,Fernando Alonso,Aston Martin,14,76,92.392,Medium,0,8,309.1,28.642,35.109,28.642
Monaco GP,Fernando Alonso,Aston Martin,14,77,92.363,Medium,0,8,297.0,28.633,35.098,28.633
Monaco GP,Yuki Tsunoda,RB,22,1,88.74,Hard,0,9,338.8,27.509,33.721,27.509
Monaco GP,Yuki Tsunoda,RB,22,2,89.489,Hard,0,8,307.6,27.742,34.006,27.742
Monaco GP,Yuki Tsunoda,RB,22,3,89.414,Soft,0,6,332.5,27.718,33.977,27.718
Monaco GP,Yuki Tsunoda,RB,22,4,89.535,Medium,0,9,305.3,27.756,34.023,27.756
Monaco GP,Yuki Tsunoda,RB,22,5,89.293,Soft,0,5,304.6,27.681,33.931,27.681
Monaco GP,Yuki Tsunoda,RB,22,6,88.984,Soft,0,6,335.1,27.585,33.814,27.585
Monaco GP,Yuki Tsunoda,RB,22,7,89.363,Soft,0,6,301.2,27.703,33.958,27.703
Monaco GP,Yuki Tsunoda,RB,22,8,89.414,Medium,0,10,323.3,27.718,33.977,27.718
Monaco GP,Yuki Tsunoda,RB,22,9,89.943,Soft,0,9,325.0,27.882,34.178,27.882
Monaco GP,Yuki Tsunoda,RB,22,10,89.688,Medium,0,8,317.5,27.803,34.081,27.803
Monaco GP,Yuki Tsunoda,RB,22,11,89.684,Hard,0,10,312.1,27.802,34.08,27.802
Monaco GP,Yuki Tsunoda,RB,22,12,89.165,Hard,0,6,301.7,27.641,33.883,27.641
Monaco GP,Yuki Tsunoda,RB,22,13,89.412,Intermediate,0,8,303.3,27.718,33.977,27.718
Monaco GP,Yuki Tsunoda,RB,22,14,89.482,Medium,0,7,326.1,27.739,34.003,27.739
Monaco GP,Yuki Tsunoda,RB,22,15,89.03,Hard,0,9,300.5,27.599,33.831,27.599
Monaco GP,Yuki Tsunoda,RB,22,16,89.377,Soft,0,7,314.0,27.707,33.963,27.707
Monaco GP,Yuki Tsunoda,RB,22,17,90.218,Medium,0,7,309.0,27.968,34.283,27.968
Monaco GP,Yuki Tsunoda,RB,22,18,88.967,Medium,0,9,339.5,27.58,33.807,27.58
Monaco GP,Yuki Tsunoda,RB,22,19,89.449,Medium,1,9,336.6,27.729,33.991,27.729
Monaco GP,Yuki Tsunoda,RB,22,20,89.754,Medium,0,6,342.2,27.824,34.107,27.824
Monaco GP,Yuki Tsunoda,RB,22,21,89.046,Medium,0,7,332.2,27.604,33.837,27.604
Monaco GP,Yuki Tsunoda,RB,22,22,89.331,Medium,0,5,297.5,27.693,33.946,27.693
Monaco GP,Yuki Tsunoda,RB,22,23,89.287,Medium,0,3,313.3,27.679,33.929,27.679
Monaco GP,Yuki Tsunoda,RB,22,24,89.841,Hard,0,8,337.9,27.851,34.14,27.851
Monaco GP,Yuki Tsunoda,RB,22,25,89.615,Hard,0,9,333.6,27.781,34.054,27.781
Monaco GP,Yuki Tsunoda,RB,22,26,89.734,Soft,0,8,349.5,27.818,34.099,27.818
Monaco GP,Yuki Tsunoda,RB,22,27,89.032,Soft,0,4,297.8,27.6,33.832,27.6
Monaco GP,Yuki Tsunoda,RB,22,28,89.479,Soft,0,7,317.7,27.738,34.002,27.738
Monaco GP,Yuki Tsunoda,RB,22,29,88.887,Intermediate,0,3,316.6,27.555,33.777,27.555
Monaco GP,Yuki Tsunoda,RB,22,30,89.386,Medium,0,10,320.4,27.71,33.967,27.71
Monaco GP,Yuki Tsunoda,RB,22,31,89.108,Medium,0,5,322.9,27.623,33.861,27.623
Monaco GP,Yuki Tsunoda,RB,22,32,89.716,Hard,0,10,328.5,27.812,34.092,27.812
Monaco GP,Yuki Tsunoda,RB,22,33,89.459,Hard,0,9,295.6,27.732,33.994,27.732
Monaco GP,Yuki Tsunoda,RB,22,34,89.41,Medium,0,6,298.7,27.717,33.976,27.717
Monaco GP,Yuki Tsunoda,RB,22,35,90.08,Medium,0,5,343.6,27.925,34.23,27.925
Monaco GP,Yuki Tsunoda,RB,22,36,89.228,Soft,0,8,326.3,27.661,33.907,27.661
Monaco GP,Yuki Tsunoda,RB,22,37,89.043,Medium,0,6,343.4,27.603,33.836,27.603
Monaco GP,Yuki Tsunoda,RB,22,38,89.586,Soft,0,8,336.8,27.772,34.043,27.772
Monaco GP,Yuki Tsunoda,RB,22,39,89.423,Medium,0,7,331.3,27.721,33.981,27.721
Monaco GP,Yuki Tsunoda,RB,22,40,89.836,Hard,1,4,310.8,27.849,34.138,27.849
Monaco GP,Yuki Tsunoda,RB,22,41,89.393,Hard,0,3,338.3,27.712,33.969,27.712
Monaco GP,Yuki Tsunoda,RB,22,42,89.621,Soft,0,8,296.2,27.783,34.056,27.783
Monaco GP,Yuki Tsunoda,RB,22,43,90.132,Hard,0,6,326.1,27.941,34.25,27.941
Monaco GP,Yuki Tsunoda,RB,22,44,90.027,Soft,0,6,331.0,27.908,34.21,27.908
Monaco GP,Yuki Tsunoda,RB,22,45,89.29,Medium,0,9,327.9,27.68,33.93,27.68
Monaco GP,Yuki Tsunoda,RB,22,46,89.204,Medium,0,10,296.8,27.653,33.898,27.653
Monaco GP,Yuki Tsunoda,RB,22,47,89.673,Medium,0,7,313.5,27.799,34.076,27.799
Monaco GP,Yuki Tsunoda,RB,22,48,89.633,Soft,0,7,338.1,27.786,34.061,27.786
Monaco GP,Yuki Tsunoda,RB,22,49,89.087,Medium,0,9,324.1,27.617,33.853,27.617
Monaco GP,Yuki Tsunoda,RB,22,50,89.765,Medium,0,5,348.4,27.827,34.111,27.827
Monaco GP,Yuki Tsunoda,RB,22,51,89.221,Medium,0,8,325.3,27.659,33.904,27.659
Monaco GP,Yuki Tsunoda,RB,22,52,89.324,Soft,0,9,334.7,27.69,33.943,27.69
Monaco GP,Yuki Tsunoda,RB,22,53,89.167,Soft,0,9,296.9,27.642,33.883,27.642
Monaco GP,Yuki Tsunoda,RB,22,54,89.494,Medium,0,4,348.0,27.743,34.008,27.743
Monaco GP,Yuki Tsunoda,RB,22,55,89.968,Hard,0,6,339.6,27.89,34.188,27.89
Monaco GP,Yuki Tsunoda,RB,22,56,89.961,Medium,0,6,308.8,27.888,34.185,27.888
Monaco GP,Yuki Tsunoda,RB,22,57,89.84,Hard,0,8,326.7,27.85,34.139,27.85
Monaco GP,Yuki Tsunoda,RB,22,58,89.455,Medium,0,8,301.3,27.731,33.993,27.731
Monaco GP,Yuki Tsunoda,RB,22,59,89.69,Medium,0,10,295.4,27.804,34.082,27.804
Monaco GP,Yuki Tsunoda,RB,22,60,88.77,Soft,0,7,321.8,27.519,33.733,27.519
Monaco GP,Yuki Tsunoda,RB,22,61,89.178,Soft,0,7,335.2,27.645,33.888,27.645
Monaco GP,Yuki Tsunoda,RB,22,62,89.604,Medium,0,10,347.1,27.777,34.05,27.777
Monaco GP,Yuki Tsunoda,RB,22,63,89.485,Medium,0,8,298.1,27.74,34.004,27.74
Monaco GP,Yuki Tsunoda,RB,22,64,89.222,Medium,0,10,337.9,27.659,33.904,27.659
Monaco GP,Yuki Tsunoda,RB,22,65,89.569,Medium,0,8,310.2,27.766,34.036,27.766
Monaco GP,Yuki Tsunoda,RB,22,66,89.447,Soft,0,5,345.0,27.729,33.99,27.729
Monaco GP,Yuki Tsunoda,RB,22,67,89.553,Intermediate,0,5,306.1,27.761,34.03,27.761
Monaco GP,Yuki Tsunoda,RB,22,68,89.589,Intermediate,0,4,306.9,27.773,34.044,27.773
Monaco GP,Yuki Tsunoda,RB,22,69,89.692,Hard,1,9,319.5,27.805,34.083,27.805
Monaco GP,Yuki Tsunoda,RB,22,70,89.312,Soft,0,10,313.8,27.687,33.939,27.687
Monaco GP,Yuki Tsunoda,RB,22,71,89.638,Soft,0,11,334.7,27.788,34.062,27.788
Monaco GP,Yuki Tsunoda,RB,22,72,90.071,Wet,0,9,296.5,27.922,34.227,27.922
Monaco GP,Yuki Tsunoda,RB,22,73,89.591,Soft,0,10,303.5,27.773,34.045,27.773
Monaco GP,Yuki Tsunoda,RB,22,74,89.222,Soft,0,6,341.3,27.659,33.904,27.659
Monaco GP,Alexander Albon,Williams,23,1,90.267,Medium,0,6,313.9,27.983,34.301,27.983
Monaco GP,Alexander Albon,Williams,23,2,90.534,Soft,0,10,339.1,28.066,34.403,28.066
Monaco GP,Alexander Albon,Williams,23,3,90.288,Wet,0,9,313.4,27.989,34.309,27.989
Monaco GP,Alexander Albon,Williams,23,4,90.584,Wet,0,9,345.3,28.081,34.422,28.081
Monaco GP,Alexander Albon,Williams,23,5,90.251,Soft,0,9,303.7,27.978,34.295,27.978
Monaco GP,Alexander Albon,Williams,23,6,89.851,Intermediate,0,9,333.1,27.854,34.143,27.854
Monaco GP,Alexander Albon,Williams,23,7,90.357,Wet,0,11,335.0,28.011,34.336,28.011
Monaco GP,Alexander Albon,Williams,23,8,90.557,Hard,0,11,321.4,28.073,34.412,28.073
Monaco GP,Alexander Albon,Williams,23,9,90.454,Soft,0,10,342.3,28.041,34.373,28.041
Monaco GP,Alexander Albon,Williams,23,10,90.069,Wet,0,10,314.9,27.921,34.226,27.921
Monaco GP,Alexander Albon,Williams,23,11,90.276,Hard,0,10,307.3,27.986,34.305,27.986
Monaco GP,Alexander Albon,Williams,23,12,90.683,Medium,0,8,309.9,28.112,34.46,28.112
Monaco GP,Alexander Albon,Williams,23,13,90.154,Medium,0,10,347.9,27.948,34.259,27.948
Monaco GP,Alexander Albon,Williams,23,14,90.659,Soft,0,6,318.0,28.104,34.45,28.104
Monaco GP,Alexander Albon,Williams,23,15,90.494,Soft,0,11,317.3,28.053,34.388,28.053
Monaco GP,Alexander Albon,Williams,23,16,90.131,Soft,0,6,307.1,27.941,34.25,27.941
Monaco GP,Alexander Albon,Williams,23,17,90.606,Hard,0,9,345.8,28.088,34.43,28.088
Monaco GP,Alexander Albon,Williams,23,18,90.402,Soft,0,7,301.0,28.025,34.353,28.025
Monaco GP,Alexander Albon,Williams,23,19,89.866,Soft,0,10,345.1,27.858,34.149,27.858
Monaco GP,Alexander Albon,Williams,23,20,91.01,Medium,0,8,343.3,28.213,34.584,28.213
Monaco GP,Alexander Albon,Williams,23,21,89.877,Medium,1,5,307.0,27.862,34.153,27.862
Monaco GP,Alexander Albon,Williams,23,22,91.257,Soft,1,9,304.0,28.29,34.678,28.29
Monaco GP,Alexander Albon,Williams,23,23,90.647,Medium,1,7,328.9,28.101,34.446,28.101
Monaco GP,Alexander Albon,Williams,23,24,91.027,Medium,0,10,349.1,28.218,34.59,28.218
Monaco GP,Alexander Albon,Williams,23,25,89.776,Soft,0,9,337.3,27.831,34.115,27.831
Monaco GP,Alexander Albon,Williams,23,26,90.307,Hard,0,9,312.8,27.995,34.317,27.995
Monaco GP,Alexander Albon,Williams,23,27,90.14,Medium,0,7,333.7,27.943,34.253,27.943
Monaco GP,Alexander Albon,Williams,23,28,90.767,Medium,0,7,311.6,28.138,34.491,28.138
Monaco GP,Alexander Albon,Williams,23,29,89.898,Hard,0,8,312.5,27.868,34.161,27.868
Monaco GP,Alexander Albon,Williams,23,30,90.373,Medium,0,10,317.0,28.016,34.342,28.016
Monaco GP,Alexander Albon,Williams,23,31,90.401,Hard,0,12,319.4,28.024,34.352,28.024
Monaco GP,Alexander Albon,Williams,23,32,90.123,Medium,0,7,311.8,27.938,34.247,27.938
Monaco GP,Alexander Albon,Williams,23,33,90.385,Soft,0,11,342.0,28.019,34.346,28.019
Monaco GP,Alexander Albon,Williams,23,34,90.81,Soft,0,4,325.7,28.151,34.508,28.151
Monaco GP,Alexander Albon,Williams,23,35,90.107,Hard,0,6,300.4,27.933,34.241,27.933
Monaco GP,Alexander Albon,Williams,23,36,90.827,Soft,0,7,308.7,28.156,34.514,28.156
Monaco GP,Alexander Albon,Williams,23,37,90.819,Medium,0,6,341.5,28.154,34.511,28.154
Monaco GP,Alexander Albon,Williams,23,38,90.125,Soft,0,5,315.6,27.939,34.248,27.939
Monaco GP,Alexander Albon,Williams,23,39,90.038,Medium,0,9,345.4,27.912,34.214,27.912
Monaco GP,Alexander Albon,Williams,23,40,90.046,Soft,0,8,340.0,27.914,34.217,27.914
Monaco GP,Alexander Albon,Williams,23,41,90.358,Medium,0,9,342.3,28.011,34.336,28.011
Monaco GP,Alexander Albon,Williams,23,42,90.946,Soft,0,10,310.0,28.193,34.559,28.193
Monaco GP,Alexander Albon,Williams,23,43,90.651,Hard,0,9,316.6,28.102,34.447,28.102
Monaco GP,Alexander Albon,Williams,23,44,90.393,Medium,0,10,342.1,28.022,34.349,28.022
Monaco GP,Alexander Albon,Williams,23,45,90.297,Hard,0,8,337.4,27.992,34.313,27.992
Monaco GP,Alexander Albon,Williams,23,46,90.824,Hard,1,6,344.7,28.155,34.513,28.155
Monaco GP,Alexander Albon,Williams,23,47,90.533,Hard,0,11,346.2,28.065,34.403,28.065
Monaco GP,Alexander Albon,Williams,23,48,90.922,Soft,0,7,342.2,28.186,34.55,28.186
Monaco GP,Alexander Albon,Williams,23,49,91.096,Hard,0,7,318.8,28.24,34.616,28.24
Monaco GP,Alexander Albon,Williams,23,50,90.255,Medium,0,8,317.5,27.979,34.297,27.979
Monaco GP,Alexander Albon,Williams,23,51,90.291,Hard,0,7,341.5,27.99,34.311,27.99
Monaco GP,Alexander Albon,Williams,23,52,90.552,Hard,0,8,308.1,28.071,34.41,28.071
Monaco GP,Alexander Albon,Williams,23,53,90.582,Medium,0,9,312.2,28.08,34.421,28.08
Monaco GP,Alexander Albon,Williams,23,54,90.051,Medium,0,9,322.6,27.916,34.219,27.916
Monaco GP,Alexander Albon,Williams,23,55,90.159,Medium,0,7,311.8,27.949,34.26,27.949
Monaco GP,Alexander Albon,Williams,23,56,90.502,Intermediate,0,8,297.3,28.056,34.391,28.056
Monaco GP,Alexander Albon,Williams,23,57,89.847,Soft,0,11,335.3,27.853,34.142,27.853
Monaco GP,Alexander Albon,Williams,23,58,90.569,Medium,0,9,323.8,28.076,34.416,28.076
Monaco GP,Alexander Albon,Williams,23,59,89.987,Soft,0,13,331.1,27.896,34.195,27.896
Monaco GP,Alexander Albon,Williams,23,60,90.433,Soft,0,11,321.0,28.034,34.365,28.034
Monaco GP,Alexander Albon,Williams,23,61,90.58,Medium,0,11,346.2,28.08,34.42,28.08
Monaco GP,Alexander Albon,Williams,23,62,90.834,Hard,0,6,313.4,28.159,34.517,28.159
Monaco GP,Alexander Albon,Williams,23,63,90.48,Soft,0,10,304.7,28.049,34.382,28.049
Monaco GP,Alexander Albon,Williams,23,64,90.598,Hard,0,8,340.3,28.085,34.427,28.085
Monaco GP,Alexander Albon,Williams,23,65,90.925,Soft,0,7,329.8,28.187,34.551,28.187
Monaco GP,Alexander Albon,Williams,23,66,90.199,Soft,0,9,307.3,27.962,34.276,27.962
Monaco GP,Alexander Albon,Williams,23,67,90.142,Hard,0,10,347.4,27.944,34.254,27.944
Monaco GP,Alexander Albon,Williams,23,68,90.114,Wet,0,10,306.2,27.935,34.243,27.935
Monaco GP,Alexander Albon,Williams,23,69,90.313,Medium,0,7,346.9,27.997,34.319,27.997
Monaco GP,Alexander Albon,Williams,23,70,90.785,Medium,0,10,342.8,28.143,34.498,28.143
Monaco GP,Alexander Albon,Williams,23,71,91.233,Soft,0,7,314.5,28.282,34.669,28.282
Monaco GP,Alexander Albon,Williams,23,72,90.421,Medium,1,9,306.4,28.031,34.36,28.031
Monaco GP,Alexander Albon,Williams,23,73,90.417,Medium,0,8,306.5,28.029,34.358,28.029
Monaco GP,Alexander Albon,Williams,23,74,89.86,Medium,0,8,318.6,27.857,34.147,27.857
Monaco GP,Alexander Albon,Williams,23,75,90.325,Medium,0,10,296.0,28.001,34.324,28.001
Monaco GP,Alexander Albon,Williams,23,76,90.313,Medium,1,6,327.6,27.997,34.319,27.997
Monaco GP,Alexander Albon,Williams,23,77,90.355,Soft,0,12,332.0,28.01,34.335,28.01
Monaco GP,Alexander Albon,Williams,23,78,89.899,Hard,0,5,347.5,27.869,34.162,27.869
Monaco GP,Nico Hulkenberg,Kick Sauber,27,1,88.162,Medium,0,8,322.9,27.33,33.502,27.33
Monaco GP,Nico Hulkenberg,Kick Sauber,27,2,88.739,Medium,0,10,326.2,27.509,33.721,27.509
Monaco GP,Nico Hulkenberg,Kick Sauber,27,3,88.618,Medium,0,11,302.4,27.472,33.675,27.472
Monaco GP,Nico Hulkenberg,Kick Sauber,27,4,88.359,Soft,0,9,308.7,27.391,33.576,27.391
Monaco GP,Nico Hulkenberg,Kick Sauber,27,5,88.319,Soft,0,9,311.0,27.379,33.561,27.379
Monaco GP,Nico Hulkenberg,Kick Sauber,27,6,88.489,Intermediate,0,10,322.0,27.432,33.626,27.432
Monaco GP,Nico Hulkenberg,Kick Sauber,27,7,89.177,Medium,0,9,312.3,27.645,33.887,27.645
Monaco GP,Nico Hulkenberg,Kick Sauber,27,8,88.66,Medium,0,12,333.1,27.485,33.691,27.485
Monaco GP,Nico Hulkenberg,Kick Sauber,27,9,88.816,Medium,0,11,313.5,27.533,33.75,27.533
Monaco GP,Nico Hulkenberg,Kick Sauber,27,10,89.058,Soft,0,11,302.0,27.608,33.842,27.608
Monaco GP,Nico Hulkenberg,Kick Sauber,27,11,89.143,Soft,0,8,316.0,27.634,33.874,27.634
Monaco GP,Nico Hulkenberg,Kick Sauber,27,12,89.224,Intermediate,0,9,314.8,27.659,33.905,27.659
Monaco GP,Nico Hulkenberg,Kick Sauber,27,13,89.162,Hard,0,9,345.8,27.64,33.882,27.64
Monaco GP,Nico Hulkenberg,Kick Sauber,27,14,89.064,Intermediate,0,7,298.8,27.61,33.844,27.61
Monaco GP,Nico Hulkenberg,Kick Sauber,27,15,89.147,Hard,0,10,307.0,27.636,33.876,27.636
Monaco GP,Nico Hulkenberg,Kick Sauber,27,16,89.041,Hard,0,8,329.9,27.603,33.836,27.603
Monaco GP,Nico Hulkenberg,Kick Sauber,27,17,88.502,Soft,0,11,313.0,27.436,33.631,27.436
Monaco GP,Nico Hulkenberg,Kick Sauber,27,18,88.807,Medium,0,7,311.7,27.53,33.747,27.53
Monaco GP,Nico Hulkenberg,Kick Sauber,27,19,88.253,Wet,0,13,303.2,27.358,33.536,27.358
Monaco GP,Nico Hulkenberg,Kick Sauber,27,20,88.479,Hard,0,8,320.4,27.428,33.622,27.428
Monaco GP,Nico Hulkenberg,Kick Sauber,27,21,88.761,Soft,0,10,345.2,27.516,33.729,27.516
Monaco GP,Nico Hulkenberg,Kick Sauber,27,22,88.659,Medium,0,11,345.6,27.484,33.69,27.484
Monaco GP,Nico Hulkenberg,Kick Sauber,27,23,88.482,Medium,0,8,316.1,27.429,33.623,27.429
Monaco GP,Nico Hulkenberg,Kick Sauber,27,24,89.185,Hard,0,11,326.2,27.647,33.89,27.647
Monaco GP,Nico Hulkenberg,Kick Sauber,27,25,89.152,Hard,0,7,335.4,27.637,33.878,27.637
Monaco GP,Nico Hulkenberg,Kick Sauber,27,26,89.776,Soft,0,12,334.9,27.831,34.115,27.831
Monaco GP,Nico Hulkenberg,Kick Sauber,27,27,89.486,Soft,0,10,348.3,27.741,34.005,27.741
Monaco GP,Nico Hulkenberg,Kick Sauber,27,28,88.481,Soft,0,8,323.4,27.429,33.623,27.429
Monaco GP,Nico Hulkenberg,Kick Sauber,27,29,89.514,Medium,0,9,312.2,27.749,34.015,27.749
Monaco GP,Nico Hulkenberg,Kick Sauber,27,30,88.979,Soft,0,11,330.0,27.583,33.812,27.583
Monaco GP,Nico Hulkenberg,Kick Sauber,27,31,88.834,Medium,0,8,297.1,27.539,33.757,27.539
Monaco GP,Nico Hulkenberg,Kick Sauber,27,32,88.8,Soft,0,8,339.4,27.528,33.744,27.528
Monaco GP,Nico Hulkenberg,Kick Sauber,27,33,88.531,Hard,0,9,324.0,27.445,33.642,27.445
Monaco GP,Nico Hulkenberg,Kick Sauber,27,34,88.198,Hard,0,7,337.0,27.341,33.515,27.341
Monaco GP,Nico Hulkenberg,Kick Sauber,27,35,88.712,Intermediate,0,13,320.2,27.501,33.711,27.501
Monaco GP,Nico Hulkenberg,Kick Sauber,27,36,89.052,Medium,0,8,296.5,27.606,33.84,27.606
Monaco GP,Nico Hulkenberg,Kick Sauber,27,37,89.602,Soft,0,11,319.7,27.777,34.049,27.777
Monaco GP,Nico Hulkenberg,Kick Sauber,27,38,88.478,Soft,0,10,299.9,27.428,33.622,27.428
Monaco GP,Nico Hulkenberg,Kick Sauber,27,39,88.631,Hard,0,8,307.3,27.476,33.68,27.476
Monaco GP,Nico Hulkenberg,Kick Sauber,27,40,88.937,Soft,0,9,333.7,27.57,33.796,27.57
Monaco GP,Nico Hulkenberg,Kick Sauber,27,41,89.203,Medium,0,11,332.7,27.653,33.897,27.653
Monaco GP,Nico Hulkenberg,Kick Sauber,27,42,89.214,Medium,0,9,311.2,27.656,33.901,27.656
Monaco GP,Nico Hulkenberg,Kick Sauber,27,43,88.424,Soft,0,12,296.2,27.411,33.601,27.411
Monaco GP,Nico Hulkenberg,Kick Sauber,27,44,89.532,Medium,1,12,343.2,27.755,34.022,27.755
Monaco GP,Nico Hulkenberg,Kick Sauber,27,45,89.328,Hard,0,11,323.0,27.692,33.945,27.692
Monaco GP,Nico Hulkenberg,Kick Sauber,27,46,89.28,Soft,0,9,296.4,27.677,33.926,27.677
Monaco GP,Nico Hulkenberg,Kick Sauber,27,47,89.114,Medium,0,7,319.4,27.625,33.863,27.625
Monaco GP,Nico Hulkenberg,Kick Sauber,27,48,88.525,Intermediate,0,8,339.5,27.443,33.64,27.443
Monaco GP,Nico Hulkenberg,Kick Sauber,27,49,88.22,Intermediate,0,10,319.3,27.348,33.524,27.348
Monaco GP,Nico Hulkenberg,Kick Sauber,27,50,89.855,Soft,0,11,304.4,27.855,34.145,27.855
Monaco GP,Nico Hulkenberg,Kick Sauber,27,51,88.387,Intermediate,0,5,313.4,27.4,33.587,27.4
Monaco GP,Nico Hulkenberg,Kick Sauber,27,52,88.883,Soft,1,9,311.7,27.554,33.776,27.554
Monaco GP,Nico Hulkenberg,Kick Sauber,27,53,90.008,Medium,0,10,307.6,27.902,34.203,27.902
Monaco GP,Nico Hulkenberg,Kick Sauber,27,54,88.773,Hard,0,9,314.8,27.52,33.734,27.52
Monaco GP,Nico Hulkenberg,Kick Sauber,27,55,89.213,Medium,0,12,316.2,27.656,33.901,27.656
Monaco GP,Nico Hulkenberg,Kick Sauber,27,56,88.386,Medium,0,10,347.6,27.4,33.587,27.4
Monaco GP,Nico Hulkenberg,Kick Sauber,27,57,89.344,Soft,0,12,306.9,27.697,33.951,27.697
Monaco GP,Nico Hulkenberg,Kick Sauber,27,58,89.117,Soft,0,9,322.2,27.626,33.864,27.626
Monaco GP,Nico Hulkenberg,Kick Sauber,27,59,88.365,Hard,0,11,340.2,27.393,33.579,27.393
Monaco GP,Nico Hulkenberg,Kick Sauber,27,60,89.277,Soft,1,13,342.6,27.676,33.925,27.676
Monaco GP,Nico Hulkenberg,Kick Sauber,27,61,88.943,Soft,0,12,349.5,27.572,33.798,27.572
Monaco GP,Nico Hulkenberg,Kick Sauber,27,62,88.622,Soft,0,7,345.5,27.473,33.676,27.473
Monaco GP,Nico Hulkenberg,Kick Sauber,27,63,88.335,Soft,0,9,325.8,27.384,33.567,27.384
Monaco GP,Nico Hulkenberg,Kick Sauber,27,64,88.566,Medium,0,9,301.5,27.455,33.655,27.455
Monaco GP,Nico Hulkenberg,Kick Sauber,27,65,88.67,Medium,0,10,328.7,27.488,33.695,27.488
Monaco GP,Nico Hulkenberg,Kick Sauber,27,66,88.941,Medium,0,11,333.2,27.572,33.798,27.572
Monaco GP,Nico Hulkenberg,Kick Sauber,27,67,89.126,Hard,0,8,314.8,27.629,33.868,27.629
Monaco GP,Nico Hulkenberg,Kick Sauber,27,68,88.607,Hard,0,10,331.4,27.468,33.671,27.468
Monaco GP,Nico Hulkenberg,Kick Sauber,27,69,89.353,Hard,0,5,316.9,27.699,33.954,27.699
Monaco GP,Nico Hulkenberg,Kick Sauber,27,70,88.491,Hard,0,12,313.1,27.432,33.627,27.432
Monaco GP,Nico Hulkenberg,Kick Sauber,27,71,88.385,Soft,0,8,338.1,27.399,33.586,27.399
Monaco GP,Nico Hulkenberg,Kick Sauber,27,72,88.843,Soft,0,10,318.3,27.541,33.76,27.541
Monaco GP,Nico Hulkenberg,Kick Sauber,27,73,88.885,Soft,0,9,338.3,27.554,33.776,27.554
Monaco GP,Nico Hulkenberg,Kick Sauber,27,74,88.266,Soft,0,12,332.0,27.362,33.541,27.362
Monaco GP,Nico Hulkenberg,Kick Sauber,27,75,88.82,Hard,0,4,340.8,27.534,33.752,27.534
Monaco GP,Nico Hulkenberg,Kick Sauber,27,76,89.175,Hard,0,9,341.9,27.644,33.886,27.644
Monaco GP,Nico Hulkenberg,Kick Sauber,27,77,89.002,Soft,0,9,309.5,27.591,33.821,27.591
Monaco GP,Nico Hulkenberg,Kick Sauber,27,78,88.82,Hard,0,9,347.2,27.534,33.752,27.534
Canadian GP,Max Verstappen,Red Bull Racing,1,1,91.709,Intermediate,0,4,298.9,28.43,34.849,28.43
Canadian GP,Max Verstappen,Red Bull Racing,1,2,90.834,Wet,0,1,302.5,28.159,34.517,28.159
Canadian GP,Max Verstappen,Red Bull Racing,1,3,90.98,Soft,0,2,340.2,28.204,34.572,28.204
Canadian GP,Max Verstappen,Red Bull Racing,1,4,90.895,Medium,0,1,340.6,28.177,34.54,28.177
Canadian GP,Max Verstappen,Red Bull Racing,1,5,91.075,Soft,0,3,328.4,28.233,34.608,28.233
Canadian GP,Max Verstappen,Red Bull Racing,1,6,91.203,Medium,0,1,317.8,28.273,34.657,28.273
Canadian GP,Max Verstappen,Red Bull Racing,1,7,90.911,Soft,0,1,338.0,28.182,34.546,28.182
Canadian GP,Max Verstappen,Red Bull Racing,1,8,91.72,Hard,0,3,302.7,28.433,34.854,28.433
Canadian GP,Max Verstappen,Red Bull Racing,1,9,91.699,Medium,0,1,345.1,28.427,34.846,28.427
Canadian GP,Max Verstappen,Red Bull Racing,1,10,91.551,Medium,0,1,328.3,28.381,34.789,28.381
Canadian GP,Max Verstappen,Red Bull Racing,1,11,91.289,Soft,0,1,344.9,28.3,34.69,28.3
Canadian GP,Max Verstappen,Red Bull Racing,1,12,91.387,Hard,0,1,336.8,28.33,34.727,28.33
Canadian GP,Max Verstappen,Red Bull Racing,1,13,91.924,Medium,0,2,318.9,28.496,34.931,28.496
Canadian GP,Max Verstappen,Red Bull Racing,1,14,92.125,Soft,0,1,307.1,28.559,35.008,28.559
Canadian GP,Max Verstappen,Red Bull Racing,1,15,91.605,Medium,0,1,325.9,28.398,34.81,28.398
Canadian GP,Max Verstappen,Red Bull Racing,1,16,91.269,Hard,0,2,337.4,28.293,34.682,28.293
Canadian GP,Max Verstappen,Red Bull Racing,1,17,91.428,Medium,0,1,346.1,28.343,34.743,28.343
Canadian GP,Max Verstappen,Red Bull Racing,1,18,91.121,Soft,0,1,295.9,28.248,34.626,28.248
Canadian GP,Max Verstappen,Red Bull Racing,1,19,92.422,Medium,1,1,317.7,28.651,35.12,28.651
Canadian GP,Max Verstappen,Red Bull Racing,1,20,91.194,Soft,0,2,323.0,28.27,34.654,28.27
Canadian GP,Max Verstappen,Red Bull Racing,1,21,90.846,Medium,0,1,331.2,28.162,34.521,28.162
Canadian GP,Max Verstappen,Red Bull Racing,1,22,91.491,Medium,0,1,328.1,28.362,34.767,28.362
Canadian GP,Max Verstappen,Red Bull Racing,1,23,92.491,Medium,1,3,298.7,28.672,35.147,28.672
Canadian GP,Max Verstappen,Red Bull Racing,1,24,91.274,Hard,0,2,298.5,28.295,34.684,28.295
Canadian GP,Max Verstappen,Red Bull Racing,1,25,91.856,Medium,0,4,334.1,28.475,34.905,28.475
Canadian GP,Max Verstappen,Red Bull Racing,1,26,91.465,Intermediate,0,1,342.5,28.354,34.757,28.354
Canadian GP,Max Verstappen,Red Bull Racing,1,27,91.217,Medium,0,1,306.3,28.277,34.662,28.277
Canadian GP,Max Verstappen,Red Bull Racing,1,28,91.718,Medium,0,1,296.8,28.433,34.853,28.433
Canadian GP,Max Verstappen,Red Bull Racing,1,29,91.174,Soft,0,1,302.7,28.264,34.646,28.264
Canadian GP,Max Verstappen,Red Bull Racing,1,30,91.66,Hard,0,1,297.2,28.415,34.831,28.415
Canadian GP,Max Verstappen,Red Bull Racing,1,31,91.287,Soft,0,2,330.0,28.299,34.689,28.299
Canadian GP,Max Verstappen,Red Bull Racing,1,32,92.031,Hard,0,1,325.0,28.53,34.972,28.53
Canadian GP,Max Verstappen,Red Bull Racing,1,33,91.424,Soft,0,2,341.5,28.341,34.741,28.341
Canadian GP,Max Verstappen,Red Bull Racing,1,34,91.346,Hard,0,2,319.0,28.317,34.711,28.317
Canadian GP,Max Verstappen,Red Bull Racing,1,35,91.803,Hard,0,5,329.6,28.459,34.885,28.459
Canadian GP,Max Verstappen,Red Bull Racing,1,36,91.491,Hard,0,1,313.3,28.362,34.767,28.362
Canadian GP,Max Verstappen,Red Bull Racing,1,37,91.172,Soft,0,1,301.3,28.263,34.645,28.263
Canadian GP,Max Verstappen,Red Bull Racing,1,38,91.932,Hard,0,1,318.6,28.499,34.934,28.499
Canadian GP,Max Verstappen,Red Bull Racing,1,39,91.091,Soft,0,1,349.8,28.238,34.615,28.238
Canadian GP,Max Verstappen,Red Bull Racing,1,40,91.085,Soft,0,3,307.7,28.236,34.612,28.236
Canadian GP,Max Verstappen,Red Bull Racing,1,41,92.019,Hard,0,1,305.9,28.526,34.967,28.526
Canadian GP,Max Verstappen,Red Bull Racing,1,42,91.198,Soft,0,1,337.2,28.271,34.655,28.271
Canadian GP,Max Verstappen,Red Bull Racing,1,43,91.472,Hard,0,1,342.9,28.356,34.759,28.356
Canadian GP,Max Verstappen,Red Bull Racing,1,44,91.439,Hard,0,2,328.7,28.346,34.747,28.346
Canadian GP,Max Verstappen,Red Bull Racing,1,45,91.517,Soft,0,1,309.0,28.37,34.776,28.37
Canadian GP,Max Verstappen,Red Bull Racing,1,46,90.799,Soft,0,1,319.0,28.148,34.504,28.148
Canadian GP,Max Verstappen,Red Bull Racing,1,47,90.766,Hard,0,4,311.0,28.137,34.491,28.137
Canadian GP,Max Verstappen,Red Bull Racing,1,48,91.446,Hard,0,1,321.9,28.348,34.749,28.348
Canadian GP,Max Verstappen,Red Bull Racing,1,49,91.694,Hard,0,1,323.4,28.425,34.844,28.425
Canadian GP,Max Verstappen,Red Bull Racing,1,50,91.08,Soft,0,2,331.0,28.235,34.61,28.235
Canadian GP,Max Verstappen,Red Bull Racing,1,51,92.367,Medium,0,1,301.7,28.634,35.099,28.634
Canadian GP,Max Verstappen,Red Bull Racing,1,52,91.482,Hard,0,1,302.3,28.359,34.763,28.359
Canadian GP,Max Verstappen,Red Bull Racing,1,53,91.671,Soft,0,1,330.6,28.418,34.835,28.418
Canadian GP,Max Verstappen,Red Bull Racing,1,54,91.758,Hard,0,2,322.3,28.445,34.868,28.445
Canadian GP,Max Verstappen,Red Bull Racing,1,55,91.09,Hard,0,1,327.8,28.238,34.614,28.238
Canadian GP,Max Verstappen,Red Bull Racing,1,56,91.087,Intermediate,0,2,339.9,28.237,34.613,28.237
Canadian GP,Max Verstappen,Red Bull Racing,1,57,91.346,Soft,0,3,333.7,28.317,34.711,28.317
Canadian GP,Max Verstappen,Red Bull Racing,1,58,91.353,Wet,0,2,324.2,28.319,34.714,28.319
Canadian GP,Max Verstappen,Red Bull Racing,1,59,91.302,Intermediate,0,1,339.1,28.304,34.695,28.304
Canadian GP,Charles Leclerc,Scuderia Ferrari,16,1,89.059,Soft,0,1,318.7,27.608,33.842,27.608
Canadian GP,Charles Leclerc,Scuderia Ferrari,16,2,88.635,Medium,0,1,315.2,27.477,33.681,27.477
Canadian GP,Charles Leclerc,Scuderia Ferrari,16,3,89.319,Hard,0,4,327.8,27.689,33.941,27.689
Canadian GP,Charles Leclerc,Scuderia Ferrari,16,4,89.216,Medium,0,1,319.4,27.657,33.902,27.657
Canadian GP,Charles Leclerc,Scuderia Ferrari,16,5,89.166,Hard,0,1,332.4,27.641,33.883,27.641
Canadian GP,Charles Leclerc,Scuderia Ferrari,16,6,89.47,Soft,0,3,336.7,27.736,33.999,27.736
Canadian GP,Charles Leclerc,Scuderia Ferrari,16,7,88.734,Hard,0,1,337.2,27.508,33.719,27.508
Canadian GP,Charles Leclerc,Scuderia Ferrari,16,8,88.925,Medium,0,1,348.2,27.567,33.791,27.567
Canadian GP,Charles Leclerc,Scuderia Ferrari,16,9,88.81,Hard,0,1,331.3,27.531,33.748,27.531
Canadian GP,Charles Leclerc,Scuderia Ferrari,16,10,89.366,Soft,0,1,327.7,27.703,33.959,27.703
Canadian GP,Charles Leclerc,Scuderia Ferrari,16,11,89.48,Soft,0,1,318.8,27.739,34.002,27.739
Canadian GP,Charles Leclerc,Scuderia Ferrari,16,12,89.109,Medium,0,2,327.3,27.624,33.861,27.624
Canadian GP,Charles Leclerc,Scuderia Ferrari,16,13,89.556,Medium,0,3,344.6,27.762,34.031,27.762
Canadian GP,Charles Leclerc,Scuderia Ferrari,16,14,89.619,Medium,0,3,326.8,27.782,34.055,27.782
Canadian GP,Charles Leclerc,Scuderia Ferrari,16,15,89.428,Intermediate,0,1,346.4,27.723,33.983,27.723
Canadian GP,Charles Leclerc,Scuderia Ferrari,16,16,89.373,Hard,0,1,332.2,27.706,33.962,27.706
Canadian GP,Charles Leclerc,Scuderia Ferrari,16,17,89.6,Intermediate,0,3,342.3,27.776,34.048,27.776
Canadian GP,Charles Leclerc,Scuderia Ferrari,16,18,88.996,Hard,0,4,337.7,27.589,33.818,27.589
Canadian GP,Charles Leclerc,Scuderia Ferrari,16,19,89.093,Hard,0,2,330.5,27.619,33.855,27.619
Canadian GP,Charles Leclerc,Scuderia Ferrari,16,20,89.364,Medium,0,1,338.0,27.703,33.958,27.703
Canadian GP,Charles Leclerc,Scuderia Ferrari,16,21,89.837,Hard,0,1,310.2,27.849,34.138,27.849
Canadian GP,Charles Leclerc,Scuderia Ferrari,16,22,89.157,Hard,0,1,302.4,27.639,33.88,27.639
Canadian GP,Charles Leclerc,Scuderia Ferrari,16,23,89.093,Hard,1,3,349.6,27.619,33.855,27.619
Canadian GP,Charles Leclerc,Scuderia Ferrari,16,24,88.65,Hard,0,3,308.7,27.482,33.687,27.482
Canadian GP,Charles Leclerc,Scuderia Ferrari,16,25,89.101,Intermediate,0,3,320.4,27.621,33.858,27.621
Canadian GP,Charles Leclerc,Scuderia Ferrari,16,26,89.833,Medium,0,1,345.7,27.848,34.137,27.848
Canadian GP,Charles Leclerc,Scuderia Ferrari,16,27,89.638,Hard,0,4,315.8,27.788,34.062,27.788
Canadian GP,Charles Leclerc,Scuderia Ferrari,16,28,88.812,Medium,0,1,321.9,27.532,33.749,27.532
Canadian GP,Charles Leclerc,Scuderia Ferrari,16,29,88.971,Hard,0,3,320.6,27.581,33.809,27.581
Canadian GP,Charles Leclerc,Scuderia Ferrari,16,30,89.394,Medium,0,1,312.4,27.712,33.97,27.712
Canadian GP,Charles Leclerc,Scuderia Ferrari,16,31,88.466,Medium,0,1,316.3,27.424,33.617,27.424
Canadian GP,Charles Leclerc,Scuderia Ferrari,16,32,88.805,Hard,0,3,310.5,27.53,33.746,27.53
Canadian GP,Charles Leclerc,Scuderia Ferrari,16,33,89.252,Medium,0,2,302.1,27.668,33.916,27.668
Canadian GP,Charles Leclerc,Scuderia Ferrari,16,34,88.752,Soft,0,2,337.1,27.513,33.726,27.513
Canadian GP,Charles Leclerc,Scuderia Ferrari,16,35,89.724,Medium,0,2,303.7,27.814,34.095,27.814
Canadian GP,Charles Leclerc,Scuderia Ferrari,16,36,89.377,Medium,0,1,310.7,27.707,33.963,27.707
Canadian GP,Charles Leclerc,Scuderia Ferrari,16,37,89.146,Soft,0,6,348.3,27.635,33.875,27.635
Canadian GP,Charles Leclerc,Scuderia Ferrari,16,38,89.21,Soft,0,4,343.7,27.655,33.9,27.655
Canadian GP,Charles Leclerc,Scuderia Ferrari,16,39,89.281,Medium,0,3,349.3,27.677,33.927,27.677
Canadian GP,Charles Leclerc,Scuderia Ferrari,16,40,88.883,Soft,0,2,320.9,27.554,33.776,27.554
Canadian GP,Charles Leclerc,Scuderia Ferrari,16,41,89.52,Soft,0,4,326.0,27.751,34.018,27.751
Canadian GP,Charles Leclerc,Scuderia Ferrari,16,42,88.953,Soft,0,3,326.0,27.575,33.802,27.575
Canadian GP,Charles Leclerc,Scuderia Ferrari,16,43,88.93,Hard,0,2,341.4,27.568,33.793,27.568
Canadian GP,Charles Leclerc,Scuderia Ferrari,16,44,89.376,Soft,0,1,304.3,27.707,33.963,27.707
Canadian GP,Charles Leclerc,Scuderia Ferrari,16,45,89.236,Soft,0,1,315.1,27.663,33.91,27.663
Canadian GP,Charles Leclerc,Scuderia Ferrari,16,46,89.399,Medium,0,1,346.5,27.714,33.972,27.714
Canadian GP,Charles Leclerc,Scuderia Ferrari,16,47,89.689,Medium,0,2,297.8,27.804,34.082,27.804
Canadian GP,Charles Leclerc,Scuderia Ferrari,16,48,89.095,Soft,0,1,321.8,27.619,33.856,27.619
Canadian GP,Charles Leclerc,Scuderia Ferrari,16,49,88.689,Medium,0,5,317.5,27.494,33.702,27.494
Canadian GP,Charles Leclerc,Scuderia Ferrari,16,50,89.254,Soft,0,2,296.9,27.669,33.917,27.669
Canadian GP,Charles Leclerc,Scuderia Ferrari,16,51,89.599,Medium,0,1,334.6,27.776,34.048,27.776
Canadian GP,Charles Leclerc,Scuderia Ferrari,16,52,89.397,Intermediate,0,1,305.1,27.713,33.971,27.713
Canadian GP,Charles Leclerc,Scuderia Ferrari,16,53,89.187,Medium,0,1,332.2,27.648,33.891,27.648
Canadian GP,Charles Leclerc,Scuderia Ferrari,16,54,89.208,Soft,0,2,296.3,27.654,33.899,27.654
Canadian GP,Charles Leclerc,Scuderia Ferrari,16,55,89.268,Soft,0,2,306.4,27.673,33.922,27.673
Canadian GP,Charles Leclerc,Scuderia Ferrari,16,56,89.292,Medium,0,3,344.2,27.681,33.931,27.681
Canadian GP,Charles Leclerc,Scuderia Ferrari,16,57,89.227,Medium,0,1,332.7,27.66,33.906,27.66
Canadian GP,Charles Leclerc,Scuderia Ferrari,16,58,89.457,Hard,0,2,326.8,27.732,33.994,27.732
Canadian GP,Charles Leclerc,Scuderia Ferrari,16,59,89.211,Soft,0,1,307.3,27.655,33.9,27.655
Canadian GP,Charles Leclerc,Scuderia Ferrari,16,60,88.608,Medium,0,3,344.4,27.468,33.671,27.468
Canadian GP,Charles Leclerc,Scuderia Ferrari,16,61,89.092,Hard,0,3,336.2,27.619,33.855,27.619
Canadian GP,Charles Leclerc,Scuderia Ferrari,16,62,88.536,Soft,0,2,312.8,27.446,33.644,27.446
Canadian GP,Charles Leclerc,Scuderia Ferrari,16,63,89.494,Intermediate,0,2,317.0,27.743,34.008,27.743
Canadian GP,Charles Leclerc,Scuderia Ferrari,16,64,89.198,Hard,0,2,347.8,27.651,33.895,27.651
Canadian GP,Charles Leclerc,Scuderia Ferrari,16,65,89.125,Soft,0,5,309.2,27.629,33.867,27.629
Canadian GP,Charles Leclerc,Scuderia Ferrari,16,66,89.224,Soft,1,1,322.0,27.659,33.905,27.659
Canadian GP,Charles Leclerc,Scuderia Ferrari,16,67,89.099,Hard,0,2,330.6,27.621,33.858,27.621
Canadian GP,Charles Leclerc,Scuderia Ferrari,16,68,89.64,Soft,0,1,304.7,27.788,34.063,27.788
Canadian GP,Charles Leclerc,Scuderia Ferrari,16,69,89.166,Hard,0,1,322.2,27.641,33.883,27.641
Canadian GP,Lewis Hamilton,Scuderia Ferrari,44,1,89.764,Medium,0,3,312.5,27.827,34.11,27.827
Canadian GP,Lewis Hamilton,Scuderia Ferrari,44,2,89.972,Wet,0,5,302.8,27.891,34.189,27.891
Canadian GP,Lewis Hamilton,Scuderia Ferrari,44,3,89.326,Medium,0,2,323.7,27.691,33.944,27.691
Canadian GP,Lewis Hamilton,Scuderia Ferrari,44,4,90.147,Hard,0,2,333.9,27.946,34.256,27.946
Canadian GP,Lewis Hamilton,Scuderia Ferrari,44,5,89.583,Soft,0,2,342.6,27.771,34.042,27.771
Canadian GP,Lewis Hamilton,Scuderia Ferrari,44,6,90.174,Soft,0,1,335.1,27.954,34.266,27.954
Canadian GP,Lewis Hamilton,Scuderia Ferrari,44,7,89.251,Soft,0,3,315.8,27.668,33.915,27.668
Canadian GP,Lewis Hamilton,Scuderia Ferrari,44,8,89.947,Medium,0,1,302.9,27.884,34.18,27.884
Canadian GP,Lewis Hamilton,Scuderia Ferrari,44,9,90.269,Hard,0,5,302.3,27.983,34.302,27.983
Canadian GP,Lewis Hamilton,Scuderia Ferrari,44,10,89.601,Hard,0,1,341.1,27.776,34.048,27.776
Canadian GP,Lewis Hamilton,Scuderia Ferrari,44,11,89.799,Wet,0,4,332.5,27.838,34.124,27.838
Canadian GP,Lewis Hamilton,Scuderia Ferrari,44,12,89.367,Hard,0,1,295.1,27.704,33.959,27.704
Canadian GP,Lewis Hamilton,Scuderia Ferrari,44,13,90.275,Medium,0,4,321.4,27.985,34.305,27.985
Canadian GP,Lewis Hamilton,Scuderia Ferrari,44,14,89.556,Hard,0,4,310.7,27.762,34.031,27.762
Canadian GP,Lewis Hamilton,Scuderia Ferrari,44,15,89.946,Medium,0,3,327.8,27.883,34.179,27.883
Canadian GP,Lewis Hamilton,Scuderia Ferrari,44,16,90.2,Soft,0,1,331.8,27.962,34.276,27.962
Canadian GP,Lewis Hamilton,Scuderia Ferrari,44,17,89.815,Intermediate,0,3,297.8,27.843,34.13,27.843
Canadian GP,Lewis Hamilton,Scuderia Ferrari,44,18,89.37,Medium,0,1,296.5,27.705,33.961,27.705
Canadian GP,Lewis Hamilton,Scuderia Ferrari,44,19,89.301,Medium,0,2,326.1,27.683,33.934,27.683
Canadian GP,Lewis Hamilton,Scuderia Ferrari,44,20,89.987,Soft,1,5,296.8,27.896,34.195,27.896
Canadian GP,Lewis Hamilton,Scuderia Ferrari,44,21,89.467,Intermediate,0,4,315.0,27.735,33.997,27.735
Canadian GP,Lewis Hamilton,Scuderia Ferrari,44,22,89.915,Hard,0,3,330.2,27.874,34.168,27.874
Canadian GP,Lewis Hamilton,Scuderia Ferrari,44,23,90.375,Wet,0,1,309.0,28.016,34.343,28.016
Canadian GP,Lewis Hamilton,Scuderia Ferrari,44,24,89.522,Hard,0,4,331.8,27.752,34.018,27.752
Canadian GP,Lewis Hamilton,Scuderia Ferrari,44,25,89.198,Soft,0,3,337.8,27.651,33.895,27.651
Canadian GP,Lewis Hamilton,Scuderia Ferrari,44,26,89.212,Hard,0,1,300.1,27.656,33.901,27.656
Canadian GP,Lewis Hamilton,Scuderia Ferrari,44,27,90.097,Wet,0,4,342.8,27.93,34.237,27.93
Canadian GP,Lewis Hamilton,Scuderia Ferrari,44,28,89.452,Medium,0,2,315.9,27.73,33.992,27.73
Canadian GP,Lewis Hamilton,Scuderia Ferrari,44,29,90.313,Hard,0,5,341.1,27.997,34.319,27.997
Canadian GP,Lewis Hamilton,Scuderia Ferrari,44,30,89.925,Hard,0,1,311.6,27.877,34.172,27.877
Canadian GP,Lewis Hamilton,Scuderia Ferrari,44,31,90.088,Medium,0,1,323.4,27.927,34.233,27.927
Canadian GP,Lewis Hamilton,Scuderia Ferrari,44,32,89.919,Soft,0,3,306.6,27.875,34.169,27.875
Canadian GP,Lewis Hamilton,Scuderia Ferrari,44,33,89.428,Hard,0,3,319.4,27.723,33.983,27.723
Canadian GP,Lewis Hamilton,Scuderia Ferrari,44,34,89.841,Medium,0,1,306.5,27.851,34.14,27.851
Canadian GP,Lewis Hamilton,Scuderia Ferrari,44,35,89.555,Soft,0,1,335.5,27.762,34.031,27.762
Canadian GP,Lewis Hamilton,Scuderia Ferrari,44,36,89.173,Hard,1,8,345.1,27.644,33.886,27.644
Canadian GP,Lewis Hamilton,Scuderia Ferrari,44,37,90.292,Intermediate,0,2,317.6,27.991,34.311,27.991
Canadian GP,Lewis Hamilton,Scuderia Ferrari,44,38,90.035,Hard,0,4,327.8,27.911,34.213,27.911
Canadian GP,Lewis Hamilton,Scuderia Ferrari,44,39,89.647,Medium,0,1,322.5,27.791,34.066,27.791
Canadian GP,Lewis Hamilton,Scuderia Ferrari,44,40,89.936,Hard,0,1,330.8,27.88,34.176,27.88
Canadian GP,Lewis Hamilton,Scuderia Ferrari,44,41,89.496,Soft,0,2,309.6,27.744,34.008,27.744
Canadian GP,Lewis Hamilton,Scuderia Ferrari,44,42,90.461,Hard,0,2,295.5,28.043,34.375,28.043
Canadian GP,Lewis Hamilton,Scuderia Ferrari,44,43,90.223,Hard,0,2,342.8,27.969,34.285,27.969
Canadian GP,Lewis Hamilton,Scuderia Ferrari,44,44,90.132,Soft,0,2,348.3,27.941,34.25,27.941
Canadian GP,Lewis Hamilton,Scuderia Ferrari,44,45,90.246,Medium,0,3,310.4,27.976,34.293,27.976
Canadian GP,Lewis Hamilton,Scuderia Ferrari,44,46,89.826,Medium,0,2,347.7,27.846,34.134,27.846
Canadian GP,Lewis Hamilton,Scuderia Ferrari,44,47,90.513,Hard,0,1,299.4,28.059,34.395,28.059
Canadian GP,Lewis Hamilton,Scuderia Ferrari,44,48,89.487,Medium,0,3,339.5,27.741,34.005,27.741
Canadian GP,Lewis Hamilton,Scuderia Ferrari,44,49,90.461,Hard,0,1,319.5,28.043,34.375,28.043
Canadian GP,Lewis Hamilton,Scuderia Ferrari,44,50,90.189,Medium,1,1,327.4,27.959,34.272,27.959
Canadian GP,Lewis Hamilton,Scuderia Ferrari,44,51,90.228,Soft,0,4,309.2,27.971,34.287,27.971
Canadian GP,Lewis Hamilton,Scuderia Ferrari,44,52,90.776,Soft,0,4,301.4,28.141,34.495,28.141
Canadian GP,Lewis Hamilton,Scuderia Ferrari,44,53,90.113,Hard,0,2,317.9,27.935,34.243,27.935
Canadian GP,Lewis Hamilton,Scuderia Ferrari,44,54,90.296,Medium,0,1,313.3,27.992,34.312,27.992
Canadian GP,Lewis Hamilton,Scuderia Ferrari,44,55,89.797,Soft,0,1,323.4,27.837,34.123,27.837
Canadian GP,Lewis Hamilton,Scuderia Ferrari,44,56,90.044,Hard,0,2,310.7,27.914,34.217,27.914
Canadian GP,Lewis Hamilton,Scuderia Ferrari,44,57,89.518,Hard,0,1,317.4,27.751,34.017,27.751
Canadian GP,Lewis Hamilton,Scuderia Ferrari,44,58,89.742,Hard,0,1,333.8,27.82,34.102,27.82
Canadian GP,Lewis Hamilton,Scuderia Ferrari,44,59,89.659,Intermediate,0,4,296.6,27.794,34.07,27.794
Canadian GP,Lewis Hamilton,Scuderia Ferrari,44,60,89.389,Soft,0,5,348.2,27.711,33.968,27.711
Canadian GP,Lewis Hamilton,Scuderia Ferrari,44,61,89.338,Soft,0,2,308.3,27.695,33.948,27.695
Canadian GP,Lewis Hamilton,Scuderia Ferrari,44,62,89.726,Hard,0,4,298.7,27.815,34.096,27.815
Canadian GP,Lewis Hamilton,Scuderia Ferrari,44,63,89.422,Soft,0,1,318.0,27.721,33.98,27.721
Canadian GP,Lewis Hamilton,Scuderia Ferrari,44,64,89.604,Medium,0,4,324.9,27.777,34.05,27.777
Canadian GP,Lewis Hamilton,Scuderia Ferrari,44,65,90.028,Medium,0,1,324.7,27.909,34.211,27.909
Canadian GP,Lewis Hamilton,Scuderia Ferrari,44,66,89.547,Medium,1,3,314.1,27.76,34.028,27.76
Canadian GP,Lewis Hamilton,Scuderia Ferrari,44,67,89.865,Medium,0,2,334.0,27.858,34.149,27.858
Canadian GP,Lewis Hamilton,Scuderia Ferrari,44,68,90.235,Soft,0,5,332.4,27.973,34.289,27.973
Canadian GP,Lewis Hamilton,Scuderia Ferrari,44,69,89.314,Soft,0,1,333.8,27.687,33.939,27.687
Canadian GP,Lando Norris,McLaren,4,1,89.306,Intermediate,0,5,316.5,27.685,33.936,27.685
Canadian GP,Lando Norris,McLaren,4,2,89.485,Soft,0,3,349.5,27.74,34.004,27.74
Canadian GP,Lando Norris,McLaren,4,3,89.39,Soft,0,3,331.8,27.711,33.968,27.711
Canadian GP,Lando Norris,McLaren,4,4,89.631,Hard,0,3,300.0,27.786,34.06,27.786
Canadian GP,Lando Norris,McLaren,4,5,89.193,Soft,0,2,347.0,27.65,33.893,27.65
Canadian GP,Lando Norris,McLaren,4,6,89.316,Medium,0,3,325.0,27.688,33.94,27.688
Canadian GP,Lando Norris,McLaren,4,7,89.654,Hard,0,3,305.2,27.793,34.069,27.793
Canadian GP,Lando Norris,McLaren,4,8,89.898,Wet,0,4,303.2,27.868,34.161,27.868
Canadian GP,Lando Norris,McLaren,4,9,89.39,Soft,0,4,347.6,27.711,33.968,27.711
Canadian GP,Lando Norris,McLaren,4,10,89.84,Soft,0,5,309.6,27.85,34.139,27.85
Canadian GP,Lando Norris,McLaren,4,11,90.085,Wet,0,5,321.4,27.926,34.232,27.926
Canadian GP,Lando Norris,McLaren,4,12,89.567,Intermediate,0,1,342.2,27.766,34.035,27.766
Canadian GP,Lando Norris,McLaren,4,13,89.991,Soft,0,5,313.2,27.897,34.197,27.897
Canadian GP,Lando Norris,McLaren,4,14,90.021,Medium,0,1,346.8,27.907,34.208,27.907
Canadian GP,Lando Norris,McLaren,4,15,89.838,Hard,0,5,325.3,27.85,34.138,27.85
Canadian GP,Lando Norris,McLaren,4,16,89.578,Hard,0,5,297.3,27.769,34.04,27.769
Canadian GP,Lando Norris,McLaren,4,17,89.629,Intermediate,0,1,328.2,27.785,34.059,27.785
Canadian GP,Lando Norris,McLaren,4,18,90.458,Hard,0,4,330.7,28.042,34.374,28.042
Canadian GP,Lando Norris,McLaren,4,19,89.618,Wet,0,3,342.0,27.782,34.055,27.782
Canadian GP,Lando Norris,McLaren,4,20,89.599,Medium,0,2,317.0,27.776,34.048,27.776
Canadian GP,Lando Norris,McLaren,4,21,89.7,Hard,0,6,315.9,27.807,34.086,27.807
Canadian GP,Lando Norris,McLaren,4,22,90.05,Medium,1,2,336.0,27.915,34.219,27.915
Canadian GP,Lando Norris,McLaren,4,23,89.755,Soft,0,2,329.3,27.824,34.107,27.824
Canadian GP,Lando Norris,McLaren,4,24,89.388,Medium,0,4,314.4,27.71,33.967,27.71
Canadian GP,Lando Norris,McLaren,4,25,90.329,Soft,0,5,344.0,28.002,34.325,28.002
Canadian GP,Lando Norris,McLaren,4,26,89.336,Medium,0,3,347.7,27.694,33.948,27.694
Canadian GP,Lando Norris,McLaren,4,27,89.933,Soft,0,6,327.7,27.879,34.175,27.879
Canadian GP,Lando Norris,McLaren,4,28,89.164,Hard,0,5,342.3,27.641,33.882,27.641
Canadian GP,Lando Norris,McLaren,4,29,89.172,Soft,0,1,322.4,27.643,33.885,27.643
Canadian GP,Lando Norris,McLaren,4,30,89.219,Medium,0,2,329.4,27.658,33.903,27.658
Canadian GP,Lando Norris,McLaren,4,31,89.721,Wet,0,2,324.7,27.814,34.094,27.814
Canadian GP,Lando Norris,McLaren,4,32,89.395,Soft,0,4,310.4,27.712,33.97,27.712
Canadian GP,Lando Norris,McLaren,4,33,89.648,Soft,0,1,322.0,27.791,34.066,27.791
Canadian GP,Lando Norris,McLaren,4,34,89.332,Medium,0,9,331.3,27.693,33.946,27.693
Canadian GP,Lando Norris,McLaren,4,35,90.084,Hard,0,5,314.4,27.926,34.232,27.926
Canadian GP,Lando Norris,McLaren,4,36,89.417,Medium,0,4,296.4,27.719,33.978,27.719
Canadian GP,Lando Norris,McLaren,4,37,89.838,Hard,0,6,302.4,27.85,34.138,27.85
Canadian GP,Lando Norris,McLaren,4,38,89.346,Medium,0,8,344.4,27.697,33.951,27.697
Canadian GP,Lando Norris,McLaren,4,39,90.383,Hard,0,5,335.6,28.019,34.346,28.019
Canadian GP,Lando Norris,McLaren,4,40,90.086,Intermediate,0,5,330.5,27.927,34.233,27.927
Canadian GP,Lando Norris,McLaren,4,41,89.06,Hard,0,4,343.1,27.609,33.843,27.609
Canadian GP,Lando Norris,McLaren,4,42,89.81,Medium,0,3,334.1,27.841,34.128,27.841
Canadian GP,Lando Norris,McLaren,4,43,90.017,Soft,0,3,321.0,27.905,34.206,27.905
Canadian GP,Lando Norris,McLaren,4,44,90.394,Medium,0,2,323.2,28.022,34.35,28.022
Canadian GP,Lando Norris,McLaren,4,45,89.142,Hard,0,2,332.6,27.634,33.874,27.634
Canadian GP,Lando Norris,McLaren,4,46,89.92,Hard,0,1,343.3,27.875,34.17,27.875
Canadian GP,Lando Norris,McLaren,4,47,89.891,Medium,0,3,307.8,27.866,34.159,27.866
Canadian GP,Lando Norris,McLaren,4,48,89.125,Hard,0,1,340.3,27.629,33.867,27.629
Canadian GP,Lando Norris,McLaren,4,49,89.804,Soft,0,4,326.4,27.839,34.126,27.839
Canadian GP,Lando Norris,McLaren,4,50,89.297,Hard,0,3,299.9,27.682,33.933,27.682
Canadian GP,Lando Norris,McLaren,4,51,89.537,Medium,0,4,325.5,27.756,34.024,27.756
Canadian GP,Lando Norris,McLaren,4,52,89.773,Soft,0,2,335.8,27.83,34.114,27.83
Canadian GP,Lando Norris,McLaren,4,53,89.616,Medium,0,10,306.1,27.781,34.054,27.781
Canadian GP,Lando Norris,McLaren,4,54,90.645,Medium,0,6,299.8,28.1,34.445,28.1
Canadian GP,Lando Norris,McLaren,4,55,90.201,Soft,0,1,303.3,27.962,34.276,27.962
Canadian GP,Lando Norris,McLaren,4,56,90.293,Hard,0,4,299.6,27.991,34.311,27.991
Canadian GP,Lando Norris,McLaren,4,57,89.388,Hard,0,2,296.9,27.71,33.967,27.71
Canadian GP,Lando Norris,McLaren,4,58,89.864,Hard,0,1,332.3,27.858,34.148,27.858
Canadian GP,Lando Norris,McLaren,4,59,89.487,Soft,0,1,332.2,27.741,34.005,27.741
Canadian GP,Lando Norris,McLaren,4,60,89.327,Soft,0,4,316.6,27.691,33.944,27.691
Canadian GP,Lando Norris,McLaren,4,61,90.155,Soft,0,2,343.5,27.948,34.259,27.948
Canadian GP,Lando Norris,McLaren,4,62,90.142,Wet,0,5,345.1,27.944,34.254,27.944
Canadian GP,Lando Norris,McLaren,4,63,89.732,Hard,0,5,329.0,27.817,34.098,27.817
Canadian GP,Lando Norris,McLaren,4,64,89.348,Hard,0,6,308.2,27.698,33.952,27.698
Canadian GP,Oscar Piastri,McLaren,81,1,92.234,Soft,0,3,327.6,28.593,35.049,28.593
Canadian GP,Oscar Piastri,McLaren,81,2,91.73,Soft,0,5,321.1,28.436,34.857,28.436
Canadian GP,Oscar Piastri,McLaren,81,3,92.102,Medium,0,6,336.3,28.552,34.999,28.552
Canadian GP,Oscar Piastri,McLaren,81,4,92.158,Medium,0,4,299.1,28.569,35.02,28.569
Canadian GP,Oscar Piastri,McLaren,81,5,91.587,Medium,0,3,331.4,28.392,34.803,28.392
Canadian GP,Oscar Piastri,McLaren,81,6,92.264,Hard,0,8,312.4,28.602,35.06,28.602
Canadian GP,Oscar Piastri,McLaren,81,7,92.461,Intermediate,0,5,342.3,28.663,35.135,28.663
Canadian GP,Oscar Piastri,McLaren,81,8,91.708,Medium,0,6,314.0,28.429,34.849,28.429
Canadian GP,Oscar Piastri,McLaren,81,9,92.011,Hard,0,3,316.8,28.523,34.964,28.523
Canadian GP,Oscar Piastri,McLaren,81,10,91.71,Hard,0,2,333.0,28.43,34.85,28.43
Canadian GP,Oscar Piastri,McLaren,81,11,91.443,Hard,0,3,340.0,28.347,34.748,28.347
Canadian GP,Oscar Piastri,McLaren,81,12,92.41,Soft,0,4,325.8,28.647,35.116,28.647
Canadian GP,Oscar Piastri,McLaren,81,13,91.658,Soft,0,2,338.9,28.414,34.83,28.414
Canadian GP,Oscar Piastri,McLaren,81,14,92.031,Medium,0,4,343.5,28.53,34.972,28.53
Canadian GP,Oscar Piastri,McLaren,81,15,92.296,Soft,0,1,328.0,28.612,35.072,28.612
Canadian GP,Oscar Piastri,McLaren,81,16,91.743,Soft,0,2,345.2,28.44,34.862,28.44
Canadian GP,Oscar Piastri,McLaren,81,17,92.285,Medium,0,6,314.6,28.608,35.068,28.608
Canadian GP,Oscar Piastri,McLaren,81,18,91.984,Hard,0,6,338.0,28.515,34.954,28.515
Canadian GP,Oscar Piastri,McLaren,81,19,92.448,Soft,0,4,318.6,28.659,35.13,28.659
Canadian GP,Oscar Piastri,McLaren,81,20,92.233,Medium,0,2,303.0,28.592,35.049,28.592
Canadian GP,Oscar Piastri,McLaren,81,21,91.793,Hard,0,2,309.0,28.456,34.881,28.456
Canadian GP,Oscar Piastri,McLaren,81,22,92.191,Hard,1,4,323.4,28.579,35.033,28.579
Canadian GP,Oscar Piastri,McLaren,81,23,92.362,Medium,0,6,337.2,28.632,35.098,28.632
Canadian GP,Oscar Piastri,McLaren,81,24,91.499,Medium,0,6,344.0,28.365,34.77,28.365
Canadian GP,Oscar Piastri,McLaren,81,25,91.863,Soft,0,4,311.6,28.478,34.908,28.478
Canadian GP,Oscar Piastri,McLaren,81,26,92.098,Soft,0,2,315.3,28.55,34.997,28.55
Canadian GP,Oscar Piastri,McLaren,81,27,92.106,Hard,0,5,344.0,28.553,35.0,28.553
Canadian GP,Oscar Piastri,McLaren,81,28,91.843,Soft,0,3,345.5,28.471,34.9,28.471
Canadian GP,Oscar Piastri,McLaren,81,29,91.582,Medium,0,3,317.0,28.39,34.801,28.39
Canadian GP,Oscar Piastri,McLaren,81,30,91.557,Hard,0,7,315.8,28.383,34.792,28.383
Canadian GP,Oscar Piastri,McLaren,81,31,91.577,Medium,0,6,315.9,28.389,34.799,28.389
Canadian GP,Oscar Piastri,McLaren,81,32,92.498,Wet,0,5,322.5,28.674,35.149,28.674
Canadian GP,Oscar Piastri,McLaren,81,33,92.656,Soft,0,2,329.8,28.723,35.209,28.723
Canadian GP,Oscar Piastri,McLaren,81,34,91.719,Medium,0,5,338.3,28.433,34.853,28.433
Canadian GP,Oscar Piastri,McLaren,81,35,92.259,Hard,0,7,328.1,28.6,35.058,28.6
Canadian GP,Oscar Piastri,McLaren,81,36,91.587,Medium,0,4,347.6,28.392,34.803,28.392
Canadian GP,Oscar Piastri,McLaren,81,37,92.026,Soft,0,7,333.0,28.528,34.97,28.528
Canadian GP,Oscar Piastri,McLaren,81,38,92.309,Medium,0,7,307.7,28.616,35.077,28.616
Canadian GP,Oscar Piastri,McLaren,81,39,92.476,Intermediate,0,8,341.1,28.668,35.141,28.668
Canadian GP,Oscar Piastri,McLaren,81,40,92.122,Soft,0,5,337.9,28.558,35.006,28.558
Canadian GP,Oscar Piastri,McLaren,81,41,92.289,Medium,0,6,301.2,28.61,35.07,28.61
Canadian GP,Oscar Piastri,McLaren,81,42,91.908,Soft,0,7,308.2,28.491,34.925,28.491
Canadian GP,Oscar Piastri,McLaren,81,43,91.941,Hard,0,5,339.7,28.502,34.938,28.502
Canadian GP,Oscar Piastri,McLaren,81,44,91.761,Hard,0,3,334.2,28.446,34.869,28.446
Canadian GP,Oscar Piastri,McLaren,81,45,92.065,Hard,0,4,309.0,28.54,34.985,28.54
Canadian GP,Oscar Piastri,McLaren,81,46,91.978,Soft,0,5,349.0,28.513,34.952,28.513
Canadian GP,Oscar Piastri,McLaren,81,47,92.513,Medium,0,2,302.2,28.679,35.155,28.679
Canadian GP,Oscar Piastri,McLaren,81,48,91.569,Soft,1,4,348.2,28.386,34.796,28.386
Canadian GP,Oscar Piastri,McLaren,81,49,92.104,Soft,0,7,326.9,28.552,35.0,28.552
Canadian GP,Oscar Piastri,McLaren,81,50,91.596,Soft,0,1,332.1,28.395,34.806,28.395
Canadian GP,Oscar Piastri,McLaren,81,51,92.487,Hard,0,8,310.3,28.671,35.145,28.671
Canadian GP,Oscar Piastri,McLaren,81,52,92.596,Hard,0,7,297.9,28.705,35.186,28.705
Canadian GP,Oscar Piastri,McLaren,81,53,92.02,Intermediate,0,4,332.6,28.526,34.968,28.526
Canadian GP,Oscar Piastri,McLaren,81,54,91.727,Medium,0,6,335.6,28.435,34.856,28.435
Canadian GP,Oscar Piastri,McLaren,81,55,91.609,Wet,0,5,325.8,28.399,34.811,28.399
Canadian GP,Oscar Piastri,McLaren,81,56,92.223,Soft,0,7,312.2,28.589,35.045,28.589
Canadian GP,Oscar Piastri,McLaren,81,57,92.168,Hard,0,6,306.1,28.572,35.024,28.572
Canadian GP,Oscar Piastri,McLaren,81,58,92.281,Hard,0,2,342.3,28.607,35.067,28.607
Canadian GP,George Russell,Mercedes-AMG,63,1,90.88,Soft,0,7,315.8,28.173,34.534,28.173
Canadian GP,George Russell,Mercedes-AMG,63,2,91.351,Hard,0,5,323.5,28.319,34.713,28.319
Canadian GP,George Russell,Mercedes-AMG,63,3,91.64,Soft,0,6,342.6,28.408,34.823,28.408
Canadian GP,George Russell,Mercedes-AMG,63,4,91.632,Medium,0,4,299.0,28.406,34.82,28.406
Canadian GP,George Russell,Mercedes-AMG,63,5,91.502,Soft,0,9,301.6,28.366,34.771,28.366
Canadian GP,George Russell,Mercedes-AMG,63,6,91.288,Medium,0,8,348.2,28.299,34.689,28.299
Canadian GP,George Russell,Mercedes-AMG,63,7,91.461,Medium,0,4,304.5,28.353,34.755,28.353
Canadian GP,George Russell,Mercedes-AMG,63,8,91.581,Intermediate,0,3,345.4,28.39,34.801,28.39
Canadian GP,George Russell,Mercedes-AMG,63,9,91.339,Medium,0,5,348.4,28.315,34.709,28.315
Canadian GP,George Russell,Mercedes-AMG,63,10,91.096,Medium,0,6,329.8,28.24,34.616,28.24
Canadian GP,George Russell,Mercedes-AMG,63,11,91.326,Soft,0,6,336.3,28.311,34.704,28.311
Canadian GP,George Russell,Mercedes-AMG,63,12,91.284,Soft,0,8,326.4,28.298,34.688,28.298
Canadian GP,George Russell,Mercedes-AMG,63,13,91.837,Medium,0,7,303.2,28.469,34.898,28.469
Canadian GP,George Russell,Mercedes-AMG,63,14,91.812,Soft,0,7,340.6,28.462,34.889,28.462
Canadian GP,George Russell,Mercedes-AMG,63,15,91.569,Medium,0,6,302.3,28.386,34.796,28.386
Canadian GP,George Russell,Mercedes-AMG,63,16,91.332,Soft,0,3,295.5,28.313,34.706,28.313
Canadian GP,George Russell,Mercedes-AMG,63,17,91.66,Medium,0,5,324.0,28.415,34.831,28.415
Canadian GP,George Russell,Mercedes-AMG,63,18,92.183,Medium,0,8,304.0,28.577,35.03,28.577
Canadian GP,George Russell,Mercedes-AMG,63,19,92.243,Hard,0,5,307.9,28.595,35.052,28.595
Canadian GP,George Russell,Mercedes-AMG,63,20,92.031,Hard,0,7,334.7,28.53,34.972,28.53
Canadian GP,George Russell,Mercedes-AMG,63,21,92.491,Soft,0,5,314.1,28.672,35.147,28.672
Canadian GP,George Russell,Mercedes-AMG,63,22,92.222,Soft,0,3,316.7,28.589,35.044,28.589
Canadian GP,George Russell,Mercedes-AMG,63,23,91.595,Medium,0,5,299.9,28.394,34.806,28.394
Canadian GP,George Russell,Mercedes-AMG,63,24,91.349,Medium,0,6,321.2,28.318,34.713,28.318
Canadian GP,George Russell,Mercedes-AMG,63,25,91.974,Soft,0,4,313.4,28.512,34.95,28.512
Canadian GP,George Russell,Mercedes-AMG,63,26,91.091,Medium,0,5,316.8,28.238,34.615,28.238
Canadian GP,George Russell,Mercedes-AMG,63,27,90.986,Hard,0,4,314.0,28.206,34.575,28.206
Canadian GP,George Russell,Mercedes-AMG,63,28,91.102,Soft,0,8,350.0,28.242,34.619,28.242
Canadian GP,George Russell,Mercedes-AMG,63,29,91.622,Hard,0,5,335.3,28.403,34.816,28.403
Canadian GP,George Russell,Mercedes-AMG,63,30,91.395,Medium,0,8,309.9,28.332,34.73,28.332
Canadian GP,George Russell,Mercedes-AMG,63,31,91.299,Soft,0,9,306.0,28.303,34.694,28.303
Canadian GP,George Russell,Mercedes-AMG,63,32,91.624,Hard,0,5,317.0,28.403,34.817,28.403
Canadian GP,George Russell,Mercedes-AMG,63,33,91.151,Soft,0,3,307.7,28.257,34.637,28.257
Canadian GP,George Russell,Mercedes-AMG,63,34,91.487,Medium,0,1,303.8,28.361,34.765,28.361
Canadian GP,George Russell,Mercedes-AMG,63,35,92.009,Hard,0,3,322.4,28.523,34.963,28.523
Canadian GP,George Russell,Mercedes-AMG,63,36,91.802,Soft,1,3,307.8,28.459,34.885,28.459
Canadian GP,George Russell,Mercedes-AMG,63,37,92.099,Hard,0,8,295.4,28.551,34.998,28.551
Canadian GP,George Russell,Mercedes-AMG,63,38,91.209,Intermediate,0,6,306.2,28.275,34.659,28.275
Canadian GP,George Russell,Mercedes-AMG,63,39,91.103,Soft,0,6,332.6,28.242,34.619,28.242
Canadian GP,George Russell,Mercedes-AMG,63,40,91.663,Medium,0,1,302.0,28.416,34.832,28.416
Canadian GP,George Russell,Mercedes-AMG,63,41,91.832,Soft,0,3,307.1,28.468,34.896,28.468
Canadian GP,George Russell,Mercedes-AMG,63,42,91.77,Medium,0,7,336.4,28.449,34.873,28.449
Canadian GP,George Russell,Mercedes-AMG,63,43,91.393,Hard,0,6,295.9,28.332,34.729,28.332
Canadian GP,George Russell,Mercedes-AMG,63,44,91.967,Medium,1,5,335.0,28.51,34.947,28.51
Canadian GP,George Russell,Mercedes-AMG,63,45,91.382,Hard,0,7,320.5,28.328,34.725,28.328
Canadian GP,George Russell,Mercedes-AMG,63,46,90.97,Soft,0,9,329.6,28.201,34.569,28.201
Canadian GP,George Russell,Mercedes-AMG,63,47,92.059,Intermediate,0,5,323.7,28.538,34.982,28.538
Canadian GP,George Russell,Mercedes-AMG,63,48,91.692,Intermediate,0,6,349.6,28.425,34.843,28.425
Canadian GP,George Russell,Mercedes-AMG,63,49,91.578,Soft,0,6,328.7,28.389,34.8,28.389
Canadian GP,George Russell,Mercedes-AMG,63,50,92.265,Medium,0,10,332.3,28.602,35.061,28.602
Canadian GP,George Russell,Mercedes-AMG,63,51,90.825,Soft,0,1,315.6,28.156,34.514,28.156
Canadian GP,George Russell,Mercedes-AMG,63,52,92.534,Hard,0,7,302.0,28.686,35.163,28.686
Canadian GP,George Russell,Mercedes-AMG,63,53,91.411,Intermediate,0,5,317.3,28.337,34.736,28.337
Canadian GP,George Russell,Mercedes-AMG,63,54,91.392,Wet,0,7,318.0,28.332,34.729,28.332
Canadian GP,George Russell,Mercedes-AMG,63,55,91.775,Medium,0,4,318.6,28.45,34.875,28.45
Canadian GP,George Russell,Mercedes-AMG,63,56,91.642,Medium,0,5,307.7,28.409,34.824,28.409
Canadian GP,George Russell,Mercedes-AMG,63,57,91.057,Medium,0,7,303.4,28.228,34.602,28.228
Canadian GP,George Russell,Mercedes-AMG,63,58,91.726,Soft,0,12,311.2,28.435,34.856,28.435
Canadian GP,George Russell,Mercedes-AMG,63,59,91.456,Medium,0,7,295.4,28.351,34.753,28.351
Canadian GP,George Russell,Mercedes-AMG,63,60,91.703,Medium,0,4,337.8,28.428,34.847,28.428
Canadian GP,George Russell,Mercedes-AMG,63,61,91.415,Medium,0,5,296.7,28.339,34.738,28.339
Canadian GP,George Russell,Mercedes-AMG,63,62,91.054,Hard,0,5,346.7,28.227,34.601,28.227
Canadian GP,George Russell,Mercedes-AMG,63,63,91.295,Hard,0,2,314.3,28.301,34.692,28.301
Canadian GP,George Russell,Mercedes-AMG,63,64,91.56,Hard,0,5,304.4,28.384,34.793,28.384
Canadian GP,George Russell,Mercedes-AMG,63,65,91.344,Soft,0,7,327.9,28.317,34.711,28.317
Canadian GP,George Russell,Mercedes-AMG,63,66,91.535,Hard,0,3,296.8,28.376,34.783,28.376
Canadian GP,George Russell,Mercedes-AMG,63,67,91.455,Medium,0,8,336.1,28.351,34.753,28.351
Canadian GP,George Russell,Mercedes-AMG,63,68,91.744,Medium,0,6,345.8,28.441,34.863,28.441
Canadian GP,George Russell,Mercedes-AMG,63,69,91.725,Medium,0,4,331.5,28.435,34.855,28.435
Canadian GP,George Russell,Mercedes-AMG,63,70,91.944,Soft,0,5,349.5,28.503,34.939,28.503
Canadian GP,George Russell,Mercedes-AMG,63,71,91.654,Soft,0,9,322.3,28.413,34.829,28.413
Canadian GP,George Russell,Mercedes-AMG,63,72,92.04,Hard,0,7,330.1,28.532,34.975,28.532
Canadian GP,George Russell,Mercedes-AMG,63,73,91.162,Medium,0,6,334.4,28.26,34.642,28.26
Canadian GP,Fernando Alonso,Aston Martin,14,1,92.141,Soft,0,6,324.7,28.564,35.014,28.564
Canadian GP,Fernando Alonso,Aston Martin,14,2,92.481,Intermediate,0,7,302.2,28.669,35.143,28.669
Canadian GP,Fernando Alonso,Aston Martin,14,3,92.108,Medium,0,5,325.4,28.553,35.001,28.553
Canadian GP,Fernando Alonso,Aston Martin,14,4,92.629,Hard,0,2,300.0,28.715,35.199,28.715
Canadian GP,Fernando Alonso,Aston Martin,14,5,92.1,Hard,0,11,297.4,28.551,34.998,28.551
Canadian GP,Fernando Alonso,Aston Martin,14,6,92.4,Medium,0,7,303.7,28.644,35.112,28.644
Canadian GP,Fernando Alonso,Aston Martin,14,7,91.952,Medium,0,7,310.4,28.505,34.942,28.505
Canadian GP,Fernando Alonso,Aston Martin,14,8,91.996,Hard,0,6,314.7,28.519,34.958,28.519
Canadian GP,Fernando Alonso,Aston Martin,14,9,92.057,Soft,0,5,332.7,28.538,34.982,28.538
Canadian GP,Fernando Alonso,Aston Martin,14,10,91.975,Medium,0,6,323.7,28.512,34.95,28.512
Canadian GP,Fernando Alonso,Aston Martin,14,11,92.677,Medium,0,3,316.0,28.73,35.217,28.73
Canadian GP,Fernando Alonso,Aston Martin,14,12,92.663,Soft,0,11,317.1,28.726,35.212,28.726
Canadian GP,Fernando Alonso,Aston Martin,14,13,92.298,Intermediate,0,4,331.1,28.612,35.073,28.612
Canadian GP,Fernando Alonso,Aston Martin,14,14,92.135,Soft,0,4,297.4,28.562,35.011,28.562
Canadian GP,Fernando Alonso,Aston Martin,14,15,92.923,Medium,0,6,348.8,28.806,35.311,28.806
Canadian GP,Fernando Alonso,Aston Martin,14,16,92.842,Hard,0,9,297.3,28.781,35.28,28.781
Canadian GP,Fernando Alonso,Aston Martin,14,17,92.384,Soft,0,7,315.5,28.639,35.106,28.639
Canadian GP,Fernando Alonso,Aston Martin,14,18,92.857,Soft,0,4,323.4,28.786,35.286,28.786
Canadian GP,Fernando Alonso,Aston Martin,14,19,93.013,Soft,0,9,338.2,28.834,35.345,28.834
Canadian GP,Fernando Alonso,Aston Martin,14,20,92.464,Soft,0,8,298.8,28.664,35.136,28.664
Canadian GP,Fernando Alonso,Aston Martin,14,21,93.207,Soft,0,8,300.1,28.894,35.419,28.894
Canadian GP,Fernando Alonso,Aston Martin,14,22,92.604,Intermediate,0,8,327.9,28.707,35.19,28.707
Canadian GP,Fernando Alonso,Aston Martin,14,23,92.11,Hard,1,11,297.0,28.554,35.002,28.554
Canadian GP,Fernando Alonso,Aston Martin,14,24,92.687,Hard,0,11,340.8,28.733,35.221,28.733
Canadian GP,Fernando Alonso,Aston Martin,14,25,92.361,Medium,1,5,299.2,28.632,35.097,28.632
Canadian GP,Fernando Alonso,Aston Martin,14,26,92.559,Medium,0,10,327.9,28.693,35.172,28.693
Canadian GP,Fernando Alonso,Aston Martin,14,27,92.568,Intermediate,0,7,344.9,28.696,35.176,28.696
Canadian GP,Fernando Alonso,Aston Martin,14,28,92.569,Hard,0,7,299.6,28.696,35.176,28.696
Canadian GP,Fernando Alonso,Aston Martin,14,29,91.884,Hard,0,3,326.7,28.484,34.916,28.484
Canadian GP,Fernando Alonso,Aston Martin,14,30,92.061,Hard,0,6,297.3,28.539,34.983,28.539
Canadian GP,Fernando Alonso,Aston Martin,14,31,93.031,Medium,0,5,346.5,28.84,35.352,28.84
Canadian GP,Fernando Alonso,Aston Martin,14,32,92.202,Medium,0,8,334.4,28.583,35.037,28.583
Canadian GP,Fernando Alonso,Aston Martin,14,33,92.281,Soft,0,9,344.8,28.607,35.067,28.607
Canadian GP,Fernando Alonso,Aston Martin,14,34,92.754,Intermediate,0,2,327.6,28.754,35.247,28.754
Canadian GP,Fernando Alonso,Aston Martin,14,35,92.404,Medium,0,6,304.2,28.645,35.114,28.645
Canadian GP,Fernando Alonso,Aston Martin,14,36,91.678,Medium,0,9,299.5,28.42,34.838,28.42
Canadian GP,Fernando Alonso,Aston Martin,14,37,91.792,Hard,0,6,343.1,28.456,34.881,28.456
Canadian GP,Fernando Alonso,Aston Martin,14,38,92.066,Medium,0,8,337.3,28.54,34.985,28.54
Canadian GP,Fernando Alonso,Aston Martin,14,39,92.43,Soft,0,7,339.9,28.653,35.123,28.653
Canadian GP,Fernando Alonso,Aston Martin,14,40,92.605,Hard,0,7,341.5,28.708,35.19,28.708
Canadian GP,Fernando Alonso,Aston Martin,14,41,92.607,Medium,0,6,297.7,28.708,35.191,28.708
Canadian GP,Fernando Alonso,Aston Martin,14,42,92.348,Soft,0,4,336.5,28.628,35.092,28.628
Canadian GP,Fernando Alonso,Aston Martin,14,43,91.67,Soft,0,4,337.7,28.418,34.835,28.418
Canadian GP,Fernando Alonso,Aston Martin,14,44,92.623,Hard,0,8,343.2,28.713,35.197,28.713
Canadian GP,Fernando Alonso,Aston Martin,14,45,92.468,Soft,0,7,339.2,28.665,35.138,28.665
Canadian GP,Fernando Alonso,Aston Martin,14,46,92.23,Soft,1,6,296.6,28.591,35.047,28.591
Canadian GP,Fernando Alonso,Aston Martin,14,47,92.517,Hard,0,6,340.6,28.68,35.156,28.68
Canadian GP,Fernando Alonso,Aston Martin,14,48,91.762,Intermediate,0,6,313.7,28.446,34.87,28.446
Canadian GP,Fernando Alonso,Aston Martin,14,49,92.435,Medium,0,9,345.3,28.655,35.125,28.655
Canadian GP,Fernando Alonso,Aston Martin,14,50,92.322,Soft,0,6,299.3,28.62,35.082,28.62
Canadian GP,Fernando Alonso,Aston Martin,14,51,92.677,Soft,0,4,320.0,28.73,35.217,28.73
Canadian GP,Fernando Alonso,Aston Martin,14,52,92.665,Hard,1,8,310.8,28.726,35.213,28.726
Canadian GP,Fernando Alonso,Aston Martin,14,53,93.082,Hard,0,6,305.7,28.855,35.371,28.855
Canadian GP,Fernando Alonso,Aston Martin,14,54,92.487,Soft,0,7,323.8,28.671,35.145,28.671
Canadian GP,Fernando Alonso,Aston Martin,14,55,92.633,Hard,0,10,344.0,28.716,35.201,28.716
Canadian GP,Fernando Alonso,Aston Martin,14,56,91.809,Intermediate,0,6,302.1,28.461,34.887,28.461
Canadian GP,Fernando Alonso,Aston Martin,14,57,92.799,Hard,0,7,302.5,28.768,35.264,28.768
Canadian GP,Fernando Alonso,Aston Martin,14,58,92.49,Medium,0,4,302.0,28.672,35.146,28.672
Canadian GP,Fernando Alonso,Aston Martin,14,59,92.406,Medium,0,6,321.6,28.646,35.114,28.646
Canadian GP,Fernando Alonso,Aston Martin,14,60,92.164,Soft,0,8,336.0,28.571,35.022,28.571
Canadian GP,Fernando Alonso,Aston Martin,14,61,91.84,Medium,0,3,347.4,28.47,34.899,28.47
Canadian GP,Fernando Alonso,Aston Martin,14,62,92.82,Medium,0,7,304.9,28.774,35.272,28.774
Canadian GP,Fernando Alonso,Aston Martin,14,63,91.971,Hard,0,7,295.0,28.511,34.949,28.511
Canadian GP,Fernando Alonso,Aston Martin,14,64,92.605,Medium,0,7,343.3,28.708,35.19,28.708
Canadian GP,Fernando Alonso,Aston Martin,14,65,92.1,Hard,0,9,337.5,28.551,34.998,28.551
Canadian GP,Yuki Tsunoda,RB,22,1,89.311,Soft,0,8,323.3,27.686,33.938,27.686
Canadian GP,Yuki Tsunoda,RB,22,2,88.615,Medium,0,10,310.8,27.471,33.674,27.471
Canadian GP,Yuki Tsunoda,RB,22,3,88.702,Hard,0,6,295.4,27.498,33.707,27.498
Canadian GP,Yuki Tsunoda,RB,22,4,89.591,Medium,0,8,343.9,27.773,34.045,27.773
Canadian GP,Yuki Tsunoda,RB,22,5,89.475,Soft,0,8,310.5,27.737,34.0,27.737
Canadian GP,Yuki Tsunoda,RB,22,6,89.267,Hard,0,5,307.2,27.673,33.921,27.673
Canadian GP,Yuki Tsunoda,RB,22,7,89.371,Hard,0,9,327.5,27.705,33.961,27.705
Canadian GP,Yuki Tsunoda,RB,22,8,89.072,Hard,0,12,346.0,27.612,33.847,27.612
Canadian GP,Yuki Tsunoda,RB,22,9,89.012,Soft,0,7,329.2,27.594,33.825,27.594
Canadian GP,Yuki Tsunoda,RB,22,10,89.427,Intermediate,0,9,303.3,27.722,33.982,27.722
Canadian GP,Yuki Tsunoda,RB,22,11,89.095,Wet,0,8,337.5,27.619,33.856,27.619
Canadian GP,Yuki Tsunoda,RB,22,12,89.614,Medium,0,6,319.8,27.78,34.053,27.78
Canadian GP,Yuki Tsunoda,RB,22,13,89.827,Hard,0,4,306.7,27.846,34.134,27.846
Canadian GP,Yuki Tsunoda,RB,22,14,89.825,Soft,0,6,340.3,27.846,34.133,27.846
Canadian GP,Yuki Tsunoda,RB,22,15,89.11,Soft,0,5,306.1,27.624,33.862,27.624
Canadian GP,Yuki Tsunoda,RB,22,16,89.182,Medium,0,11,336.6,27.646,33.889,27.646
Canadian GP,Yuki Tsunoda,RB,22,17,89.548,Soft,0,7,307.7,27.76,34.028,27.76
Canadian GP,Yuki Tsunoda,RB,22,18,89.451,Soft,0,7,319.3,27.73,33.991,27.73
Canadian GP,Yuki Tsunoda,RB,22,19,89.876,Hard,0,9,302.1,27.862,34.153,27.862
Canadian GP,Yuki Tsunoda,RB,22,20,89.61,Hard,0,5,299.3,27.779,34.052,27.779
Canadian GP,Yuki Tsunoda,RB,22,21,89.019,Soft,1,6,334.4,27.596,33.827,27.596
Canadian GP,Yuki Tsunoda,RB,22,22,89.714,Soft,0,8,316.8,27.811,34.091,27.811
Canadian GP,Yuki Tsunoda,RB,22,23,88.706,Hard,0,10,309.1,27.499,33.708,27.499
Canadian GP,Yuki Tsunoda,RB,22,24,89.175,Soft,1,9,299.5,27.644,33.886,27.644
Canadian GP,Yuki Tsunoda,RB,22,25,89.135,Hard,0,8,346.2,27.632,33.871,27.632
Canadian GP,Yuki Tsunoda,RB,22,26,88.835,Intermediate,0,8,298.8,27.539,33.757,27.539
Canadian GP,Yuki Tsunoda,RB,22,27,88.994,Hard,0,8,307.5,27.588,33.818,27.588
Canadian GP,Yuki Tsunoda,RB,22,28,89.528,Intermediate,0,8,329.2,27.754,34.021,27.754
Canadian GP,Yuki Tsunoda,RB,22,29,88.548,Soft,0,5,338.6,27.45,33.648,27.45
Canadian GP,Yuki Tsunoda,RB,22,30,88.926,Medium,0,8,335.6,27.567,33.792,27.567
Canadian GP,Yuki Tsunoda,RB,22,31,89.412,Medium,0,5,323.8,27.718,33.977,27.718
Canadian GP,Yuki Tsunoda,RB,22,32,89.527,Medium,0,8,301.4,27.753,34.02,27.753
Canadian GP,Yuki Tsunoda,RB,22,33,89.128,Medium,0,7,323.3,27.63,33.869,27.63
Canadian GP,Yuki Tsunoda,RB,22,34,89.255,Soft,0,13,306.8,27.669,33.917,27.669
Canadian GP,Yuki Tsunoda,RB,22,35,88.978,Medium,0,7,325.6,27.583,33.812,27.583
Canadian GP,Yuki Tsunoda,RB,22,36,89.047,Hard,0,5,335.3,27.605,33.838,27.605
Canadian GP,Yuki Tsunoda,RB,22,37,89.622,Medium,0,7,334.8,27.783,34.056,27.783
Canadian GP,Yuki Tsunoda,RB,22,38,89.124,Soft,0,9,317.6,27.628,33.867,27.628
Canadian GP,Yuki Tsunoda,RB,22,39,88.814,Intermediate,0,11,347.9,27.532,33.749,27.532
Canadian GP,Yuki Tsunoda,RB,22,40,89.546,Hard,0,6,342.6,27.759,34.027,27.759
Canadian GP,Yuki Tsunoda,RB,22,41,89.202,Soft,0,4,342.2,27.653,33.897,27.653
Canadian GP,Yuki Tsunoda,RB,22,42,89.564,Medium,0,9,336.9,27.765,34.034,27.765
Canadian GP,Yuki Tsunoda,RB,22,43,89.346,Soft,0,5,305.9,27.697,33.951,27.697
Canadian GP,Yuki Tsunoda,RB,22,44,89.766,Medium,0,7,326.3,27.827,34.111,27.827
Canadian GP,Yuki Tsunoda,RB,22,45,89.405,Intermediate,0,7,343.8,27.716,33.974,27.716
Canadian GP,Yuki Tsunoda,RB,22,46,89.411,Soft,0,7,306.3,27.717,33.976,27.717
Canadian GP,Yuki Tsunoda,RB,22,47,89.814,Medium,0,9,300.0,27.842,34.129,27.842
Canadian GP,Yuki Tsunoda,RB,22,48,89.322,Medium,0,6,348.2,27.69,33.942,27.69
Canadian GP,Yuki Tsunoda,RB,22,49,89.518,Hard,0,7,325.7,27.751,34.017,27.751
Canadian GP,Yuki Tsunoda,RB,22,50,89.618,Medium,0,7,338.4,27.782,34.055,27.782
Canadian GP,Yuki Tsunoda,RB,22,51,89.196,Soft,0,8,335.0,27.651,33.894,27.651
Canadian GP,Yuki Tsunoda,RB,22,52,89.261,Hard,0,8,326.5,27.671,33.919,27.671
Canadian GP,Alexander Albon,Williams,23,1,90.368,Intermediate,0,9,337.0,28.014,34.34,28.014
Canadian GP,Alexander Albon,Williams,23,2,90.309,Medium,0,10,304.7,27.996,34.317,27.996
Canadian GP,Alexander Albon,Williams,23,3,90.179,Medium,0,9,326.2,27.955,34.268,27.955
Canadian GP,Alexander Albon,Williams,23,4,90.148,Soft,0,9,299.9,27.946,34.256,27.946
Canadian GP,Alexander Albon,Williams,23,5,89.861,Medium,0,5,296.3,27.857,34.147,27.857
Canadian GP,Alexander Albon,Williams,23,6,90.467,Hard,0,9,306.0,28.045,34.377,28.045
Canadian GP,Alexander Albon,Williams,23,7,90.291,Medium,0,9,342.6,27.99,34.311,27.99
Canadian GP,Alexander Albon,Williams,23,8,89.772,Medium,0,10,311.9,27.829,34.113,27.829
Canadian GP,Alexander Albon,Williams,23,9,89.944,Soft,0,7,322.5,27.883,34.179,27.883
Canadian GP,Alexander Albon,Williams,23,10,90.177,Medium,0,7,299.8,27.955,34.267,27.955
Canadian GP,Alexander Albon,Williams,23,11,90.664,Hard,0,7,340.4,28.106,34.452,28.106
Canadian GP,Alexander Albon,Williams,23,12,90.449,Hard,0,10,313.8,28.039,34.371,28.039
Canadian GP,Alexander Albon,Williams,23,13,90.467,Soft,0,11,328.7,28.045,34.377,28.045
Canadian GP,Alexander Albon,Williams,23,14,90.153,Medium,0,8,327.1,27.947,34.258,27.947
Canadian GP,Alexander Albon,Williams,23,15,90.592,Hard,0,10,305.0,28.084,34.425,28.084
Canadian GP,Alexander Albon,Williams,23,16,90.029,Medium,0,9,326.2,27.909,34.211,27.909
Canadian GP,Alexander Albon,Williams,23,17,91.154,Intermediate,0,8,300.7,28.258,34.639,28.258
Canadian GP,Alexander Albon,Williams,23,18,90.645,Medium,0,8,337.3,28.1,34.445,28.1
Canadian GP,Alexander Albon,Williams,23,19,90.163,Hard,0,10,332.3,27.951,34.262,27.951
Canadian GP,Alexander Albon,Williams,23,20,90.124,Medium,1,9,335.2,27.938,34.247,27.938
Canadian GP,Alexander Albon,Williams,23,21,90.767,Medium,0,13,317.3,28.138,34.491,28.138
Canadian GP,Alexander Albon,Williams,23,22,90.341,Hard,0,7,332.0,28.006,34.33,28.006
Canadian GP,Alexander Albon,Williams,23,23,90.303,Medium,0,10,342.4,27.994,34.315,27.994
Canadian GP,Alexander Albon,Williams,23,24,90.537,Intermediate,1,7,310.1,28.066,34.404,28.066
Canadian GP,Alexander Albon,Williams,23,25,90.259,Soft,0,7,341.2,27.98,34.298,27.98
Canadian GP,Alexander Albon,Williams,23,26,91.303,Medium,0,8,339.5,28.304,34.695,28.304
Canadian GP,Alexander Albon,Williams,23,27,90.234,Hard,0,9,316.2,27.973,34.289,27.973
Canadian GP,Alexander Albon,Williams,23,28,90.394,Wet,0,14,314.2,28.022,34.35,28.022
Canadian GP,Alexander Albon,Williams,23,29,90.159,Soft,0,8,330.6,27.949,34.26,27.949
Canadian GP,Alexander Albon,Williams,23,30,90.556,Soft,0,6,304.3,28.072,34.411,28.072
Canadian GP,Alexander Albon,Williams,23,31,89.888,Hard,0,9,328.6,27.865,34.157,27.865
Canadian GP,Alexander Albon,Williams,23,32,90.484,Soft,0,4,308.0,28.05,34.384,28.05
Canadian GP,Alexander Albon,Williams,23,33,90.583,Soft,0,8,323.9,28.081,34.422,28.081
Canadian GP,Alexander Albon,Williams,23,34,89.939,Hard,0,9,345.9,27.881,34.177,27.881
Canadian GP,Alexander Albon,Williams,23,35,90.413,Soft,0,10,311.7,28.028,34.357,28.028
Canadian GP,Alexander Albon,Williams,23,36,89.988,Hard,0,10,307.2,27.896,34.195,27.896
Canadian GP,Alexander Albon,Williams,23,37,90.577,Soft,0,7,295.1,28.079,34.419,28.079
Canadian GP,Alexander Albon,Williams,23,38,90.581,Hard,0,8,312.3,28.08,34.421,28.08
Canadian GP,Alexander Albon,Williams,23,39,90.706,Medium,0,7,307.7,28.119,34.468,28.119
Canadian GP,Alexander Albon,Williams,23,40,90.338,Soft,0,6,345.8,28.005,34.328,28.005
Canadian GP,Alexander Albon,Williams,23,41,90.236,Hard,0,9,342.5,27.973,34.29,27.973
Canadian GP,Alexander Albon,Williams,23,42,90.613,Intermediate,0,6,305.8,28.09,34.433,28.09
Canadian GP,Alexander Albon,Williams,23,43,90.157,Soft,0,8,334.0,27.949,34.26,27.949
Canadian GP,Alexander Albon,Williams,23,44,90.349,Hard,0,7,304.8,28.008,34.333,28.008
Canadian GP,Alexander Albon,Williams,23,45,90.417,Medium,0,10,301.3,28.029,34.358,28.029
Canadian GP,Alexander Albon,Williams,23,46,90.715,Hard,0,12,326.1,28.122,34.472,28.122
Canadian GP,Alexander Albon,Williams,23,47,90.057,Soft,0,6,318.5,27.918,34.222,27.918
Canadian GP,Alexander Albon,Williams,23,48,90.512,Medium,0,5,309.8,28.059,34.395,28.059
Canadian GP,Alexander Albon,Williams,23,49,90.289,Medium,0,8,331.8,27.99,34.31,27.99
Canadian GP,Alexander Albon,Williams,23,50,89.997,Medium,0,9,342.3,27.899,34.199,27.899
Canadian GP,Alexander Albon,Williams,23,51,90.765,Soft,0,9,330.0,28.137,34.491,28.137
Canadian GP,Alexander Albon,Williams,23,52,90.799,Soft,0,8,345.7,28.148,34.504,28.148
Canadian GP,Alexander Albon,Williams,23,53,90.013,Medium,0,8,315.0,27.904,34.205,27.904
Canadian GP,Alexander Albon,Williams,23,54,89.923,Hard,0,9,345.0,27.876,34.171,27.876
Canadian GP,Alexander Albon,Williams,23,55,90.797,Medium,0,11,345.4,28.147,34.503,28.147
Canadian GP,Alexander Albon,Williams,23,56,89.925,Soft,0,5,341.5,27.877,34.172,27.877
Canadian GP,Alexander Albon,Williams,23,57,89.686,Medium,0,8,322.3,27.803,34.081,27.803
Canadian GP,Alexander Albon,Williams,23,58,90.349,Hard,0,9,319.3,28.008,34.333,28.008
Canadian GP,Alexander Albon,Williams,23,59,90.114,Soft,0,7,323.5,27.935,34.243,27.935
Canadian GP,Alexander Albon,Williams,23,60,90.212,Hard,0,12,333.0,27.966,34.281,27.966
Canadian GP,Nico Hulkenberg,Kick Sauber,27,1,88.948,Medium,0,8,305.4,27.574,33.8,27.574
Canadian GP,Nico Hulkenberg,Kick Sauber,27,2,89.312,Soft,0,9,339.2,27.687,33.939,27.687
Canadian GP,Nico Hulkenberg,Kick Sauber,27,3,89.44,Medium,0,11,312.9,27.726,33.987,27.726
Canadian GP,Nico Hulkenberg,Kick Sauber,27,4,89.588,Hard,0,8,325.9,27.772,34.043,27.772
Canadian GP,Nico Hulkenberg,Kick Sauber,27,5,89.227,Soft,0,6,348.4,27.66,33.906,27.66
Canadian GP,Nico Hulkenberg,Kick Sauber,27,6,89.47,Medium,0,9,303.5,27.736,33.999,27.736
Canadian GP,Nico Hulkenberg,Kick Sauber,27,7,88.898,Soft,0,12,344.4,27.558,33.781,27.558
Canadian GP,Nico Hulkenberg,Kick Sauber,27,8,88.83,Intermediate,0,9,345.1,27.537,33.755,27.537
Canadian GP,Nico Hulkenberg,Kick Sauber,27,9,89.159,Soft,0,8,348.8,27.639,33.88,27.639
Canadian GP,Nico Hulkenberg,Kick Sauber,27,10,89.315,Soft,0,11,310.1,27.688,33.94,27.688
Canadian GP,Nico Hulkenberg,Kick Sauber,27,11,89.498,Soft,0,9,296.4,27.744,34.009,27.744
Canadian GP,Nico Hulkenberg,Kick Sauber,27,12,89.5,Medium,0,8,325.7,27.745,34.01,27.745
Canadian GP,Nico Hulkenberg,Kick Sauber,27,13,88.864,Soft,0,10,302.7,27.548,33.768,27.548
Canadian GP,Nico Hulkenberg,Kick Sauber,27,14,89.591,Medium,0,11,301.9,27.773,34.045,27.773
Canadian GP,Nico Hulkenberg,Kick Sauber,27,15,89.6,Hard,0,14,326.2,27.776,34.048,27.776
Canadian GP,Nico Hulkenberg,Kick Sauber,27,16,88.787,Medium,0,11,307.0,27.524,33.739,27.524
Canadian GP,Nico Hulkenberg,Kick Sauber,27,17,89.661,Medium,0,12,327.3,27.795,34.071,27.795
Canadian GP,Nico Hulkenberg,Kick Sauber,27,18,89.483,Medium,0,8,308.0,27.74,34.004,27.74
Canadian GP,Nico Hulkenberg,Kick Sauber,27,19,88.546,Soft,0,7,342.3,27.449,33.647,27.449
Canadian GP,Nico Hulkenberg,Kick Sauber,27,20,89.969,Medium,0,10,341.9,27.89,34.188,27.89
Canadian GP,Nico Hulkenberg,Kick Sauber,27,21,89.295,Medium,0,10,315.1,27.681,33.932,27.681
Canadian GP,Nico Hulkenberg,Kick Sauber,27,22,89.886,Hard,0,7,313.5,27.865,34.157,27.865
Canadian GP,Nico Hulkenberg,Kick Sauber,27,23,89.322,Intermediate,0,9,326.6,27.69,33.942,27.69
Canadian GP,Nico Hulkenberg,Kick Sauber,27,24,89.55,Medium,1,10,300.7,27.761,34.029,27.761
Canadian GP,Nico Hulkenberg,Kick Sauber,27,25,89.149,Soft,0,10,310.5,27.636,33.877,27.636
Canadian GP,Nico Hulkenberg,Kick Sauber,27,26,89.578,Hard,1,11,326.5,27.769,34.04,27.769
Canadian GP,Nico Hulkenberg,Kick Sauber,27,27,89.226,Soft,0,10,296.5,27.66,33.906,27.66
Canadian GP,Nico Hulkenberg,Kick Sauber,27,28,88.801,Hard,0,8,315.3,27.528,33.744,27.528
Canadian GP,Nico Hulkenberg,Kick Sauber,27,29,88.619,Soft,0,8,331.5,27.472,33.675,27.472
Canadian GP,Nico Hulkenberg,Kick Sauber,27,30,88.793,Medium,0,7,329.5,27.526,33.741,27.526
Canadian GP,Nico Hulkenberg,Kick Sauber,27,31,89.033,Soft,0,13,343.4,27.6,33.833,27.6
Canadian GP,Nico Hulkenberg,Kick Sauber,27,32,89.147,Soft,0,10,335.5,27.636,33.876,27.636
Canadian GP,Nico Hulkenberg,Kick Sauber,27,33,89.179,Soft,0,9,298.4,27.645,33.888,27.645
Canadian GP,Nico Hulkenberg,Kick Sauber,27,34,89.695,Medium,0,8,325.1,27.805,34.084,27.805
Canadian GP,Nico Hulkenberg,Kick Sauber,27,35,89.475,Medium,0,15,345.7,27.737,34.0,27.737
Canadian GP,Nico Hulkenberg,Kick Sauber,27,36,88.573,Hard,0,7,338.3,27.458,33.658,27.458
Canadian GP,Nico Hulkenberg,Kick Sauber,27,37,88.865,Medium,0,9,344.6,27.548,33.769,27.548
Canadian GP,Nico Hulkenberg,Kick Sauber,27,38,89.47,Soft,0,10,315.7,27.736,33.999,27.736
Canadian GP,Nico Hulkenberg,Kick Sauber,27,39,89.452,Wet,0,11,303.1,27.73,33.992,27.73
Canadian GP,Nico Hulkenberg,Kick Sauber,27,40,88.857,Soft,0,11,339.9,27.546,33.766,27.546
Canadian GP,Nico Hulkenberg,Kick Sauber,27,41,88.796,Soft,0,13,298.1,27.527,33.742,27.527
Canadian GP,Nico Hulkenberg,Kick Sauber,27,42,89.475,Soft,0,11,314.4,27.737,34.0,27.737
Canadian GP,Nico Hulkenberg,Kick Sauber,27,43,89.463,Medium,0,7,347.7,27.734,33.996,27.734
Canadian GP,Nico Hulkenberg,Kick Sauber,27,44,90.032,Hard,0,9,315.5,27.91,34.212,27.91
Canadian GP,Nico Hulkenberg,Kick Sauber,27,45,89.765,Medium,0,10,298.0,27.827,34.111,27.827
Canadian GP,Nico Hulkenberg,Kick Sauber,27,46,89.397,Hard,0,14,296.6,27.713,33.971,27.713
Canadian GP,Nico Hulkenberg,Kick Sauber,27,47,89.113,Soft,0,7,299.9,27.625,33.863,27.625
Canadian GP,Nico Hulkenberg,Kick Sauber,27,48,89.699,Hard,0,12,329.4,27.807,34.086,27.807
Canadian GP,Nico Hulkenberg,Kick Sauber,27,49,89.213,Medium,0,10,337.8,27.656,33.901,27.656
Canadian GP,Nico Hulkenberg,Kick Sauber,27,50,89.325,Medium,0,11,326.7,27.691,33.944,27.691
Canadian GP,Nico Hulkenberg,Kick Sauber,27,51,89.199,Soft,0,9,315.4,27.652,33.896,27.652
Canadian GP,Nico Hulkenberg,Kick Sauber,27,52,88.812,Medium,0,8,304.5,27.532,33.749,27.532
British GP,Max Verstappen,Red Bull Racing,1,1,91.32,Hard,0,2,333.9,28.309,34.702,28.309
British GP,Max Verstappen,Red Bull Racing,1,2,91.223,Soft,0,2,331.6,28.279,34.665,28.279
British GP,Max Verstappen,Red Bull Racing,1,3,91.316,Medium,0,2,325.8,28.308,34.7,28.308
British GP,Max Verstappen,Red Bull Racing,1,4,90.988,Intermediate,0,1,300.5,28.206,34.575,28.206
British GP,Max Verstappen,Red Bull Racing,1,5,91.199,Soft,0,1,343.4,28.272,34.656,28.272
British GP,Max Verstappen,Red Bull Racing,1,6,91.338,Soft,0,1,305.2,28.315,34.708,28.315
British GP,Max Verstappen,Red Bull Racing,1,7,91.232,Soft,0,2,303.2,28.282,34.668,28.282
British GP,Max Verstappen,Red Bull Racing,1,8,91.603,Soft,0,1,305.7,28.397,34.809,28.397
British GP,Max Verstappen,Red Bull Racing,1,9,91.496,Medium,0,1,319.3,28.364,34.768,28.364
British GP,Max Verstappen,Red Bull Racing,1,10,91.54,Medium,0,1,340.4,28.377,34.785,28.377
British GP,Max Verstappen,Red Bull Racing,1,11,91.368,Medium,0,1,319.5,28.324,34.72,28.324
British GP,Max Verstappen,Red Bull Racing,1,12,91.781,Medium,0,1,349.1,28.452,34.877,28.452
British GP,Max Verstappen,Red Bull Racing,1,13,91.639,Medium,0,1,317.2,28.408,34.823,28.408
British GP,Max Verstappen,Red Bull Racing,1,14,91.103,Intermediate,0,1,338.6,28.242,34.619,28.242
British GP,Max Verstappen,Red Bull Racing,1,15,91.54,Hard,0,1,337.1,28.377,34.785,28.377
British GP,Max Verstappen,Red Bull Racing,1,16,91.616,Hard,0,1,347.7,28.401,34.814,28.401
British GP,Max Verstappen,Red Bull Racing,1,17,91.646,Hard,0,1,308.4,28.41,34.825,28.41
British GP,Max Verstappen,Red Bull Racing,1,18,91.485,Soft,1,5,307.5,28.36,34.764,28.36
British GP,Max Verstappen,Red Bull Racing,1,19,91.63,Hard,0,3,349.0,28.405,34.819,28.405
British GP,Max Verstappen,Red Bull Racing,1,20,91.063,Intermediate,0,1,348.0,28.23,34.604,28.23
British GP,Max Verstappen,Red Bull Racing,1,21,91.179,Soft,0,1,313.0,28.265,34.648,28.265
British GP,Max Verstappen,Red Bull Racing,1,22,92.188,Medium,0,1,331.4,28.578,35.031,28.578
British GP,Max Verstappen,Red Bull Racing,1,23,91.861,Medium,0,3,298.0,28.477,34.907,28.477
British GP,Max Verstappen,Red Bull Racing,1,24,91.934,Soft,1,1,330.0,28.5,34.935,28.5
British GP,Max Verstappen,Red Bull Racing,1,25,91.601,Soft,0,3,306.8,28.396,34.808,28.396
British GP,Max Verstappen,Red Bull Racing,1,26,91.741,Soft,0,1,300.9,28.44,34.862,28.44
British GP,Max Verstappen,Red Bull Racing,1,27,92.042,Hard,0,1,297.3,28.533,34.976,28.533
British GP,Max Verstappen,Red Bull Racing,1,28,91.64,Medium,0,2,308.8,28.408,34.823,28.408
British GP,Max Verstappen,Red Bull Racing,1,29,91.134,Soft,0,3,329.7,28.252,34.631,28.252
British GP,Max Verstappen,Red Bull Racing,1,30,91.482,Hard,0,6,339.2,28.359,34.763,28.359
British GP,Max Verstappen,Red Bull Racing,1,31,90.766,Soft,0,1,312.6,28.137,34.491,28.137
British GP,Max Verstappen,Red Bull Racing,1,32,92.022,Intermediate,0,2,334.0,28.527,34.968,28.527
British GP,Max Verstappen,Red Bull Racing,1,33,91.123,Wet,0,1,342.0,28.248,34.627,28.248
British GP,Max Verstappen,Red Bull Racing,1,34,90.797,Soft,0,2,295.1,28.147,34.503,28.147
British GP,Max Verstappen,Red Bull Racing,1,35,91.458,Medium,0,1,335.5,28.352,34.754,28.352
British GP,Max Verstappen,Red Bull Racing,1,36,91.033,Soft,0,1,324.1,28.22,34.593,28.22
British GP,Max Verstappen,Red Bull Racing,1,37,91.701,Hard,0,1,326.9,28.427,34.846,28.427
British GP,Max Verstappen,Red Bull Racing,1,38,91.408,Medium,0,1,321.0,28.336,34.735,28.336
British GP,Max Verstappen,Red Bull Racing,1,39,91.612,Soft,0,1,339.1,28.4,34.813,28.4
British GP,Max Verstappen,Red Bull Racing,1,40,91.952,Hard,0,2,312.2,28.505,34.942,28.505
British GP,Max Verstappen,Red Bull Racing,1,41,91.397,Hard,0,3,301.8,28.333,34.731,28.333
British GP,Max Verstappen,Red Bull Racing,1,42,90.841,Hard,0,2,301.0,28.161,34.52,28.161
British GP,Max Verstappen,Red Bull Racing,1,43,91.666,Soft,0,4,301.1,28.416,34.833,28.416
British GP,Max Verstappen,Red Bull Racing,1,44,91.693,Soft,0,1,299.5,28.425,34.843,28.425
British GP,Max Verstappen,Red Bull Racing,1,45,91.013,Soft,0,1,318.4,28.214,34.585,28.214
British GP,Max Verstappen,Red Bull Racing,1,46,91.083,Soft,0,3,299.8,28.236,34.612,28.236
British GP,Max Verstappen,Red Bull Racing,1,47,91.683,Soft,0,1,308.8,28.422,34.84,28.422
British GP,Max Verstappen,Red Bull Racing,1,48,91.21,Medium,0,2,344.2,28.275,34.66,28.275
British GP,Max Verstappen,Red Bull Racing,1,49,91.604,Hard,0,4,320.0,28.397,34.81,28.397
British GP,Max Verstappen,Red Bull Racing,1,50,90.609,Intermediate,0,1,325.2,28.089,34.431,28.089
British GP,Max Verstappen,Red Bull Racing,1,51,90.672,Medium,0,1,337.5,28.108,34.455,28.108
British GP,Max Verstappen,Red Bull Racing,1,52,91.274,Hard,0,1,342.8,28.295,34.684,28.295
British GP,Max Verstappen,Red Bull Racing,1,53,91.95,Medium,0,3,326.6,28.505,34.941,28.505
British GP,Max Verstappen,Red Bull Racing,1,54,91.848,Soft,0,1,310.0,28.473,34.902,28.473
British GP,Max Verstappen,Red Bull Racing,1,55,91.526,Intermediate,0,1,313.2,28.373,34.78,28.373
British GP,Max Verstappen,Red Bull Racing,1,56,91.478,Soft,0,2,333.8,28.358,34.762,28.358
British GP,Max Verstappen,Red Bull Racing,1,57,91.015,Medium,0,2,317.7,28.215,34.586,28.215
British GP,Charles Leclerc,Scuderia Ferrari,16,1,88.976,Soft,0,2,311.8,27.583,33.811,27.583
British GP,Charles Leclerc,Scuderia Ferrari,16,2,88.715,Medium,0,1,300.4,27.502,33.712,27.502
British GP,Charles Leclerc,Scuderia Ferrari,16,3,88.809,Medium,0,1,307.3,27.531,33.747,27.531
British GP,Charles Leclerc,Scuderia Ferrari,16,4,88.673,Medium,0,3,333.5,27.489,33.696,27.489
British GP,Charles Leclerc,Scuderia Ferrari,16,5,89.361,Soft,0,3,344.5,27.702,33.957,27.702
British GP,Charles Leclerc,Scuderia Ferrari,16,6,89.494,Soft,0,1,296.8,27.743,34.008,27.743
British GP,Charles Leclerc,Scuderia Ferrari,16,7,88.923,Hard,0,4,319.2,27.566,33.791,27.566
British GP,Charles Leclerc,Scuderia Ferrari,16,8,88.988,Hard,0,1,325.3,27.586,33.815,27.586
British GP,Charles Leclerc,Scuderia Ferrari,16,9,89.614,Medium,0,1,300.1,27.78,34.053,27.78
British GP,Charles Leclerc,Scuderia Ferrari,16,10,88.693,Medium,0,1,315.6,27.495,33.703,27.495
British GP,Charles Leclerc,Scuderia Ferrari,16,11,89.174,Hard,0,1,296.7,27.644,33.886,27.644
British GP,Charles Leclerc,Scuderia Ferrari,16,12,89.529,Hard,0,1,337.6,27.754,34.021,27.754
British GP,Charles Leclerc,Scuderia Ferrari,16,13,89.247,Medium,0,4,349.7,27.667,33.914,27.667
British GP,Charles Leclerc,Scuderia Ferrari,16,14,89.131,Medium,0,1,334.7,27.631,33.87,27.631
British GP,Charles Leclerc,Scuderia Ferrari,16,15,89.398,Hard,0,2,346.0,27.713,33.971,27.713
British GP,Charles Leclerc,Scuderia Ferrari,16,16,89.907,Medium,0,1,346.2,27.871,34.165,27.871
British GP,Charles Leclerc,Scuderia Ferrari,16,17,89.443,Hard,0,1,342.6,27.727,33.988,27.727
British GP,Charles Leclerc,Scuderia Ferrari,16,18,88.844,Hard,0,1,324.6,27.542,33.761,27.542
British GP,Charles Leclerc,Scuderia Ferrari,16,19,89.456,Hard,0,1,301.1,27.731,33.993,27.731
British GP,Charles Leclerc,Scuderia Ferrari,16,20,89.131,Wet,0,1,338.3,27.631,33.87,27.631
British GP,Charles Leclerc,Scuderia Ferrari,16,21,88.861,Hard,0,3,335.7,27.547,33.767,27.547
British GP,Charles Leclerc,Scuderia Ferrari,16,22,89.535,Hard,0,2,341.1,27.756,34.023,27.756
British GP,Charles Leclerc,Scuderia Ferrari,16,23,89.381,Soft,0,1,298.7,27.708,33.965,27.708
British GP,Charles Leclerc,Scuderia Ferrari,16,24,89.518,Wet,0,4,333.0,27.751,34.017,27.751
British GP,Charles Leclerc,Scuderia Ferrari,16,25,88.844,Hard,0,2,320.4,27.542,33.761,27.542
British GP,Charles Leclerc,Scuderia Ferrari,16,26,90.079,Soft,0,2,302.4,27.924,34.23,27.924
British GP,Charles Leclerc,Scuderia Ferrari,16,27,89.251,Soft,0,1,318.5,27.668,33.915,27.668
British GP,Charles Leclerc,Scuderia Ferrari,16,28,88.418,Medium,0,1,330.0,27.41,33.599,27.41
British GP,Charles Leclerc,Scuderia Ferrari,16,29,89.234,Hard,0,2,303.2,27.663,33.909,27.663
British GP,Charles Leclerc,Scuderia Ferrari,16,30,89.416,Soft,0,2,315.3,27.719,33.978,27.719
British GP,Charles Leclerc,Scuderia Ferrari,16,31,89.421,Medium,0,1,338.8,27.721,33.98,27.721
British GP,Charles Leclerc,Scuderia Ferrari,16,32,88.666,Medium,0,1,320.7,27.486,33.693,27.486
British GP,Charles Leclerc,Scuderia Ferrari,16,33,89.457,Medium,0,1,305.4,27.732,33.994,27.732
British GP,Charles Leclerc,Scuderia Ferrari,16,34,89.526,Medium,0,2,309.4,27.753,34.02,27.753
British GP,Charles Leclerc,Scuderia Ferrari,16,35,88.883,Medium,0,4,315.6,27.554,33.776,27.554
British GP,Charles Leclerc,Scuderia Ferrari,16,36,89.003,Medium,0,1,316.3,27.591,33.821,27.591
British GP,Charles Leclerc,Scuderia Ferrari,16,37,88.776,Soft,0,1,341.3,27.521,33.735,27.521
British GP,Charles Leclerc,Scuderia Ferrari,16,38,88.952,Soft,1,1,303.2,27.575,33.802,27.575
British GP,Charles Leclerc,Scuderia Ferrari,16,39,88.58,Medium,0,1,306.6,27.46,33.66,27.46
British GP,Charles Leclerc,Scuderia Ferrari,16,40,89.13,Soft,0,1,321.3,27.63,33.869,27.63
British GP,Charles Leclerc,Scuderia Ferrari,16,41,89.236,Medium,0,3,338.9,27.663,33.91,27.663
British GP,Charles Leclerc,Scuderia Ferrari,16,42,88.861,Hard,0,1,318.3,27.547,33.767,27.547
British GP,Charles Leclerc,Scuderia Ferrari,16,43,89.004,Soft,0,2,347.6,27.591,33.822,27.591
British GP,Charles Leclerc,Scuderia Ferrari,16,44,89.007,Soft,0,1,317.2,27.592,33.823,27.592
British GP,Charles Leclerc,Scuderia Ferrari,16,45,88.795,Medium,0,1,339.0,27.526,33.742,27.526
British GP,Charles Leclerc,Scuderia Ferrari,16,46,88.672,Medium,0,1,318.7,27.488,33.695,27.488
British GP,Charles Leclerc,Scuderia Ferrari,16,47,89.006,Soft,0,5,315.5,27.592,33.822,27.592
British GP,Charles Leclerc,Scuderia Ferrari,16,48,89.336,Hard,0,1,334.9,27.694,33.948,27.694
British GP,Charles Leclerc,Scuderia Ferrari,16,49,88.931,Intermediate,0,1,306.6,27.569,33.794,27.569
British GP,Charles Leclerc,Scuderia Ferrari,16,50,88.618,Intermediate,0,1,298.8,27.472,33.675,27.472
British GP,Charles Leclerc,Scuderia Ferrari,16,51,88.427,Medium,0,2,303.7,27.412,33.602,27.412
British GP,Charles Leclerc,Scuderia Ferrari,16,52,89.256,Soft,0,3,319.8,27.669,33.917,27.669
British GP,Charles Leclerc,Scuderia Ferrari,16,53,88.597,Medium,0,2,306.0,27.465,33.667,27.465
British GP,Charles Leclerc,Scuderia Ferrari,16,54,88.748,Hard,0,2,348.7,27.512,33.724,27.512
British GP,Charles Leclerc,Scuderia Ferrari,16,55,88.869,Hard,0,4,337.6,27.549,33.77,27.549
British GP,Charles Leclerc,Scuderia Ferrari,16,56,88.656,Hard,0,1,295.9,27.483,33.689,27.483
British GP,Charles Leclerc,Scuderia Ferrari,16,57,89.15,Medium,0,3,329.2,27.637,33.877,27.637
British GP,Charles Leclerc,Scuderia Ferrari,16,58,89.065,Soft,0,1,300.9,27.61,33.845,27.61
British GP,Charles Leclerc,Scuderia Ferrari,16,59,89.449,Medium,0,1,306.8,27.729,33.991,27.729
British GP,Charles Leclerc,Scuderia Ferrari,16,60,89.332,Medium,0,1,319.7,27.693,33.946,27.693
British GP,Charles Leclerc,Scuderia Ferrari,16,61,88.857,Medium,0,1,300.5,27.546,33.766,27.546
British GP,Charles Leclerc,Scuderia Ferrari,16,62,88.786,Soft,0,1,315.3,27.524,33.739,27.524
British GP,Charles Leclerc,Scuderia Ferrari,16,63,89.681,Hard,0,2,341.3,27.801,34.079,27.801
British GP,Charles Leclerc,Scuderia Ferrari,16,64,88.759,Intermediate,0,2,310.6,27.515,33.728,27.515
British GP,Charles Leclerc,Scuderia Ferrari,16,65,88.599,Soft,0,1,313.8,27.466,33.668,27.466
British GP,Charles Leclerc,Scuderia Ferrari,16,66,89.669,Hard,0,1,331.5,27.797,34.074,27.797
British GP,Charles Leclerc,Scuderia Ferrari,16,67,89.399,Soft,0,1,308.5,27.714,33.972,27.714
British GP,Charles Leclerc,Scuderia Ferrari,16,68,89.093,Intermediate,0,4,340.8,27.619,33.855,27.619
British GP,Lewis Hamilton,Scuderia Ferrari,44,1,89.266,Soft,0,2,345.9,27.672,33.921,27.672
British GP,Lewis Hamilton,Scuderia Ferrari,44,2,89.785,Hard,0,2,316.5,27.833,34.118,27.833
British GP,Lewis Hamilton,Scuderia Ferrari,44,3,89.485,Hard,0,6,335.7,27.74,34.004,27.74
British GP,Lewis Hamilton,Scuderia Ferrari,44,4,89.498,Medium,0,1,313.6,27.744,34.009,27.744
British GP,Lewis Hamilton,Scuderia Ferrari,44,5,89.333,Medium,0,1,308.9,27.693,33.947,27.693
British GP,Lewis Hamilton,Scuderia Ferrari,44,6,90.293,Medium,0,1,305.5,27.991,34.311,27.991
British GP,Lewis Hamilton,Scuderia Ferrari,44,7,89.704,Hard,0,2,323.5,27.808,34.088,27.808
British GP,Lewis Hamilton,Scuderia Ferrari,44,8,89.773,Hard,0,3,325.4,27.83,34.114,27.83
British GP,Lewis Hamilton,Scuderia Ferrari,44,9,89.547,Medium,0,4,325.2,27.76,34.028,27.76
British GP,Lewis Hamilton,Scuderia Ferrari,44,10,89.672,Hard,0,8,304.4,27.798,34.075,27.798
British GP,Lewis Hamilton,Scuderia Ferrari,44,11,89.608,Soft,0,1,322.7,27.778,34.051,27.778
British GP,Lewis Hamilton,Scuderia Ferrari,44,12,89.35,Soft,0,4,347.9,27.698,33.953,27.698
British GP,Lewis Hamilton,Scuderia Ferrari,44,13,90.246,Medium,0,1,342.0,27.976,34.293,27.976
British GP,Lewis Hamilton,Scuderia Ferrari,44,14,89.464,Soft,0,1,340.1,27.734,33.996,27.734
British GP,Lewis Hamilton,Scuderia Ferrari,44,15,89.485,Soft,0,1,329.1,27.74,34.004,27.74
British GP,Lewis Hamilton,Scuderia Ferrari,44,16,90.116,Wet,0,1,347.8,27.936,34.244,27.936
British GP,Lewis Hamilton,Scuderia Ferrari,44,17,90.183,Medium,0,6,303.1,27.957,34.27,27.957
British GP,Lewis Hamilton,Scuderia Ferrari,44,18,90.471,Soft,0,4,320.1,28.046,34.379,28.046
British GP,Lewis Hamilton,Scuderia Ferrari,44,19,90.866,Intermediate,0,3,347.6,28.168,34.529,28.168
British GP,Lewis Hamilton,Scuderia Ferrari,44,20,90.23,Soft,1,5,334.6,27.971,34.287,27.971
British GP,Lewis Hamilton,Scuderia Ferrari,44,21,89.502,Soft,0,1,343.5,27.746,34.011,27.746
British GP,Lewis Hamilton,Scuderia Ferrari,44,22,89.599,Hard,0,1,343.8,27.776,34.048,27.776
British GP,Lewis Hamilton,Scuderia Ferrari,44,23,89.745,Intermediate,0,1,335.0,27.821,34.103,27.821
British GP,Lewis Hamilton,Scuderia Ferrari,44,24,90.242,Intermediate,1,1,304.6,27.975,34.292,27.975
British GP,Lewis Hamilton,Scuderia Ferrari,44,25,89.873,Soft,0,3,295.6,27.861,34.152,27.861
British GP,Lewis Hamilton,Scuderia Ferrari,44,26,90.257,Intermediate,0,3,303.7,27.98,34.298,27.98
British GP,Lewis Hamilton,Scuderia Ferrari,44,27,89.85,Medium,0,3,296.6,27.853,34.143,27.853
British GP,Lewis Hamilton,Scuderia Ferrari,44,28,90.172,Hard,0,1,322.1,27.953,34.265,27.953
British GP,Lewis Hamilton,Scuderia Ferrari,44,29,90.125,Medium,0,4,333.5,27.939,34.248,27.939
British GP,Lewis Hamilton,Scuderia Ferrari,44,30,89.318,Soft,0,3,304.8,27.689,33.941,27.689
British GP,Lewis Hamilton,Scuderia Ferrari,44,31,89.482,Soft,0,4,333.4,27.739,34.003,27.739
British GP,Lewis Hamilton,Scuderia Ferrari,44,32,89.416,Hard,0,1,348.2,27.719,33.978,27.719
British GP,Lewis Hamilton,Scuderia Ferrari,44,33,89.905,Wet,0,3,310.2,27.871,34.164,27.871
British GP,Lewis Hamilton,Scuderia Ferrari,44,34,90.191,Medium,0,1,327.6,27.959,34.273,27.959
British GP,Lewis Hamilton,Scuderia Ferrari,44,35,90.058,Hard,0,2,327.0,27.918,34.222,27.918
British GP,Lewis Hamilton,Scuderia Ferrari,44,36,89.744,Hard,0,4,304.3,27.821,34.103,27.821
British GP,Lewis Hamilton,Scuderia Ferrari,44,37,90.427,Wet,0,3,337.7,28.032,34.362,28.032
British GP,Lewis Hamilton,Scuderia Ferrari,44,38,89.848,Soft,0,1,310.1,27.853,34.142,27.853
British GP,Lewis Hamilton,Scuderia Ferrari,44,39,90.447,Hard,0,3,299.3,28.039,34.37,28.039
British GP,Lewis Hamilton,Scuderia Ferrari,44,40,89.637,Soft,0,1,332.5,27.787,34.062,27.787
British GP,Lewis Hamilton,Scuderia Ferrari,44,41,89.865,Medium,0,5,333.9,27.858,34.149,27.858
British GP,Lewis Hamilton,Scuderia Ferrari,44,42,90.202,Wet,0,2,322.3,27.963,34.277,27.963
British GP,Lewis Hamilton,Scuderia Ferrari,44,43,89.915,Intermediate,0,5,326.1,27.874,34.168,27.874
British GP,Lewis Hamilton,Scuderia Ferrari,44,44,89.801,Medium,0,1,333.7,27.838,34.124,27.838
British GP,Lewis Hamilton,Scuderia Ferrari,44,45,89.488,Medium,0,1,339.7,27.741,34.005,27.741
British GP,Lewis Hamilton,Scuderia Ferrari,44,46,90.208,Soft,0,1,335.7,27.964,34.279,27.964
British GP,Lewis Hamilton,Scuderia Ferrari,44,47,89.379,Medium,0,4,313.5,27.707,33.964,27.707
British GP,Lewis Hamilton,Scuderia Ferrari,44,48,90.215,Hard,0,1,328.7,27.967,34.282,27.967
British GP,Lewis Hamilton,Scuderia Ferrari,44,49,90.198,Soft,0,4,301.0,27.961,34.275,27.961
British GP,Lewis Hamilton,Scuderia Ferrari,44,50,89.745,Medium,0,2,332.0,27.821,34.103,27.821
British GP,Lewis Hamilton,Scuderia Ferrari,44,51,90.328,Hard,0,1,346.9,28.002,34.325,28.002
British GP,Lewis Hamilton,Scuderia Ferrari,44,52,89.499,Medium,0,1,343.6,27.745,34.01,27.745
British GP,Lewis Hamilton,Scuderia Ferrari,44,53,89.658,Medium,0,1,341.4,27.794,34.07,27.794
British GP,Lewis Hamilton,Scuderia Ferrari,44,54,91.043,Wet,0,3,343.6,28.223,34.596,28.223
British GP,Lewis Hamilton,Scuderia Ferrari,44,55,90.256,Soft,0,1,299.4,27.979,34.297,27.979
British GP,Lewis Hamilton,Scuderia Ferrari,44,56,90.24,Hard,0,4,314.4,27.974,34.291,27.974
British GP,Lewis Hamilton,Scuderia Ferrari,44,57,90.197,Hard,0,2,343.3,27.961,34.275,27.961
British GP,Lewis Hamilton,Scuderia Ferrari,44,58,89.393,Hard,0,2,308.4,27.712,33.969,27.712
British GP,Lewis Hamilton,Scuderia Ferrari,44,59,90.466,Soft,0,4,308.1,28.044,34.377,28.044
British GP,Lewis Hamilton,Scuderia Ferrari,44,60,90.401,Medium,1,4,348.6,28.024,34.352,28.024
British GP,Lando Norris,McLaren,4,1,89.798,Soft,0,3,296.5,27.837,34.123,27.837
British GP,Lando Norris,McLaren,4,2,89.252,Hard,0,2,325.1,27.668,33.916,27.668
British GP,Lando Norris,McLaren,4,3,89.955,Intermediate,0,1,298.7,27.886,34.183,27.886
British GP,Lando Norris,McLaren,4,4,89.966,Soft,0,2,319.6,27.889,34.187,27.889
British GP,Lando Norris,McLaren,4,5,90.283,Soft,0,2,320.9,27.988,34.308,27.988
British GP,Lando Norris,McLaren,4,6,89.991,Soft,0,4,310.5,27.897,34.197,27.897
British GP,Lando Norris,McLaren,4,7,90.288,Soft,0,3,347.9,27.989,34.309,27.989
British GP,Lando Norris,McLaren,4,8,89.619,Medium,0,5,334.8,27.782,34.055,27.782
British GP,Lando Norris,McLaren,4,9,89.46,Medium,0,2,342.9,27.733,33.995,27.733
British GP,Lando Norris,McLaren,4,10,89.766,Soft,0,3,301.1,27.827,34.111,27.827
British GP,Lando Norris,McLaren,4,11,89.736,Intermediate,0,6,326.4,27.818,34.1,27.818
British GP,Lando Norris,McLaren,4,12,89.792,Wet,0,4,332.7,27.836,34.121,27.836
British GP,Lando Norris,McLaren,4,13,90.174,Medium,0,3,302.2,27.954,34.266,27.954
British GP,Lando Norris,McLaren,4,14,90.323,Soft,0,2,339.0,28.0,34.323,28.0
British GP,Lando Norris,McLaren,4,15,90.561,Hard,0,2,318.3,28.074,34.413,28.074
British GP,Lando Norris,McLaren,4,16,90.648,Soft,0,2,320.6,28.101,34.446,28.101
British GP,Lando Norris,McLaren,4,17,89.396,Medium,0,2,348.4,27.713,33.97,27.713
British GP,Lando Norris,McLaren,4,18,90.338,Hard,1,5,310.3,28.005,34.328,28.005
British GP,Lando Norris,McLaren,4,19,89.776,Soft,0,3,312.5,27.831,34.115,27.831
British GP,Lando Norris,McLaren,4,20,90.749,Soft,0,1,340.6,28.132,34.485,28.132
British GP,Lando Norris,McLaren,4,21,90.108,Hard,0,7,322.4,27.933,34.241,27.933
British GP,Lando Norris,McLaren,4,22,90.645,Soft,0,4,314.1,28.1,34.445,28.1
British GP,Lando Norris,McLaren,4,23,90.478,Medium,0,1,337.2,28.048,34.382,28.048
British GP,Lando Norris,McLaren,4,24,89.986,Soft,0,3,344.5,27.896,34.195,27.896
British GP,Lando Norris,McLaren,4,25,89.978,Medium,1,4,299.5,27.893,34.192,27.893
British GP,Lando Norris,McLaren,4,26,90.143,Soft,0,7,341.6,27.944,34.254,27.944
British GP,Lando Norris,McLaren,4,27,90.437,Hard,0,1,337.2,28.035,34.366,28.035
British GP,Lando Norris,McLaren,4,28,90.006,Soft,0,5,314.7,27.902,34.202,27.902
British GP,Lando Norris,McLaren,4,29,90.033,Hard,0,6,310.5,27.91,34.213,27.91
British GP,Lando Norris,McLaren,4,30,90.451,Medium,0,2,320.1,28.04,34.371,28.04
British GP,Lando Norris,McLaren,4,31,90.403,Soft,0,3,336.9,28.025,34.353,28.025
British GP,Lando Norris,McLaren,4,32,89.638,Soft,0,1,345.9,27.788,34.062,27.788
British GP,Lando Norris,McLaren,4,33,89.9,Medium,0,3,349.3,27.869,34.162,27.869
British GP,Lando Norris,McLaren,4,34,89.552,Medium,0,3,324.6,27.761,34.03,27.761
British GP,Lando Norris,McLaren,4,35,89.646,Intermediate,0,5,347.4,27.79,34.065,27.79
British GP,Lando Norris,McLaren,4,36,89.91,Soft,0,6,309.1,27.872,34.166,27.872
British GP,Lando Norris,McLaren,4,37,89.819,Hard,0,2,340.3,27.844,34.131,27.844
British GP,Lando Norris,McLaren,4,38,89.536,Medium,0,1,299.5,27.756,34.024,27.756
British GP,Lando Norris,McLaren,4,39,90.039,Medium,0,3,307.7,27.912,34.215,27.912
British GP,Lando Norris,McLaren,4,40,89.959,Hard,0,4,307.3,27.887,34.184,27.887
British GP,Lando Norris,McLaren,4,41,89.58,Hard,0,4,337.5,27.77,34.04,27.77
British GP,Lando Norris,McLaren,4,42,89.796,Hard,0,3,336.5,27.837,34.122,27.837
British GP,Lando Norris,McLaren,4,43,90.339,Medium,0,4,339.2,28.005,34.329,28.005
British GP,Lando Norris,McLaren,4,44,90.492,Medium,0,7,309.4,28.053,34.387,28.053
British GP,Lando Norris,McLaren,4,45,89.298,Hard,0,4,300.8,27.682,33.933,27.682
British GP,Lando Norris,McLaren,4,46,89.741,Hard,0,3,308.5,27.82,34.102,27.82
British GP,Lando Norris,McLaren,4,47,89.485,Medium,0,2,339.9,27.74,34.004,27.74
British GP,Lando Norris,McLaren,4,48,89.611,Medium,0,3,344.4,27.779,34.052,27.779
British GP,Lando Norris,McLaren,4,49,89.651,Soft,0,7,309.9,27.792,34.067,27.792
British GP,Lando Norris,McLaren,4,50,89.811,Hard,0,3,296.6,27.841,34.128,27.841
British GP,Lando Norris,McLaren,4,51,89.337,Soft,0,3,306.3,27.694,33.948,27.694
British GP,Lando Norris,McLaren,4,52,89.475,Medium,0,3,327.6,27.737,34.0,27.737
British GP,Lando Norris,McLaren,4,53,89.444,Soft,0,6,308.6,27.728,33.989,27.728
British GP,Oscar Piastri,McLaren,81,1,91.18,Hard,0,8,299.1,28.266,34.648,28.266
British GP,Oscar Piastri,McLaren,81,2,91.818,Medium,0,5,331.0,28.464,34.891,28.464
British GP,Oscar Piastri,McLaren,81,3,91.599,Soft,0,5,331.8,28.396,34.808,28.396
British GP,Oscar Piastri,McLaren,81,4,91.389,Hard,0,5,348.0,28.331,34.728,28.331
British GP,Oscar Piastri,McLaren,81,5,91.907,Hard,0,1,309.9,28.491,34.925,28.491
British GP,Oscar Piastri,McLaren,81,6,91.972,Medium,0,6,312.3,28.511,34.949,28.511
British GP,Oscar Piastri,McLaren,81,7,92.363,Medium,0,5,317.1,28.633,35.098,28.633
British GP,Oscar Piastri,McLaren,81,8,92.013,Soft,0,5,309.8,28.524,34.965,28.524
British GP,Oscar Piastri,McLaren,81,9,91.67,Soft,0,3,314.1,28.418,34.835,28.418
British GP,Oscar Piastri,McLaren,81,10,92.239,Medium,0,4,347.2,28.594,35.051,28.594
British GP,Oscar Piastri,McLaren,81,11,91.706,Medium,0,4,296.5,28.429,34.848,28.429
British GP,Oscar Piastri,McLaren,81,12,92.242,Hard,0,7,299.8,28.595,35.052,28.595
British GP,Oscar Piastri,McLaren,81,13,91.942,Hard,0,4,345.2,28.502,34.938,28.502
British GP,Oscar Piastri,McLaren,81,14,92.055,Medium,0,9,321.5,28.537,34.981,28.537
British GP,Oscar Piastri,McLaren,81,15,91.909,Medium,0,5,296.9,28.492,34.925,28.492
British GP,Oscar Piastri,McLaren,81,16,91.484,Medium,0,2,326.3,28.36,34.764,28.36
British GP,Oscar Piastri,McLaren,81,17,92.051,Soft,0,4,315.0,28.536,34.979,28.536
British GP,Oscar Piastri,McLaren,81,18,92.246,Medium,0,3,314.3,28.596,35.053,28.596
British GP,Oscar Piastri,McLaren,81,19,92.078,Medium,0,1,301.7,28.544,34.99,28.544
British GP,Oscar Piastri,McLaren,81,20,91.507,Medium,0,8,335.2,28.367,34.773,28.367
British GP,Oscar Piastri,McLaren,81,21,92.129,Soft,1,6,302.8,28.56,35.009,28.56
British GP,Oscar Piastri,McLaren,81,22,92.105,Soft,0,6,314.8,28.553,35.0,28.553
British GP,Oscar Piastri,McLaren,81,23,91.588,Soft,0,5,337.6,28.392,34.803,28.392
British GP,Oscar Piastri,McLaren,81,24,91.236,Hard,0,2,308.6,28.283,34.67,28.283
British GP,Oscar Piastri,McLaren,81,25,92.15,Medium,0,4,303.5,28.567,35.017,28.567
British GP,Oscar Piastri,McLaren,81,26,92.013,Medium,0,6,326.3,28.524,34.965,28.524
British GP,Oscar Piastri,McLaren,81,27,92.014,Medium,0,2,334.1,28.524,34.965,28.524
British GP,Oscar Piastri,McLaren,81,28,91.939,Hard,0,1,319.7,28.501,34.937,28.501
British GP,Oscar Piastri,McLaren,81,29,91.883,Hard,0,4,319.2,28.484,34.916,28.484
British GP,Oscar Piastri,McLaren,81,30,91.579,Soft,0,4,344.6,28.389,34.8,28.389
British GP,Oscar Piastri,McLaren,81,31,92.281,Medium,0,5,321.2,28.607,35.067,28.607
British GP,Oscar Piastri,McLaren,81,32,92.388,Soft,0,6,337.2,28.64,35.107,28.64
British GP,Oscar Piastri,McLaren,81,33,91.807,Intermediate,0,6,331.5,28.46,34.887,28.46
British GP,Oscar Piastri,McLaren,81,34,91.887,Soft,0,5,347.6,28.485,34.917,28.485
British GP,Oscar Piastri,McLaren,81,35,92.176,Hard,0,7,324.3,28.575,35.027,28.575
British GP,Oscar Piastri,McLaren,81,36,92.089,Soft,0,1,327.3,28.548,34.994,28.548
British GP,Oscar Piastri,McLaren,81,37,92.642,Wet,0,6,319.3,28.719,35.204,28.719
British GP,Oscar Piastri,McLaren,81,38,92.177,Soft,0,6,312.5,28.575,35.027,28.575
British GP,Oscar Piastri,McLaren,81,39,92.152,Hard,0,2,305.6,28.567,35.018,28.567
British GP,Oscar Piastri,McLaren,81,40,91.719,Soft,0,1,337.3,28.433,34.853,28.433
British GP,Oscar Piastri,McLaren,81,41,92.107,Soft,0,3,302.6,28.553,35.001,28.553
British GP,Oscar Piastri,McLaren,81,42,92.189,Soft,1,3,344.2,28.579,35.032,28.579
British GP,Oscar Piastri,McLaren,81,43,92.605,Medium,0,6,348.4,28.708,35.19,28.708
British GP,Oscar Piastri,McLaren,81,44,91.946,Medium,0,3,321.2,28.503,34.939,28.503
British GP,Oscar Piastri,McLaren,81,45,91.844,Soft,0,3,305.7,28.472,34.901,28.472
British GP,Oscar Piastri,McLaren,81,46,92.084,Medium,1,3,297.8,28.546,34.992,28.546
British GP,Oscar Piastri,McLaren,81,47,91.779,Hard,0,7,300.8,28.451,34.876,28.451
British GP,Oscar Piastri,McLaren,81,48,92.408,Hard,0,5,346.8,28.646,35.115,28.646
British GP,Oscar Piastri,McLaren,81,49,91.213,Wet,0,4,332.6,28.276,34.661,28.276
British GP,Oscar Piastri,McLaren,81,50,92.765,Medium,0,4,323.9,28.757,35.251,28.757
British GP,Oscar Piastri,McLaren,81,51,91.76,Medium,0,7,303.3,28.446,34.869,28.446
British GP,Oscar Piastri,McLaren,81,52,91.952,Soft,0,3,346.9,28.505,34.942,28.505
British GP,Oscar Piastri,McLaren,81,53,92.417,Wet,0,7,304.9,28.649,35.118,28.649
British GP,Oscar Piastri,McLaren,81,54,92.017,Soft,0,5,299.1,28.525,34.966,28.525
British GP,Oscar Piastri,McLaren,81,55,92.214,Hard,0,4,334.7,28.586,35.041,28.586
British GP,Oscar Piastri,McLaren,81,56,91.55,Hard,0,10,305.9,28.38,34.789,28.38
British GP,Oscar Piastri,McLaren,81,57,92.228,Medium,0,2,338.7,28.591,35.047,28.591
British GP,Oscar Piastri,McLaren,81,58,91.894,Soft,0,4,295.6,28.487,34.92,28.487
British GP,Oscar Piastri,McLaren,81,59,91.534,Soft,0,2,323.2,28.376,34.783,28.376
British GP,Oscar Piastri,McLaren,81,60,91.584,Hard,0,6,312.8,28.391,34.802,28.391
British GP,Oscar Piastri,McLaren,81,61,91.564,Medium,0,8,311.7,28.385,34.794,28.385
British GP,Oscar Piastri,McLaren,81,62,92.229,Medium,0,8,316.5,28.591,35.047,28.591
British GP,Oscar Piastri,McLaren,81,63,91.718,Soft,0,7,347.5,28.433,34.853,28.433
British GP,Oscar Piastri,McLaren,81,64,91.523,Hard,0,4,297.2,28.372,34.779,28.372
British GP,George Russell,Mercedes-AMG,63,1,91.387,Hard,0,5,332.5,28.33,34.727,28.33
British GP,George Russell,Mercedes-AMG,63,2,91.308,Medium,0,2,309.3,28.305,34.697,28.305
British GP,George Russell,Mercedes-AMG,63,3,91.806,Soft,0,10,300.9,28.46,34.886,28.46
British GP,George Russell,Mercedes-AMG,63,4,92.15,Medium,0,6,332.0,28.567,35.017,28.567
British GP,George Russell,Mercedes-AMG,63,5,91.958,Hard,0,5,324.3,28.507,34.944,28.507
British GP,George Russell,Mercedes-AMG,63,6,91.271,Hard,0,8,316.7,28.294,34.683,28.294
British GP,George Russell,Mercedes-AMG,63,7,91.405,Medium,0,4,322.7,28.336,34.734,28.336
British GP,George Russell,Mercedes-AMG,63,8,91.774,Medium,0,6,306.9,28.45,34.874,28.45
British GP,George Russell,Mercedes-AMG,63,9,92.159,Soft,0,5,343.3,28.569,35.02,28.569
British GP,George Russell,Mercedes-AMG,63,10,91.583,Hard,0,7,349.9,28.391,34.802,28.391
British GP,George Russell,Mercedes-AMG,63,11,92.508,Medium,0,5,309.9,28.677,35.153,28.677
British GP,George Russell,Mercedes-AMG,63,12,91.795,Medium,0,3,314.0,28.456,34.882,28.456
British GP,George Russell,Mercedes-AMG,63,13,92.149,Soft,0,6,344.5,28.566,35.017,28.566
British GP,George Russell,Mercedes-AMG,63,14,92.379,Hard,0,8,331.8,28.637,35.104,28.637
British GP,George Russell,Mercedes-AMG,63,15,91.657,Medium,0,5,301.5,28.414,34.83,28.414
British GP,George Russell,Mercedes-AMG,63,16,91.918,Soft,0,7,303.5,28.495,34.929,28.495
British GP,George Russell,Mercedes-AMG,63,17,91.812,Medium,0,3,342.4,28.462,34.889,28.462
British GP,George Russell,Mercedes-AMG,63,18,91.808,Soft,0,5,305.0,28.46,34.887,28.46
British GP,George Russell,Mercedes-AMG,63,19,91.501,Medium,0,4,343.2,28.365,34.77,28.365
British GP,George Russell,Mercedes-AMG,63,20,92.649,Soft,0,7,333.4,28.721,35.207,28.721
British GP,George Russell,Mercedes-AMG,63,21,91.989,Soft,1,6,340.2,28.517,34.956,28.517
British GP,George Russell,Mercedes-AMG,63,22,91.72,Medium,0,7,318.9,28.433,34.854,28.433
British GP,George Russell,Mercedes-AMG,63,23,91.767,Wet,0,8,342.6,28.448,34.871,28.448
British GP,George Russell,Mercedes-AMG,63,24,91.943,Medium,0,7,318.4,28.502,34.938,28.502
British GP,George Russell,Mercedes-AMG,63,25,92.276,Soft,0,6,338.3,28.606,35.065,28.606
British GP,George Russell,Mercedes-AMG,63,26,91.263,Soft,0,4,335.3,28.292,34.68,28.292
British GP,George Russell,Mercedes-AMG,63,27,92.067,Wet,0,5,305.8,28.541,34.985,28.541
British GP,George Russell,Mercedes-AMG,63,28,92.165,Hard,0,4,308.1,28.571,35.023,28.571
British GP,George Russell,Mercedes-AMG,63,29,91.962,Intermediate,0,5,333.9,28.508,34.946,28.508
British GP,George Russell,Mercedes-AMG,63,30,92.036,Soft,0,5,340.8,28.531,34.974,28.531
British GP,George Russell,Mercedes-AMG,63,31,91.68,Soft,0,4,334.8,28.421,34.838,28.421
British GP,George Russell,Mercedes-AMG,63,32,91.354,Medium,0,2,329.5,28.32,34.715,28.32
British GP,George Russell,Mercedes-AMG,63,33,91.954,Medium,0,4,304.5,28.506,34.943,28.506
British GP,George Russell,Mercedes-AMG,63,34,92.18,Soft,0,6,302.5,28.576,35.028,28.576
British GP,George Russell,Mercedes-AMG,63,35,92.027,Hard,0,3,301.7,28.528,34.97,28.528
British GP,George Russell,Mercedes-AMG,63,36,91.849,Soft,0,6,331.4,28.473,34.903,28.473
British GP,George Russell,Mercedes-AMG,63,37,91.491,Medium,0,9,318.1,28.362,34.767,28.362
British GP,George Russell,Mercedes-AMG,63,38,92.014,Hard,1,8,335.4,28.524,34.965,28.524
British GP,George Russell,Mercedes-AMG,63,39,91.762,Soft,0,9,318.0,28.446,34.87,28.446
British GP,George Russell,Mercedes-AMG,63,40,92.471,Medium,0,6,315.4,28.666,35.139,28.666
British GP,George Russell,Mercedes-AMG,63,41,92.221,Hard,0,8,336.4,28.589,35.044,28.589
British GP,George Russell,Mercedes-AMG,63,42,92.473,Hard,0,4,317.0,28.667,35.14,28.667
British GP,George Russell,Mercedes-AMG,63,43,91.97,Medium,0,4,295.5,28.511,34.949,28.511
British GP,George Russell,Mercedes-AMG,63,44,91.901,Medium,0,1,343.4,28.489,34.922,28.489
British GP,George Russell,Mercedes-AMG,63,45,91.512,Soft,0,8,323.6,28.369,34.775,28.369
British GP,George Russell,Mercedes-AMG,63,46,91.811,Wet,0,9,314.8,28.461,34.888,28.461
British GP,George Russell,Mercedes-AMG,63,47,91.107,Soft,0,4,314.9,28.243,34.621,28.243
British GP,George Russell,Mercedes-AMG,63,48,91.695,Medium,0,5,320.7,28.425,34.844,28.425
British GP,George Russell,Mercedes-AMG,63,49,91.666,Hard,0,4,298.4,28.416,34.833,28.416
British GP,George Russell,Mercedes-AMG,63,50,91.786,Intermediate,0,6,327.1,28.454,34.879,28.454
British GP,George Russell,Mercedes-AMG,63,51,92.058,Soft,0,8,305.7,28.538,34.982,28.538
British GP,George Russell,Mercedes-AMG,63,52,92.308,Soft,0,2,344.3,28.615,35.077,28.615
British GP,George Russell,Mercedes-AMG,63,53,92.528,Medium,0,6,317.0,28.684,35.161,28.684
British GP,George Russell,Mercedes-AMG,63,54,91.611,Medium,0,5,315.4,28.399,34.812,28.399
British GP,George Russell,Mercedes-AMG,63,55,91.802,Soft,0,6,310.2,28.459,34.885,28.459
British GP,George Russell,Mercedes-AMG,63,56,92.024,Medium,0,6,306.6,28.527,34.969,28.527
British GP,George Russell,Mercedes-AMG,63,57,92.274,Hard,0,5,330.8,28.605,35.064,28.605
British GP,George Russell,Mercedes-AMG,63,58,91.176,Soft,0,5,348.3,28.265,34.647,28.265
British GP,George Russell,Mercedes-AMG,63,59,91.632,Hard,0,5,339.4,28.406,34.82,28.406
British GP,George Russell,Mercedes-AMG,63,60,92.082,Medium,0,7,298.8,28.545,34.991,28.545
British GP,George Russell,Mercedes-AMG,63,61,91.849,Intermediate,0,6,328.0,28.473,34.903,28.473
British GP,George Russell,Mercedes-AMG,63,62,92.269,Medium,0,6,342.3,28.603,35.062,28.603
British GP,George Russell,Mercedes-AMG,63,63,91.944,Intermediate,1,3,316.6,28.503,34.939,28.503
British GP,George Russell,Mercedes-AMG,63,64,91.839,Medium,0,5,321.7,28.47,34.899,28.47
British GP,George Russell,Mercedes-AMG,63,65,91.679,Hard,0,7,300.0,28.42,34.838,28.42
British GP,George Russell,Mercedes-AMG,63,66,92.159,Hard,0,6,339.7,28.569,35.02,28.569
British GP,George Russell,Mercedes-AMG,63,67,92.175,Medium,0,7,341.0,28.574,35.026,28.574
British GP,George Russell,Mercedes-AMG,63,68,91.879,Soft,0,9,301.8,28.482,34.914,28.482
British GP,George Russell,Mercedes-AMG,63,69,92.154,Medium,1,8,335.2,28.568,35.019,28.568
British GP,George Russell,Mercedes-AMG,63,70,91.634,Wet,0,6,317.9,28.407,34.821,28.407
British GP,George Russell,Mercedes-AMG,63,71,91.341,Medium,0,4,306.9,28.316,34.71,28.316
British GP,George Russell,Mercedes-AMG,63,72,92.241,Medium,0,1,303.6,28.595,35.052,28.595
British GP,George Russell,Mercedes-AMG,63,73,91.79,Medium,0,5,300.0,28.455,34.88,28.455
British GP,George Russell,Mercedes-AMG,63,74,91.193,Medium,0,5,346.9,28.27,34.653,28.27
British GP,George Russell,Mercedes-AMG,63,75,91.397,Soft,0,6,343.6,28.333,34.731,28.333
British GP,George Russell,Mercedes-AMG,63,76,92.098,Soft,0,5,315.3,28.55,34.997,28.55
British GP,George Russell,Mercedes-AMG,63,77,91.784,Soft,0,5,342.0,28.453,34.878,28.453
British GP,Fernando Alonso,Aston Martin,14,1,92.209,Soft,0,3,299.7,28.585,35.039,28.585
British GP,Fernando Alonso,Aston Martin,14,2,92.077,Medium,0,5,332.3,28.544,34.989,28.544
British GP,Fernando Alonso,Aston Martin,14,3,92.177,Hard,0,7,329.6,28.575,35.027,28.575
British GP,Fernando Alonso,Aston Martin,14,4,92.386,Soft,0,10,298.6,28.64,35.107,28.64
British GP,Fernando Alonso,Aston Martin,14,5,92.525,Soft,0,6,312.0,28.683,35.16,28.683
British GP,Fernando Alonso,Aston Martin,14,6,92.982,Soft,0,7,317.3,28.824,35.333,28.824
British GP,Fernando Alonso,Aston Martin,14,7,92.758,Medium,0,8,328.4,28.755,35.248,28.755
British GP,Fernando Alonso,Aston Martin,14,8,92.175,Soft,0,5,314.0,28.574,35.026,28.574
British GP,Fernando Alonso,Aston Martin,14,9,92.334,Hard,0,7,326.3,28.624,35.087,28.624
British GP,Fernando Alonso,Aston Martin,14,10,92.699,Hard,0,5,322.7,28.737,35.226,28.737
British GP,Fernando Alonso,Aston Martin,14,11,92.784,Soft,0,8,340.7,28.763,35.258,28.763
British GP,Fernando Alonso,Aston Martin,14,12,93.051,Hard,0,7,303.1,28.846,35.359,28.846
British GP,Fernando Alonso,Aston Martin,14,13,92.44,Hard,0,7,312.3,28.656,35.127,28.656
British GP,Fernando Alonso,Aston Martin,14,14,93.273,Soft,0,5,318.2,28.915,35.444,28.915
British GP,Fernando Alonso,Aston Martin,14,15,92.559,Intermediate,0,8,342.1,28.693,35.172,28.693
British GP,Fernando Alonso,Aston Martin,14,16,92.426,Hard,0,11,305.4,28.652,35.122,28.652
British GP,Fernando Alonso,Aston Martin,14,17,92.942,Soft,0,4,340.3,28.812,35.318,28.812
British GP,Fernando Alonso,Aston Martin,14,18,92.683,Soft,1,6,329.7,28.732,35.22,28.732
British GP,Fernando Alonso,Aston Martin,14,19,92.647,Hard,0,7,316.9,28.721,35.206,28.721
British GP,Fernando Alonso,Aston Martin,14,20,92.786,Soft,0,8,344.6,28.764,35.259,28.764
British GP,Fernando Alonso,Aston Martin,14,21,93.043,Medium,0,5,328.1,28.843,35.356,28.843
British GP,Fernando Alonso,Aston Martin,14,22,92.699,Soft,0,1,297.4,28.737,35.226,28.737
British GP,Fernando Alonso,Aston Martin,14,23,92.857,Soft,0,9,313.8,28.786,35.286,28.786
British GP,Fernando Alonso,Aston Martin,14,24,93.113,Medium,0,8,310.6,28.865,35.383,28.865
British GP,Fernando Alonso,Aston Martin,14,25,92.717,Soft,0,3,348.0,28.742,35.232,28.742
British GP,Fernando Alonso,Aston Martin,14,26,92.397,Medium,0,5,307.1,28.643,35.111,28.643
British GP,Fernando Alonso,Aston Martin,14,27,92.39,Hard,0,10,342.1,28.641,35.108,28.641
British GP,Fernando Alonso,Aston Martin,14,28,92.857,Medium,0,9,335.4,28.786,35.286,28.786
British GP,Fernando Alonso,Aston Martin,14,29,92.3,Soft,0,8,340.0,28.613,35.074,28.613
British GP,Fernando Alonso,Aston Martin,14,30,92.715,Wet,0,6,326.3,28.742,35.232,28.742
British GP,Fernando Alonso,Aston Martin,14,31,92.833,Medium,0,7,313.0,28.778,35.277,28.778
British GP,Fernando Alonso,Aston Martin,14,32,92.76,Medium,0,6,333.8,28.756,35.249,28.756
British GP,Fernando Alonso,Aston Martin,14,33,92.216,Medium,0,9,335.5,28.587,35.042,28.587
British GP,Fernando Alonso,Aston Martin,14,34,92.342,Medium,0,5,348.4,28.626,35.09,28.626
British GP,Fernando Alonso,Aston Martin,14,35,92.982,Medium,0,5,345.5,28.824,35.333,28.824
British GP,Fernando Alonso,Aston Martin,14,36,92.483,Medium,0,9,321.7,28.67,35.144,28.67
British GP,Fernando Alonso,Aston Martin,14,37,92.105,Soft,0,6,311.9,28.553,35.0,28.553
British GP,Fernando Alonso,Aston Martin,14,38,92.872,Soft,1,9,307.1,28.79,35.291,28.79
British GP,Fernando Alonso,Aston Martin,14,39,92.655,Soft,0,5,329.1,28.723,35.209,28.723
British GP,Fernando Alonso,Aston Martin,14,40,93.086,Medium,0,6,328.3,28.857,35.373,28.857
British GP,Fernando Alonso,Aston Martin,14,41,92.33,Soft,0,5,326.2,28.622,35.085,28.622
British GP,Fernando Alonso,Aston Martin,14,42,92.065,Hard,0,7,305.9,28.54,34.985,28.54
British GP,Fernando Alonso,Aston Martin,14,43,92.815,Intermediate,0,4,336.3,28.773,35.27,28.773
British GP,Fernando Alonso,Aston Martin,14,44,92.96,Soft,0,6,322.8,28.818,35.325,28.818
British GP,Fernando Alonso,Aston Martin,14,45,92.765,Medium,0,4,332.8,28.757,35.251,28.757
British GP,Fernando Alonso,Aston Martin,14,46,92.663,Soft,0,8,306.6,28.726,35.212,28.726
British GP,Fernando Alonso,Aston Martin,14,47,93.29,Hard,0,8,324.1,28.92,35.45,28.92
British GP,Fernando Alonso,Aston Martin,14,48,92.897,Medium,0,3,326.4,28.798,35.301,28.798
British GP,Fernando Alonso,Aston Martin,14,49,92.69,Hard,0,9,339.4,28.734,35.222,28.734
British GP,Fernando Alonso,Aston Martin,14,50,92.905,Soft,0,11,329.8,28.801,35.304,28.801
British GP,Fernando Alonso,Aston Martin,14,51,92.909,Intermediate,0,7,321.0,28.802,35.305,28.802
British GP,Fernando Alonso,Aston Martin,14,52,92.331,Soft,0,5,308.9,28.623,35.086,28.623
British GP,Fernando Alonso,Aston Martin,14,53,93.165,Medium,0,12,297.5,28.881,35.403,28.881
British GP,Fernando Alonso,Aston Martin,14,54,92.231,Hard,0,4,299.8,28.592,35.048,28.592
British GP,Fernando Alonso,Aston Martin,14,55,93.079,Medium,0,7,339.8,28.854,35.37,28.854
British GP,Fernando Alonso,Aston Martin,14,56,92.745,Hard,0,7,346.8,28.751,35.243,28.751
British GP,Fernando Alonso,Aston Martin,14,57,92.492,Hard,0,9,343.9,28.673,35.147,28.673
British GP,Fernando Alonso,Aston Martin,14,58,93.155,Hard,0,7,299.6,28.878,35.399,28.878
British GP,Fernando Alonso,Aston Martin,14,59,92.343,Hard,0,6,331.7,28.626,35.09,28.626
British GP,Fernando Alonso,Aston Martin,14,60,92.654,Medium,0,5,342.8,28.723,35.209,28.723
British GP,Fernando Alonso,Aston Martin,14,61,92.502,Medium,0,6,309.7,28.676,35.151,28.676
British GP,Fernando Alonso,Aston Martin,14,62,92.903,Medium,0,4,322.2,28.8,35.303,28.8
British GP,Fernando Alonso,Aston Martin,14,63,92.802,Medium,0,7,339.4,28.769,35.265,28.769
British GP,Fernando Alonso,Aston Martin,14,64,93.242,Soft,0,5,299.2,28.905,35.432,28.905
British GP,Fernando Alonso,Aston Martin,14,65,92.723,Soft,0,4,329.5,28.744,35.235,28.744
British GP,Fernando Alonso,Aston Martin,14,66,92.297,Soft,0,9,308.3,28.612,35.073,28.612
British GP,Fernando Alonso,Aston Martin,14,67,92.997,Hard,0,6,337.2,28.829,35.339,28.829
British GP,Fernando Alonso,Aston Martin,14,68,92.517,Soft,0,4,325.2,28.68,35.156,28.68
British GP,Fernando Alonso,Aston Martin,14,69,92.287,Soft,1,6,328.2,28.609,35.069,28.609
British GP,Fernando Alonso,Aston Martin,14,70,92.758,Medium,0,7,316.9,28.755,35.248,28.755
British GP,Fernando Alonso,Aston Martin,14,71,92.051,Soft,0,3,347.3,28.536,34.979,28.536
British GP,Fernando Alonso,Aston Martin,14,72,93.425,Hard,0,7,346.6,28.962,35.502,28.962
British GP,Yuki Tsunoda,RB,22,1,89.289,Medium,0,5,301.3,27.68,33.93,27.68
British GP,Yuki Tsunoda,RB,22,2,89.223,Medium,0,11,301.2,27.659,33.905,27.659
British GP,Yuki Tsunoda,RB,22,3,89.266,Medium,0,9,321.5,27.672,33.921,27.672
British GP,Yuki Tsunoda,RB,22,4,89.458,Soft,0,7,331.1,27.732,33.994,27.732
British GP,Yuki Tsunoda,RB,22,5,89.19,Hard,0,6,329.5,27.649,33.892,27.649
British GP,Yuki Tsunoda,RB,22,6,88.763,Soft,0,7,296.4,27.517,33.73,27.517
British GP,Yuki Tsunoda,RB,22,7,89.271,Medium,0,9,332.6,27.674,33.923,27.674
British GP,Yuki Tsunoda,RB,22,8,89.041,Soft,0,7,331.1,27.603,33.836,27.603
British GP,Yuki Tsunoda,RB,22,9,88.882,Soft,0,7,320.7,27.553,33.775,27.553
British GP,Yuki Tsunoda,RB,22,10,88.949,Intermediate,0,8,304.2,27.574,33.801,27.574
British GP,Yuki Tsunoda,RB,22,11,88.765,Hard,0,6,317.0,27.517,33.731,27.517
British GP,Yuki Tsunoda,RB,22,12,89.059,Intermediate,0,7,317.6,27.608,33.842,27.608
British GP,Yuki Tsunoda,RB,22,13,88.974,Medium,0,3,305.4,27.582,33.81,27.582
British GP,Yuki Tsunoda,RB,22,14,89.727,Medium,0,9,337.9,27.815,34.096,27.815
British GP,Yuki Tsunoda,RB,22,15,89.307,Soft,0,8,332.7,27.685,33.937,27.685
British GP,Yuki Tsunoda,RB,22,16,89.583,Soft,0,6,314.9,27.771,34.042,27.771
British GP,Yuki Tsunoda,RB,22,17,89.197,Hard,0,11,331.6,27.651,33.895,27.651
British GP,Yuki Tsunoda,RB,22,18,89.331,Soft,0,8,322.6,27.693,33.946,27.693
British GP,Yuki Tsunoda,RB,22,19,89.381,Medium,0,5,307.8,27.708,33.965,27.708
British GP,Yuki Tsunoda,RB,22,20,89.404,Medium,0,9,335.4,27.715,33.974,27.715
British GP,Yuki Tsunoda,RB,22,21,89.954,Medium,0,8,340.7,27.886,34.183,27.886
British GP,Yuki Tsunoda,RB,22,22,89.534,Medium,0,8,299.6,27.756,34.023,27.756
British GP,Yuki Tsunoda,RB,22,23,88.99,Medium,0,7,308.3,27.587,33.816,27.587
British GP,Yuki Tsunoda,RB,22,24,89.162,Soft,0,8,344.9,27.64,33.882,27.64
British GP,Yuki Tsunoda,RB,22,25,88.635,Hard,0,7,340.5,27.477,33.681,27.477
British GP,Yuki Tsunoda,RB,22,26,89.393,Hard,1,9,296.7,27.712,33.969,27.712
British GP,Yuki Tsunoda,RB,22,27,88.874,Soft,0,4,298.5,27.551,33.772,27.551
British GP,Yuki Tsunoda,RB,22,28,90.113,Hard,0,7,339.1,27.935,34.243,27.935
British GP,Yuki Tsunoda,RB,22,29,89.42,Soft,0,11,346.7,27.72,33.98,27.72
British GP,Yuki Tsunoda,RB,22,30,89.405,Medium,0,6,329.7,27.716,33.974,27.716
British GP,Yuki Tsunoda,RB,22,31,89.63,Hard,0,6,319.6,27.785,34.059,27.785
British GP,Yuki Tsunoda,RB,22,32,88.802,Hard,0,7,324.8,27.529,33.745,27.529
British GP,Yuki Tsunoda,RB,22,33,89.789,Soft,0,5,340.2,27.835,34.12,27.835
British GP,Yuki Tsunoda,RB,22,34,89.244,Hard,0,3,319.1,27.666,33.913,27.666
British GP,Yuki Tsunoda,RB,22,35,88.831,Soft,0,7,335.6,27.538,33.756,27.538
British GP,Yuki Tsunoda,RB,22,36,89.034,Hard,0,8,318.2,27.601,33.833,27.601
British GP,Yuki Tsunoda,RB,22,37,89.512,Hard,0,7,336.7,27.749,34.015,27.749
British GP,Yuki Tsunoda,RB,22,38,88.701,Soft,0,7,308.8,27.497,33.706,27.497
British GP,Yuki Tsunoda,RB,22,39,89.274,Medium,0,8,319.2,27.675,33.924,27.675
British GP,Yuki Tsunoda,RB,22,40,88.694,Soft,0,10,330.0,27.495,33.704,27.495
British GP,Yuki Tsunoda,RB,22,41,89.016,Medium,0,7,314.8,27.595,33.826,27.595
British GP,Yuki Tsunoda,RB,22,42,89.107,Soft,1,6,306.8,27.623,33.861,27.623
British GP,Yuki Tsunoda,RB,22,43,89.916,Medium,0,7,333.5,27.874,34.168,27.874
British GP,Yuki Tsunoda,RB,22,44,89.51,Soft,0,9,317.0,27.748,34.014,27.748
British GP,Yuki Tsunoda,RB,22,45,89.342,Medium,0,10,310.7,27.696,33.95,27.696
British GP,Yuki Tsunoda,RB,22,46,89.539,Soft,0,6,307.8,27.757,34.025,27.757
British GP,Yuki Tsunoda,RB,22,47,89.49,Hard,0,8,325.4,27.742,34.006,27.742
British GP,Yuki Tsunoda,RB,22,48,89.468,Hard,0,8,321.0,27.735,33.998,27.735
British GP,Yuki Tsunoda,RB,22,49,90.273,Hard,0,6,344.2,27.985,34.304,27.985
British GP,Yuki Tsunoda,RB,22,50,89.187,Soft,0,8,305.7,27.648,33.891,27.648
British GP,Yuki Tsunoda,RB,22,51,88.749,Hard,0,5,300.1,27.512,33.725,27.512
British GP,Yuki Tsunoda,RB,22,52,89.488,Hard,0,4,304.7,27.741,34.005,27.741
British GP,Yuki Tsunoda,RB,22,53,89.046,Hard,0,8,318.1,27.604,33.837,27.604
British GP,Yuki Tsunoda,RB,22,54,89.115,Soft,0,7,315.0,27.626,33.864,27.626
British GP,Yuki Tsunoda,RB,22,55,89.382,Intermediate,0,8,309.9,27.708,33.965,27.708
British GP,Yuki Tsunoda,RB,22,56,88.854,Soft,0,7,309.6,27.545,33.765,27.545
British GP,Yuki Tsunoda,RB,22,57,89.24,Medium,0,6,304.2,27.664,33.911,27.664
British GP,Yuki Tsunoda,RB,22,58,89.2,Soft,0,7,315.8,27.652,33.896,27.652
British GP,Yuki Tsunoda,RB,22,59,88.725,Medium,0,5,348.8,27.505,33.715,27.505
British GP,Yuki Tsunoda,RB,22,60,89.029,Medium,0,10,331.3,27.599,33.831,27.599
British GP,Yuki Tsunoda,RB,22,61,89.261,Medium,0,5,304.5,27.671,33.919,27.671
British GP,Alexander Albon,Williams,23,1,90.849,Medium,0,8,315.6,28.163,34.523,28.163
British GP,Alexander Albon,Williams,23,2,90.82,Soft,0,6,339.5,28.154,34.512,28.154
British GP,Alexander Albon,Williams,23,3,90.932,Soft,0,10,307.1,28.189,34.554,28.189
British GP,Alexander Albon,Williams,23,4,90.591,Intermediate,0,8,297.7,28.083,34.425,28.083
British GP,Alexander Albon,Williams,23,5,90.654,Soft,0,7,349.9,28.103,34.449,28.103
British GP,Alexander Albon,Williams,23,6,90.207,Soft,0,10,344.7,27.964,34.279,27.964
British GP,Alexander Albon,Williams,23,7,90.686,Hard,0,9,346.7,28.113,34.461,28.113
British GP,Alexander Albon,Williams,23,8,90.102,Hard,0,10,345.7,27.932,34.239,27.932
British GP,Alexander Albon,Williams,23,9,90.439,Hard,0,7,301.3,28.036,34.367,28.036
British GP,Alexander Albon,Williams,23,10,91.003,Medium,0,6,336.2,28.211,34.581,28.211
British GP,Alexander Albon,Williams,23,11,91.116,Soft,0,9,323.5,28.246,34.624,28.246
British GP,Alexander Albon,Williams,23,12,90.96,Soft,0,8,295.5,28.198,34.565,28.198
British GP,Alexander Albon,Williams,23,13,90.652,Soft,0,10,300.6,28.102,34.448,28.102
British GP,Alexander Albon,Williams,23,14,90.337,Wet,0,8,317.8,28.004,34.328,28.004
British GP,Alexander Albon,Williams,23,15,90.686,Soft,0,9,304.1,28.113,34.461,28.113
British GP,Alexander Albon,Williams,23,16,91.426,Medium,0,5,330.1,28.342,34.742,28.342
British GP,Alexander Albon,Williams,23,17,90.627,Medium,0,12,309.5,28.094,34.438,28.094
British GP,Alexander Albon,Williams,23,18,90.218,Medium,0,8,337.0,27.968,34.283,27.968
British GP,Alexander Albon,Williams,23,19,90.664,Soft,0,10,330.6,28.106,34.452,28.106
British GP,Alexander Albon,Williams,23,20,91.014,Soft,0,7,295.8,28.214,34.585,28.214
British GP,Alexander Albon,Williams,23,21,90.763,Soft,0,9,345.5,28.137,34.49,28.137
British GP,Alexander Albon,Williams,23,22,90.436,Medium,0,6,333.8,28.035,34.366,28.035
British GP,Alexander Albon,Williams,23,23,91.374,Medium,0,9,348.6,28.326,34.722,28.326
British GP,Alexander Albon,Williams,23,24,90.88,Hard,0,8,333.6,28.173,34.534,28.173
British GP,Alexander Albon,Williams,23,25,90.092,Medium,1,9,326.6,27.929,34.235,27.929
British GP,Alexander Albon,Williams,23,26,90.468,Medium,0,10,297.2,28.045,34.378,28.045
British GP,Alexander Albon,Williams,23,27,90.823,Medium,0,6,295.2,28.155,34.513,28.155
British GP,Alexander Albon,Williams,23,28,90.327,Soft,0,7,313.8,28.001,34.324,28.001
British GP,Alexander Albon,Williams,23,29,90.832,Medium,0,9,329.8,28.158,34.516,28.158
British GP,Alexander Albon,Williams,23,30,90.008,Medium,0,13,314.6,27.902,34.203,27.902
British GP,Alexander Albon,Williams,23,31,90.392,Intermediate,0,8,341.5,28.022,34.349,28.022
British GP,Alexander Albon,Williams,23,32,90.165,Soft,0,10,304.1,27.951,34.263,27.951
British GP,Alexander Albon,Williams,23,33,91.063,Soft,0,8,324.0,28.23,34.604,28.23
British GP,Alexander Albon,Williams,23,34,90.805,Soft,0,12,314.2,28.15,34.506,28.15
British GP,Alexander Albon,Williams,23,35,90.554,Medium,0,5,330.3,28.072,34.411,28.072
British GP,Alexander Albon,Williams,23,36,90.888,Intermediate,0,9,297.1,28.175,34.537,28.175
British GP,Alexander Albon,Williams,23,37,90.596,Hard,0,5,337.5,28.085,34.426,28.085
British GP,Alexander Albon,Williams,23,38,90.457,Hard,0,3,325.8,28.042,34.374,28.042
British GP,Alexander Albon,Williams,23,39,91.088,Medium,0,9,304.4,28.237,34.613,28.237
British GP,Alexander Albon,Williams,23,40,91.241,Hard,0,9,320.2,28.285,34.672,28.285
British GP,Alexander Albon,Williams,23,41,90.529,Medium,0,8,341.9,28.064,34.401,28.064
British GP,Alexander Albon,Williams,23,42,90.891,Soft,0,8,325.9,28.176,34.539,28.176
British GP,Alexander Albon,Williams,23,43,90.384,Hard,0,15,322.3,28.019,34.346,28.019
British GP,Alexander Albon,Williams,23,44,90.916,Hard,0,8,309.8,28.184,34.548,28.184
British GP,Alexander Albon,Williams,23,45,90.645,Hard,0,10,326.4,28.1,34.445,28.1
British GP,Alexander Albon,Williams,23,46,90.667,Medium,1,7,320.8,28.107,34.453,28.107
British GP,Alexander Albon,Williams,23,47,90.986,Medium,0,9,332.2,28.206,34.575,28.206
British GP,Alexander Albon,Williams,23,48,90.555,Soft,0,8,317.9,28.072,34.411,28.072
British GP,Alexander Albon,Williams,23,49,90.373,Soft,0,8,298.3,28.016,34.342,28.016
British GP,Alexander Albon,Williams,23,50,90.664,Soft,0,12,343.7,28.106,34.452,28.106
British GP,Alexander Albon,Williams,23,51,90.524,Medium,0,11,319.7,28.062,34.399,28.062
British GP,Alexander Albon,Williams,23,52,91.181,Wet,0,9,331.2,28.266,34.649,28.266
British GP,Alexander Albon,Williams,23,53,90.73,Medium,0,4,299.7,28.126,34.477,28.126
British GP,Alexander Albon,Williams,23,54,90.17,Wet,0,8,298.4,27.953,34.265,27.953
British GP,Alexander Albon,Williams,23,55,90.068,Hard,0,14,318.1,27.921,34.226,27.921
British GP,Alexander Albon,Williams,23,56,90.105,Soft,0,8,299.8,27.933,34.24,27.933
British GP,Alexander Albon,Williams,23,57,91.473,Hard,1,11,296.7,28.357,34.76,28.357
British GP,Alexander Albon,Williams,23,58,90.941,Wet,0,11,322.4,28.192,34.558,28.192
British GP,Alexander Albon,Williams,23,59,90.413,Hard,0,9,337.1,28.028,34.357,28.028
British GP,Alexander Albon,Williams,23,60,90.324,Soft,0,7,306.4,28.0,34.323,28.0
British GP,Alexander Albon,Williams,23,61,90.929,Hard,0,4,314.7,28.188,34.553,28.188
British GP,Alexander Albon,Williams,23,62,90.081,Medium,0,10,326.6,27.925,34.231,27.925
British GP,Alexander Albon,Williams,23,63,90.925,Medium,0,7,305.6,28.187,34.551,28.187
British GP,Alexander Albon,Williams,23,64,91.184,Soft,0,9,332.3,28.267,34.65,28.267
British GP,Alexander Albon,Williams,23,65,90.85,Medium,0,6,320.5,28.163,34.523,28.163
British GP,Alexander Albon,Williams,23,66,90.134,Soft,0,8,295.8,27.942,34.251,27.942
British GP,Nico Hulkenberg,Kick Sauber,27,1,89.107,Hard,0,10,311.8,27.623,33.861,27.623
British GP,Nico Hulkenberg,Kick Sauber,27,2,88.242,Intermediate,0,10,347.8,27.355,33.532,27.355
British GP,Nico Hulkenberg,Kick Sauber,27,3,88.439,Soft,0,7,308.7,27.416,33.607,27.416
British GP,Nico Hulkenberg,Kick Sauber,27,4,88.252,Medium,0,12,345.5,27.358,33.536,27.358
British GP,Nico Hulkenberg,Kick Sauber,27,5,88.197,Soft,0,8,322.9,27.341,33.515,27.341
British GP,Nico Hulkenberg,Kick Sauber,27,6,88.998,Soft,0,6,304.9,27.589,33.819,27.589
British GP,Nico Hulkenberg,Kick Sauber,27,7,89.036,Medium,0,9,327.5,27.601,33.834,27.601
British GP,Nico Hulkenberg,Kick Sauber,27,8,88.726,Soft,0,10,329.4,27.505,33.716,27.505
British GP,Nico Hulkenberg,Kick Sauber,27,9,89.081,Soft,0,10,331.1,27.615,33.851,27.615
British GP,Nico Hulkenberg,Kick Sauber,27,10,88.92,Hard,0,12,308.1,27.565,33.79,27.565
British GP,Nico Hulkenberg,Kick Sauber,27,11,88.281,Medium,0,9,343.0,27.367,33.547,27.367
British GP,Nico Hulkenberg,Kick Sauber,27,12,88.752,Soft,0,9,338.3,27.513,33.726,27.513
British GP,Nico Hulkenberg,Kick Sauber,27,13,89.114,Medium,0,7,301.9,27.625,33.863,27.625
British GP,Nico Hulkenberg,Kick Sauber,27,14,89.325,Hard,0,11,318.3,27.691,33.944,27.691
British GP,Nico Hulkenberg,Kick Sauber,27,15,89.533,Intermediate,0,10,344.9,27.755,34.023,27.755
British GP,Nico Hulkenberg,Kick Sauber,27,16,88.791,Hard,0,9,321.6,27.525,33.741,27.525
British GP,Nico Hulkenberg,Kick Sauber,27,17,88.618,Soft,0,6,297.4,27.472,33.675,27.472
British GP,Nico Hulkenberg,Kick Sauber,27,18,88.423,Hard,1,12,336.1,27.411,33.601,27.411
British GP,Nico Hulkenberg,Kick Sauber,27,19,88.834,Medium,0,7,314.3,27.539,33.757,27.539
British GP,Nico Hulkenberg,Kick Sauber,27,20,89.282,Soft,1,8,334.5,27.677,33.927,27.677
British GP,Nico Hulkenberg,Kick Sauber,27,21,88.848,Hard,0,10,332.8,27.543,33.762,27.543
British GP,Nico Hulkenberg,Kick Sauber,27,22,89.875,Hard,0,7,344.9,27.861,34.153,27.861
British GP,Nico Hulkenberg,Kick Sauber,27,23,89.186,Medium,0,7,301.0,27.648,33.891,27.648
British GP,Nico Hulkenberg,Kick Sauber,27,24,89.007,Medium,1,5,317.8,27.592,33.823,27.592
British GP,Nico Hulkenberg,Kick Sauber,27,25,88.693,Medium,0,11,316.3,27.495,33.703,27.495
British GP,Nico Hulkenberg,Kick Sauber,27,26,89.188,Hard,0,8,301.6,27.648,33.891,27.648
British GP,Nico Hulkenberg,Kick Sauber,27,27,89.359,Soft,0,15,317.8,27.701,33.956,27.701
British GP,Nico Hulkenberg,Kick Sauber,27,28,88.458,Medium,0,8,323.1,27.422,33.614,27.422
British GP,Nico Hulkenberg,Kick Sauber,27,29,88.558,Medium,0,8,347.2,27.453,33.652,27.453
British GP,Nico Hulkenberg,Kick Sauber,27,30,88.613,Hard,0,8,325.7,27.47,33.673,27.47
British GP,Nico Hulkenberg,Kick Sauber,27,31,88.751,Medium,0,10,329.5,27.513,33.725,27.513
British GP,Nico Hulkenberg,Kick Sauber,27,32,88.302,Medium,0,9,298.2,27.374,33.555,27.374
British GP,Nico Hulkenberg,Kick Sauber,27,33,88.462,Hard,0,11,326.4,27.423,33.616,27.423
British GP,Nico Hulkenberg,Kick Sauber,27,34,88.651,Medium,0,8,318.2,27.482,33.687,27.482
British GP,Nico Hulkenberg,Kick Sauber,27,35,89.302,Soft,0,7,317.3,27.684,33.935,27.684
British GP,Nico Hulkenberg,Kick Sauber,27,36,88.558,Wet,0,6,326.4,27.453,33.652,27.453
British GP,Nico Hulkenberg,Kick Sauber,27,37,89.24,Hard,0,5,315.0,27.664,33.911,27.664
British GP,Nico Hulkenberg,Kick Sauber,27,38,88.678,Medium,0,8,304.6,27.49,33.698,27.49
British GP,Nico Hulkenberg,Kick Sauber,27,39,88.638,Medium,0,9,322.0,27.478,33.682,27.478
British GP,Nico Hulkenberg,Kick Sauber,27,40,89.124,Soft,0,8,312.0,27.628,33.867,27.628
British GP,Nico Hulkenberg,Kick Sauber,27,41,88.456,Soft,0,12,306.9,27.421,33.613,27.421
British GP,Nico Hulkenberg,Kick Sauber,27,42,88.155,Hard,0,12,337.2,27.328,33.499,27.328
British GP,Nico Hulkenberg,Kick Sauber,27,43,88.487,Hard,0,9,306.4,27.431,33.625,27.431
British GP,Nico Hulkenberg,Kick Sauber,27,44,89.075,Hard,0,6,299.4,27.613,33.849,27.613
British GP,Nico Hulkenberg,Kick Sauber,27,45,88.404,Wet,0,8,332.8,27.405,33.594,27.405
British GP,Nico Hulkenberg,Kick Sauber,27,46,89.403,Hard,1,8,322.8,27.715,33.973,27.715
British GP,Nico Hulkenberg,Kick Sauber,27,47,89.49,Medium,0,8,345.5,27.742,34.006,27.742
British GP,Nico Hulkenberg,Kick Sauber,27,48,88.62,Intermediate,0,8,336.9,27.472,33.676,27.472
British GP,Nico Hulkenberg,Kick Sauber,27,49,89.182,Hard,0,8,330.1,27.646,33.889,27.646
British GP,Nico Hulkenberg,Kick Sauber,27,50,88.791,Hard,0,9,321.4,27.525,33.741,27.525
British GP,Nico Hulkenberg,Kick Sauber,27,51,88.246,Intermediate,0,8,327.0,27.356,33.533,27.356
British GP,Nico Hulkenberg,Kick Sauber,27,52,88.401,Wet,0,10,328.6,27.404,33.592,27.404
British GP,Nico Hulkenberg,Kick Sauber,27,53,89.08,Wet,0,10,340.8,27.615,33.85,27.615
British GP,Nico Hulkenberg,Kick Sauber,27,54,88.933,Hard,0,8,331.3,27.569,33.795,27.569
British GP,Nico Hulkenberg,Kick Sauber,27,55,89.36,Soft,0,12,347.4,27.702,33.957,27.702
British GP,Nico Hulkenberg,Kick Sauber,27,56,89.053,Medium,0,8,297.6,27.606,33.84,27.606
British GP,Nico Hulkenberg,Kick Sauber,27,57,88.642,Medium,0,6,320.1,27.479,33.684,27.479
British GP,Nico Hulkenberg,Kick Sauber,27,58,89.043,Medium,0,10,310.6,27.603,33.836,27.603
British GP,Nico Hulkenberg,Kick Sauber,27,59,89.064,Medium,0,8,339.0,27.61,33.844,27.61
British GP,Nico Hulkenberg,Kick Sauber,27,60,89.391,Intermediate,0,10,313.0,27.711,33.969,27.711
British GP,Nico Hulkenberg,Kick Sauber,27,61,88.944,Medium,0,5,308.5,27.573,33.799,27.573
British GP,Nico Hulkenberg,Kick Sauber,27,62,88.685,Medium,0,12,302.6,27.492,33.7,27.492
British GP,Nico Hulkenberg,Kick Sauber,27,63,88.907,Hard,0,11,301.0,27.561,33.785,27.561
British GP,Nico Hulkenberg,Kick Sauber,27,64,89.212,Medium,0,6,343.9,27.656,33.901,27.656
British GP,Nico Hulkenberg,Kick Sauber,27,65,88.865,Soft,0,7,305.4,27.548,33.769,27.548
British GP,Nico Hulkenberg,Kick Sauber,27,66,89.052,Medium,0,13,342.5,27.606,33.84,27.606
Belgian GP,Max Verstappen,Red Bull Racing,1,1,91.364,Medium,0,1,295.9,28.323,34.718,28.323
Belgian GP,Max Verstappen,Red Bull Racing,1,2,91.436,Soft,0,1,327.7,28.345,34.746,28.345
Belgian GP,Max Verstappen,Red Bull Racing,1,3,91.403,Soft,0,1,326.0,28.335,34.733,28.335
Belgian GP,Max Verstappen,Red Bull Racing,1,4,91.703,Hard,0,1,339.4,28.428,34.847,28.428
Belgian GP,Max Verstappen,Red Bull Racing,1,5,91.212,Soft,0,1,296.7,28.276,34.661,28.276
Belgian GP,Max Verstappen,Red Bull Racing,1,6,91.645,Hard,0,2,296.9,28.41,34.825,28.41
Belgian GP,Max Verstappen,Red Bull Racing,1,7,91.968,Medium,0,1,331.8,28.51,34.948,28.51
Belgian GP,Max Verstappen,Red Bull Racing,1,8,91.991,Intermediate,0,1,325.3,28.517,34.957,28.517
Belgian GP,Max Verstappen,Red Bull Racing,1,9,91.293,Hard,0,1,316.8,28.301,34.691,28.301
Belgian GP,Max Verstappen,Red Bull Racing,1,10,91.239,Soft,0,3,306.0,28.284,34.671,28.284
Belgian GP,Max Verstappen,Red Bull Racing,1,11,91.749,Medium,0,1,314.9,28.442,34.865,28.442
Belgian GP,Max Verstappen,Red Bull Racing,1,12,91.552,Medium,0,3,314.1,28.381,34.79,28.381
Belgian GP,Max Verstappen,Red Bull Racing,1,13,91.399,Hard,0,1,327.4,28.334,34.732,28.334
Belgian GP,Max Verstappen,Red Bull Racing,1,14,91.449,Medium,0,3,306.1,28.349,34.751,28.349
Belgian GP,Max Verstappen,Red Bull Racing,1,15,91.226,Medium,0,1,309.9,28.28,34.666,28.28
Belgian GP,Max Verstappen,Red Bull Racing,1,16,92.034,Medium,0,1,334.5,28.531,34.973,28.531
Belgian GP,Max Verstappen,Red Bull Racing,1,17,91.341,Medium,0,1,301.8,28.316,34.71,28.316
Belgian GP,Max Verstappen,Red Bull Racing,1,18,92.13,Soft,0,3,318.2,28.56,35.009,28.56
Belgian GP,Max Verstappen,Red Bull Racing,1,19,91.326,Medium,0,1,344.2,28.311,34.704,28.311
Belgian GP,Max Verstappen,Red Bull Racing,1,20,91.414,Medium,0,1,337.9,28.338,34.737,28.338
Belgian GP,Max Verstappen,Red Bull Racing,1,21,91.393,Hard,0,1,297.2,28.332,34.729,28.332
Belgian GP,Max Verstappen,Red Bull Racing,1,22,91.65,Intermediate,0,1,319.8,28.412,34.827,28.412
Belgian GP,Max Verstappen,Red Bull Racing,1,23,91.64,Hard,0,4,329.7,28.408,34.823,28.408
Belgian GP,Max Verstappen,Red Bull Racing,1,24,92.079,Hard,0,1,340.1,28.544,34.99,28.544
Belgian GP,Max Verstappen,Red Bull Racing,1,25,91.307,Soft,0,2,312.5,28.305,34.697,28.305
Belgian GP,Max Verstappen,Red Bull Racing,1,26,91.963,Soft,0,1,347.7,28.509,34.946,28.509
Belgian GP,Max Verstappen,Red Bull Racing,1,27,91.742,Medium,0,3,331.0,28.44,34.862,28.44
Belgian GP,Max Verstappen,Red Bull Racing,1,28,91.025,Soft,0,1,305.8,28.218,34.59,28.218
Belgian GP,Max Verstappen,Red Bull Racing,1,29,91.735,Soft,0,1,304.1,28.438,34.859,28.438
Belgian GP,Max Verstappen,Red Bull Racing,1,30,91.044,Medium,0,1,335.1,28.224,34.597,28.224
Belgian GP,Max Verstappen,Red Bull Racing,1,31,91.226,Medium,0,2,332.4,28.28,34.666,28.28
Belgian GP,Max Verstappen,Red Bull Racing,1,32,91.286,Wet,0,1,340.7,28.299,34.689,28.299
Belgian GP,Max Verstappen,Red Bull Racing,1,33,91.923,Hard,0,2,295.9,28.496,34.931,28.496
Belgian GP,Max Verstappen,Red Bull Racing,1,34,91.959,Medium,0,1,324.4,28.507,34.944,28.507
Belgian GP,Max Verstappen,Red Bull Racing,1,35,91.696,Soft,0,3,300.5,28.426,34.844,28.426
Belgian GP,Max Verstappen,Red Bull Racing,1,36,91.285,Hard,0,1,329.9,28.298,34.688,28.298
Belgian GP,Max Verstappen,Red Bull Racing,1,37,91.221,Hard,0,2,323.0,28.279,34.664,28.279
Belgian GP,Max Verstappen,Red Bull Racing,1,38,91.332,Medium,1,1,325.3,28.313,34.706,28.313
Belgian GP,Max Verstappen,Red Bull Racing,1,39,91.666,Soft,0,1,323.0,28.416,34.833,28.416
Belgian GP,Max Verstappen,Red Bull Racing,1,40,91.782,Medium,0,1,322.1,28.452,34.877,28.452
Belgian GP,Max Verstappen,Red Bull Racing,1,41,91.692,Hard,0,2,325.4,28.425,34.843,28.425
Belgian GP,Max Verstappen,Red Bull Racing,1,42,91.797,Soft,0,1,324.2,28.457,34.883,28.457
Belgian GP,Max Verstappen,Red Bull Racing,1,43,91.503,Soft,0,3,329.3,28.366,34.771,28.366
Belgian GP,Max Verstappen,Red Bull Racing,1,44,91.695,Soft,0,1,315.8,28.425,34.844,28.425
Belgian GP,Max Verstappen,Red Bull Racing,1,45,91.29,Hard,0,1,309.6,28.3,34.69,28.3
Belgian GP,Max Verstappen,Red Bull Racing,1,46,91.444,Medium,0,1,298.5,28.348,34.749,28.348
Belgian GP,Max Verstappen,Red Bull Racing,1,47,92.001,Medium,0,1,333.4,28.52,34.96,28.52
Belgian GP,Max Verstappen,Red Bull Racing,1,48,91.47,Soft,0,1,337.1,28.356,34.759,28.356
Belgian GP,Max Verstappen,Red Bull Racing,1,49,91.627,Hard,0,4,324.3,28.404,34.818,28.404
Belgian GP,Max Verstappen,Red Bull Racing,1,50,91.21,Hard,0,1,333.9,28.275,34.66,28.275
Belgian GP,Max Verstappen,Red Bull Racing,1,51,92.514,Soft,0,3,312.3,28.679,35.155,28.679
Belgian GP,Max Verstappen,Red Bull Racing,1,52,91.623,Soft,0,1,299.1,28.403,34.817,28.403
Belgian GP,Max Verstappen,Red Bull Racing,1,53,92.075,Medium,0,3,330.7,28.543,34.989,28.543
Belgian GP,Max Verstappen,Red Bull Racing,1,54,91.721,Hard,0,5,295.5,28.434,34.854,28.434
Belgian GP,Charles Leclerc,Scuderia Ferrari,16,1,89.126,Soft,0,1,312.8,27.629,33.868,27.629
Belgian GP,Charles Leclerc,Scuderia Ferrari,16,2,88.742,Medium,0,3,297.8,27.51,33.722,27.51
Belgian GP,Charles Leclerc,Scuderia Ferrari,16,3,89.224,Medium,0,2,342.0,27.659,33.905,27.659
Belgian GP,Charles Leclerc,Scuderia Ferrari,16,4,88.92,Hard,0,1,310.3,27.565,33.79,27.565
Belgian GP,Charles Leclerc,Scuderia Ferrari,16,5,88.684,Medium,0,2,334.7,27.492,33.7,27.492
Belgian GP,Charles Leclerc,Scuderia Ferrari,16,6,88.895,Soft,0,3,339.2,27.557,33.78,27.557
Belgian GP,Charles Leclerc,Scuderia Ferrari,16,7,89.245,Intermediate,0,1,299.9,27.666,33.913,27.666
Belgian GP,Charles Leclerc,Scuderia Ferrari,16,8,89.214,Medium,0,4,334.3,27.656,33.901,27.656
Belgian GP,Charles Leclerc,Scuderia Ferrari,16,9,88.936,Hard,0,1,318.0,27.57,33.796,27.57
Belgian GP,Charles Leclerc,Scuderia Ferrari,16,10,89.61,Medium,0,1,306.5,27.779,34.052,27.779
Belgian GP,Charles Leclerc,Scuderia Ferrari,16,11,88.831,Medium,0,2,336.4,27.538,33.756,27.538
Belgian GP,Charles Leclerc,Scuderia Ferrari,16,12,88.592,Wet,0,2,345.5,27.464,33.665,27.464
Belgian GP,Charles Leclerc,Scuderia Ferrari,16,13,88.998,Soft,0,1,346.3,27.589,33.819,27.589
Belgian GP,Charles Leclerc,Scuderia Ferrari,16,14,89.179,Soft,0,3,305.2,27.645,33.888,27.645
Belgian GP,Charles Leclerc,Scuderia Ferrari,16,15,88.936,Hard,0,3,314.8,27.57,33.796,27.57
Belgian GP,Charles Leclerc,Scuderia Ferrari,16,16,88.628,Medium,0,3,312.5,27.475,33.679,27.475
Belgian GP,Charles Leclerc,Scuderia Ferrari,16,17,89.206,Soft,0,1,314.1,27.654,33.898,27.654
Belgian GP,Charles Leclerc,Scuderia Ferrari,16,18,89.326,Soft,0,3,318.7,27.691,33.944,27.691
Belgian GP,Charles Leclerc,Scuderia Ferrari,16,19,88.906,Medium,0,1,349.1,27.561,33.784,27.561
Belgian GP,Charles Leclerc,Scuderia Ferrari,16,20,88.743,Hard,0,6,327.1,27.51,33.722,27.51
Belgian GP,Charles Leclerc,Scuderia Ferrari,16,21,88.941,Soft,0,1,298.3,27.572,33.798,27.572
Belgian GP,Charles Leclerc,Scuderia Ferrari,16,22,89.101,Intermediate,0,6,316.2,27.621,33.858,27.621
Belgian GP,Charles Leclerc,Scuderia Ferrari,16,23,88.651,Hard,0,2,340.3,27.482,33.687,27.482
Belgian GP,Charles Leclerc,Scuderia Ferrari,16,24,88.869,Hard,0,1,319.2,27.549,33.77,27.549
Belgian GP,Charles Leclerc,Scuderia Ferrari,16,25,89.182,Hard,0,4,306.5,27.646,33.889,27.646
Belgian GP,Charles Leclerc,Scuderia Ferrari,16,26,88.661,Medium,0,2,297.3,27.485,33.691,27.485
Belgian GP,Charles Leclerc,Scuderia Ferrari,16,27,89.019,Hard,0,3,337.3,27.596,33.827,27.596
Belgian GP,Charles Leclerc,Scuderia Ferrari,16,28,89.158,Medium,0,4,323.4,27.639,33.88,27.639
Belgian GP,Charles Leclerc,Scuderia Ferrari,16,29,89.062,Soft,0,2,329.7,27.609,33.844,27.609
Belgian GP,Charles Leclerc,Scuderia Ferrari,16,30,88.535,Hard,0,1,342.2,27.446,33.643,27.446
Belgian GP,Charles Leclerc,Scuderia Ferrari,16,31,88.575,Hard,0,3,316.4,27.458,33.659,27.458
Belgian GP,Charles Leclerc,Scuderia Ferrari,16,32,88.989,Wet,0,2,323.8,27.587,33.816,27.587
Belgian GP,Charles Leclerc,Scuderia Ferrari,16,33,88.779,Soft,0,3,324.3,27.521,33.736,27.521
Belgian GP,Charles Leclerc,Scuderia Ferrari,16,34,89.353,Hard,0,1,303.4,27.699,33.954,27.699
Belgian GP,Charles Leclerc,Scuderia Ferrari,16,35,89.175,Medium,0,2,312.2,27.644,33.886,27.644
Belgian GP,Charles Leclerc,Scuderia Ferrari,16,36,88.709,Wet,0,1,336.1,27.5,33.709,27.5
Belgian GP,Charles Leclerc,Scuderia Ferrari,16,37,88.694,Soft,0,5,327.5,27.495,33.704,27.495
Belgian GP,Charles Leclerc,Scuderia Ferrari,16,38,88.886,Medium,0,3,340.6,27.555,33.777,27.555
Belgian GP,Charles Leclerc,Scuderia Ferrari,16,39,89.058,Hard,0,2,344.6,27.608,33.842,27.608
Belgian GP,Charles Leclerc,Scuderia Ferrari,16,40,88.458,Medium,0,2,325.0,27.422,33.614,27.422
Belgian GP,Charles Leclerc,Scuderia Ferrari,16,41,89.03,Intermediate,0,1,345.0,27.599,33.831,27.599
Belgian GP,Charles Leclerc,Scuderia Ferrari,16,42,89.388,Intermediate,0,5,303.4,27.71,33.967,27.71
Belgian GP,Charles Leclerc,Scuderia Ferrari,16,43,88.832,Medium,0,5,341.6,27.538,33.756,27.538
Belgian GP,Charles Leclerc,Scuderia Ferrari,16,44,89.361,Medium,0,2,332.8,27.702,33.957,27.702
Belgian GP,Charles Leclerc,Scuderia Ferrari,16,45,88.744,Soft,0,5,349.5,27.511,33.723,27.511
Belgian GP,Charles Leclerc,Scuderia Ferrari,16,46,88.696,Soft,0,1,313.7,27.496,33.704,27.496
Belgian GP,Charles Leclerc,Scuderia Ferrari,16,47,89.092,Medium,0,1,309.0,27.619,33.855,27.619
Belgian GP,Charles Leclerc,Scuderia Ferrari,16,48,89.439,Soft,0,2,333.2,27.726,33.987,27.726
Belgian GP,Charles Leclerc,Scuderia Ferrari,16,49,88.838,Soft,0,2,322.9,27.54,33.758,27.54
Belgian GP,Charles Leclerc,Scuderia Ferrari,16,50,89.212,Soft,0,1,302.6,27.656,33.901,27.656
Belgian GP,Charles Leclerc,Scuderia Ferrari,16,51,89.57,Soft,0,3,317.9,27.767,34.037,27.767
Belgian GP,Charles Leclerc,Scuderia Ferrari,16,52,89.551,Hard,0,2,321.2,27.761,34.029,27.761
Belgian GP,Charles Leclerc,Scuderia Ferrari,16,53,88.719,Hard,0,1,307.7,27.503,33.713,27.503
Belgian GP,Charles Leclerc,Scuderia Ferrari,16,54,88.577,Intermediate,0,3,315.1,27.459,33.659,27.459
Belgian GP,Charles Leclerc,Scuderia Ferrari,16,55,89.196,Hard,0,3,325.9,27.651,33.894,27.651
Belgian GP,Charles Leclerc,Scuderia Ferrari,16,56,89.136,Intermediate,0,2,321.5,27.632,33.872,27.632
Belgian GP,Charles Leclerc,Scuderia Ferrari,16,57,88.499,Medium,0,4,303.5,27.435,33.63,27.435
Belgian GP,Charles Leclerc,Scuderia Ferrari,16,58,88.439,Soft,0,1,323.8,27.416,33.607,27.416
Belgian GP,Charles Leclerc,Scuderia Ferrari,16,59,88.965,Medium,0,2,340.6,27.579,33.807,27.579
Belgian GP,Charles Leclerc,Scuderia Ferrari,16,60,89.344,Medium,0,1,336.5,27.697,33.951,27.697
Belgian GP,Charles Leclerc,Scuderia Ferrari,16,61,89.31,Medium,0,1,313.4,27.686,33.938,27.686
Belgian GP,Charles Leclerc,Scuderia Ferrari,16,62,88.415,Soft,0,1,320.7,27.409,33.598,27.409
Belgian GP,Charles Leclerc,Scuderia Ferrari,16,63,88.881,Medium,0,1,309.1,27.553,33.775,27.553
Belgian GP,Charles Leclerc,Scuderia Ferrari,16,64,89.459,Medium,0,1,346.7,27.732,33.994,27.732
Belgian GP,Charles Leclerc,Scuderia Ferrari,16,65,88.991,Medium,0,1,332.4,27.587,33.817,27.587
Belgian GP,Charles Leclerc,Scuderia Ferrari,16,66,89.506,Medium,0,3,336.5,27.747,34.012,27.747
Belgian GP,Charles Leclerc,Scuderia Ferrari,16,67,88.637,Medium,0,1,347.0,27.477,33.682,27.477
Belgian GP,Charles Leclerc,Scuderia Ferrari,16,68,88.761,Hard,0,1,341.8,27.516,33.729,27.516
Belgian GP,Charles Leclerc,Scuderia Ferrari,16,69,88.536,Medium,0,4,295.1,27.446,33.644,27.446
Belgian GP,Charles Leclerc,Scuderia Ferrari,16,70,88.795,Medium,0,1,341.2,27.526,33.742,27.526
Belgian GP,Charles Leclerc,Scuderia Ferrari,16,71,89.377,Medium,0,1,295.3,27.707,33.963,27.707
Belgian GP,Lewis Hamilton,Scuderia Ferrari,44,1,89.28,Medium,0,3,321.6,27.677,33.926,27.677
Belgian GP,Lewis Hamilton,Scuderia Ferrari,44,2,89.981,Medium,0,3,310.9,27.894,34.193,27.894
Belgian GP,Lewis Hamilton,Scuderia Ferrari,44,3,90.039,Medium,0,5,320.8,27.912,34.215,27.912
Belgian GP,Lewis Hamilton,Scuderia Ferrari,44,4,89.493,Hard,0,3,298.7,27.743,34.007,27.743
Belgian GP,Lewis Hamilton,Scuderia Ferrari,44,5,89.721,Soft,0,1,307.7,27.814,34.094,27.814
Belgian GP,Lewis Hamilton,Scuderia Ferrari,44,6,90.267,Hard,0,7,308.2,27.983,34.301,27.983
Belgian GP,Lewis Hamilton,Scuderia Ferrari,44,7,90.045,Hard,0,3,323.7,27.914,34.217,27.914
Belgian GP,Lewis Hamilton,Scuderia Ferrari,44,8,89.974,Medium,0,2,343.4,27.892,34.19,27.892
Belgian GP,Lewis Hamilton,Scuderia Ferrari,44,9,89.559,Soft,0,4,341.0,27.763,34.032,27.763
Belgian GP,Lewis Hamilton,Scuderia Ferrari,44,10,89.814,Hard,0,3,332.0,27.842,34.129,27.842
Belgian GP,Lewis Hamilton,Scuderia Ferrari,44,11,89.678,Hard,0,3,326.7,27.8,34.078,27.8
Belgian GP,Lewis Hamilton,Scuderia Ferrari,44,12,89.602,Medium,0,7,348.7,27.777,34.049,27.777
Belgian GP,Lewis Hamilton,Scuderia Ferrari,44,13,90.549,Soft,0,2,300.2,28.07,34.409,28.07
Belgian GP,Lewis Hamilton,Scuderia Ferrari,44,14,90.441,Soft,0,2,320.9,28.037,34.368,28.037
Belgian GP,Lewis Hamilton,Scuderia Ferrari,44,15,90.491,Medium,0,3,323.5,28.052,34.387,28.052
Belgian GP,Lewis Hamilton,Scuderia Ferrari,44,16,89.377,Hard,0,5,318.6,27.707,33.963,27.707
Belgian GP,Lewis Hamilton,Scuderia Ferrari,44,17,89.904,Hard,0,1,339.3,27.87,34.164,27.87
Belgian GP,Lewis Hamilton,Scuderia Ferrari,44,18,90.588,Hard,0,1,347.4,28.082,34.423,28.082
Belgian GP,Lewis Hamilton,Scuderia Ferrari,44,19,89.777,Soft,0,1,308.6,27.831,34.115,27.831
Belgian GP,Lewis Hamilton,Scuderia Ferrari,44,20,89.553,Hard,0,1,349.8,27.761,34.03,27.761
Belgian GP,Lewis Hamilton,Scuderia Ferrari,44,21,90.655,Intermediate,0,2,313.0,28.103,34.449,28.103
Belgian GP,Lewis Hamilton,Scuderia Ferrari,44,22,90.476,Soft,0,4,341.3,28.048,34.381,28.048
Belgian GP,Lewis Hamilton,Scuderia Ferrari,44,23,89.814,Medium,0,1,323.0,27.842,34.129,27.842
Belgian GP,Lewis Hamilton,Scuderia Ferrari,44,24,90.275,Medium,1,1,296.4,27.985,34.305,27.985
Belgian GP,Lewis Hamilton,Scuderia Ferrari,44,25,89.957,Hard,0,3,337.8,27.887,34.184,27.887
Belgian GP,Lewis Hamilton,Scuderia Ferrari,44,26,89.962,Soft,0,4,306.8,27.888,34.186,27.888
Belgian GP,Lewis Hamilton,Scuderia Ferrari,44,27,90.213,Medium,0,1,348.4,27.966,34.281,27.966
Belgian GP,Lewis Hamilton,Scuderia Ferrari,44,28,89.694,Hard,0,4,309.0,27.805,34.084,27.805
Belgian GP,Lewis Hamilton,Scuderia Ferrari,44,29,89.753,Soft,0,4,297.0,27.823,34.106,27.823
Belgian GP,Lewis Hamilton,Scuderia Ferrari,44,30,89.315,Soft,0,4,297.8,27.688,33.94,27.688
Belgian GP,Lewis Hamilton,Scuderia Ferrari,44,31,90.082,Medium,0,5,303.7,27.925,34.231,27.925
Belgian GP,Lewis Hamilton,Scuderia Ferrari,44,32,89.513,Hard,0,7,331.4,27.749,34.015,27.749
Belgian GP,Lewis Hamilton,Scuderia Ferrari,44,33,89.814,Medium,0,2,335.8,27.842,34.129,27.842
Belgian GP,Lewis Hamilton,Scuderia Ferrari,44,34,90.398,Medium,0,3,344.3,28.023,34.351,28.023
Belgian GP,Lewis Hamilton,Scuderia Ferrari,44,35,90.222,Intermediate,0,2,332.9,27.969,34.284,27.969
Belgian GP,Lewis Hamilton,Scuderia Ferrari,44,36,90.251,Medium,0,3,319.5,27.978,34.295,27.978
Belgian GP,Lewis Hamilton,Scuderia Ferrari,44,37,90.362,Hard,0,6,347.5,28.012,34.338,28.012
Belgian GP,Lewis Hamilton,Scuderia Ferrari,44,38,90.457,Hard,0,1,305.3,28.042,34.374,28.042
Belgian GP,Lewis Hamilton,Scuderia Ferrari,44,39,89.983,Soft,0,1,333.1,27.895,34.194,27.895
Belgian GP,Lewis Hamilton,Scuderia Ferrari,44,40,90.045,Soft,0,5,295.1,27.914,34.217,27.914
Belgian GP,Lewis Hamilton,Scuderia Ferrari,44,41,90.298,Hard,0,5,298.4,27.992,34.313,27.992
Belgian GP,Lewis Hamilton,Scuderia Ferrari,44,42,90.244,Soft,0,2,301.7,27.976,34.293,27.976
Belgian GP,Lewis Hamilton,Scuderia Ferrari,44,43,89.801,Medium,0,4,303.1,27.838,34.124,27.838
Belgian GP,Lewis Hamilton,Scuderia Ferrari,44,44,90.563,Hard,0,3,300.6,28.075,34.414,28.075
Belgian GP,Lewis Hamilton,Scuderia Ferrari,44,45,90.485,Soft,0,6,304.8,28.05,34.384,28.05
Belgian GP,Lewis Hamilton,Scuderia Ferrari,44,46,90.22,Intermediate,0,3,306.6,27.968,34.284,27.968
Belgian GP,Lewis Hamilton,Scuderia Ferrari,44,47,90.239,Medium,0,5,346.3,27.974,34.291,27.974
Belgian GP,Lewis Hamilton,Scuderia Ferrari,44,48,89.971,Soft,0,8,312.2,27.891,34.189,27.891
Belgian GP,Lewis Hamilton,Scuderia Ferrari,44,49,90.561,Soft,0,4,312.5,28.074,34.413,28.074
Belgian GP,Lewis Hamilton,Scuderia Ferrari,44,50,89.601,Medium,0,3,318.0,27.776,34.048,27.776
Belgian GP,Lewis Hamilton,Scuderia Ferrari,44,51,89.781,Hard,0,4,349.0,27.832,34.117,27.832
Belgian GP,Lewis Hamilton,Scuderia Ferrari,44,52,89.806,Soft,0,2,312.6,27.84,34.126,27.84
Belgian GP,Lewis Hamilton,Scuderia Ferrari,44,53,90.073,Medium,0,7,308.1,27.923,34.228,27.923
Belgian GP,Lewis Hamilton,Scuderia Ferrari,44,54,90.399,Medium,0,3,342.6,28.024,34.352,28.024
Belgian GP,Lewis Hamilton,Scuderia Ferrari,44,55,90.495,Hard,0,2,316.1,28.053,34.388,28.053
Belgian GP,Lewis Hamilton,Scuderia Ferrari,44,56,89.572,Hard,0,1,307.9,27.767,34.037,27.767
Belgian GP,Lewis Hamilton,Scuderia Ferrari,44,57,90.187,Hard,0,5,348.8,27.958,34.271,27.958
Belgian GP,Lewis Hamilton,Scuderia Ferrari,44,58,89.672,Soft,0,4,336.0,27.798,34.075,27.798
Belgian GP,Lando Norris,McLaren,4,1,89.883,Soft,0,3,296.8,27.864,34.156,27.864
Belgian GP,Lando Norris,McLaren,4,2,89.207,Soft,0,5,342.1,27.654,33.899,27.654
Belgian GP,Lando Norris,McLaren,4,3,89.362,Medium,0,1,301.1,27.702,33.958,27.702
Belgian GP,Lando Norris,McLaren,4,4,89.027,Hard,0,4,349.0,27.598,33.83,27.598
Belgian GP,Lando Norris,McLaren,4,5,90.034,Medium,0,4,297.0,27.911,34.213,27.911
Belgian GP,Lando Norris,McLaren,4,6,90.018,Soft,0,7,302.0,27.906,34.207,27.906
Belgian GP,Lando Norris,McLaren,4,7,89.788,Medium,0,2,327.4,27.834,34.119,27.834
Belgian GP,Lando Norris,McLaren,4,8,89.594,Medium,0,1,343.1,27.774,34.046,27.774
Belgian GP,Lando Norris,McLaren,4,9,89.172,Medium,0,2,313.4,27.643,33.885,27.643
Belgian GP,Lando Norris,McLaren,4,10,89.179,Hard,0,1,333.2,27.645,33.888,27.645
Belgian GP,Lando Norris,McLaren,4,11,89.693,Medium,0,6,308.8,27.805,34.083,27.805
Belgian GP,Lando Norris,McLaren,4,12,90.006,Soft,0,7,309.7,27.902,34.202,27.902
Belgian GP,Lando Norris,McLaren,4,13,89.752,Medium,0,4,329.3,27.823,34.106,27.823
Belgian GP,Lando Norris,McLaren,4,14,89.45,Soft,0,6,317.9,27.73,33.991,27.73
Belgian GP,Lando Norris,McLaren,4,15,89.984,Soft,0,4,346.6,27.895,34.194,27.895
Belgian GP,Lando Norris,McLaren,4,16,89.751,Hard,0,3,341.6,27.823,34.105,27.823
Belgian GP,Lando Norris,McLaren,4,17,90.377,Soft,0,3,300.2,28.017,34.343,28.017
Belgian GP,Lando Norris,McLaren,4,18,89.54,Soft,0,3,299.0,27.757,34.025,27.757
Belgian GP,Lando Norris,McLaren,4,19,90.028,Medium,0,1,308.5,27.909,34.211,27.909
Belgian GP,Lando Norris,McLaren,4,20,90.269,Hard,0,4,339.5,27.983,34.302,27.983
Belgian GP,Lando Norris,McLaren,4,21,89.995,Intermediate,1,3,295.5,27.898,34.198,27.898
Belgian GP,Lando Norris,McLaren,4,22,89.17,Medium,0,5,313.1,27.643,33.885,27.643
Belgian GP,Lando Norris,McLaren,4,23,89.425,Soft,0,4,334.2,27.722,33.981,27.722
Belgian GP,Lando Norris,McLaren,4,24,89.188,Hard,0,3,333.2,27.648,33.891,27.648
Belgian GP,Lando Norris,McLaren,4,25,90.135,Hard,0,2,347.6,27.942,34.251,27.942
Belgian GP,Lando Norris,McLaren,4,26,90.456,Soft,0,4,347.9,28.041,34.373,28.041
Belgian GP,Lando Norris,McLaren,4,27,89.27,Hard,0,5,318.0,27.674,33.923,27.674
Belgian GP,Lando Norris,McLaren,4,28,89.397,Intermediate,0,1,344.8,27.713,33.971,27.713
Belgian GP,Lando Norris,McLaren,4,29,89.748,Soft,0,4,303.2,27.822,34.104,27.822
Belgian GP,Lando Norris,McLaren,4,30,89.945,Medium,0,4,297.8,27.883,34.179,27.883
Belgian GP,Lando Norris,McLaren,4,31,90.025,Hard,0,2,327.2,27.908,34.21,27.908
Belgian GP,Lando Norris,McLaren,4,32,90.016,Medium,0,2,295.0,27.905,34.206,27.905
Belgian GP,Lando Norris,McLaren,4,33,89.952,Hard,0,4,317.9,27.885,34.182,27.885
Belgian GP,Lando Norris,McLaren,4,34,90.073,Soft,0,1,316.5,27.923,34.228,27.923
Belgian GP,Lando Norris,McLaren,4,35,90.069,Medium,0,4,296.2,27.921,34.226,27.921
Belgian GP,Lando Norris,McLaren,4,36,89.631,Intermediate,0,2,311.0,27.786,34.06,27.786
Belgian GP,Lando Norris,McLaren,4,37,89.346,Medium,0,6,343.2,27.697,33.951,27.697
Belgian GP,Lando Norris,McLaren,4,38,90.064,Hard,0,8,296.3,27.92,34.224,27.92
Belgian GP,Lando Norris,McLaren,4,39,89.906,Wet,0,2,345.5,27.871,34.164,27.871
Belgian GP,Lando Norris,McLaren,4,40,90.119,Medium,0,5,331.8,27.937,34.245,27.937
Belgian GP,Lando Norris,McLaren,4,41,90.422,Medium,0,2,312.6,28.031,34.36,28.031
Belgian GP,Lando Norris,McLaren,4,42,89.922,Hard,0,6,306.0,27.876,34.17,27.876
Belgian GP,Lando Norris,McLaren,4,43,90.344,Medium,0,1,309.9,28.007,34.331,28.007
Belgian GP,Lando Norris,McLaren,4,44,90.387,Medium,0,4,314.4,28.02,34.347,28.02
Belgian GP,Lando Norris,McLaren,4,45,89.237,Medium,0,2,315.9,27.663,33.91,27.663
Belgian GP,Lando Norris,McLaren,4,46,89.698,Medium,0,3,347.4,27.806,34.085,27.806
Belgian GP,Lando Norris,McLaren,4,47,89.694,Medium,0,1,299.6,27.805,34.084,27.805
Belgian GP,Lando Norris,McLaren,4,48,89.396,Soft,0,5,306.3,27.713,33.97,27.713
Belgian GP,Lando Norris,McLaren,4,49,90.503,Medium,0,2,340.2,28.056,34.391,28.056
Belgian GP,Lando Norris,McLaren,4,50,89.964,Intermediate,0,5,344.2,27.889,34.186,27.889
Belgian GP,Lando Norris,McLaren,4,51,89.503,Soft,0,3,318.1,27.746,34.011,27.746
Belgian GP,Lando Norris,McLaren,4,52,89.97,Soft,0,3,331.3,27.891,34.189,27.891
Belgian GP,Lando Norris,McLaren,4,53,89.286,Medium,0,4,310.3,27.679,33.929,27.679
Belgian GP,Lando Norris,McLaren,4,54,89.779,Soft,0,2,305.2,27.831,34.116,27.831
Belgian GP,Oscar Piastri,McLaren,81,1,91.653,Hard,0,5,348.1,28.412,34.828,28.412
Belgian GP,Oscar Piastri,McLaren,81,2,91.683,Medium,0,8,320.9,28.422,34.84,28.422
Belgian GP,Oscar Piastri,McLaren,81,3,91.997,Soft,0,3,311.2,28.519,34.959,28.519
Belgian GP,Oscar Piastri,McLaren,81,4,91.535,Medium,0,7,304.5,28.376,34.783,28.376
Belgian GP,Oscar Piastri,McLaren,81,5,91.999,Medium,0,7,338.2,28.52,34.96,28.52
Belgian GP,Oscar Piastri,McLaren,81,6,91.552,Intermediate,0,3,302.8,28.381,34.79,28.381
Belgian GP,Oscar Piastri,McLaren,81,7,91.528,Medium,0,2,309.5,28.374,34.781,28.374
Belgian GP,Oscar Piastri,McLaren,81,8,91.972,Medium,0,5,320.1,28.511,34.949,28.511
Belgian GP,Oscar Piastri,McLaren,81,9,92.05,Soft,0,3,331.2,28.535,34.979,28.535
Belgian GP,Oscar Piastri,McLaren,81,10,91.443,Intermediate,0,8,312.0,28.347,34.748,28.347
Belgian GP,Oscar Piastri,McLaren,81,11,91.751,Medium,0,5,334.1,28.443,34.865,28.443
Belgian GP,Oscar Piastri,McLaren,81,12,92.008,Soft,0,3,336.7,28.522,34.963,28.522
Belgian GP,Oscar Piastri,McLaren,81,13,92.398,Medium,0,2,308.6,28.643,35.111,28.643
Belgian GP,Oscar Piastri,McLaren,81,14,91.99,Hard,0,7,332.5,28.517,34.956,28.517
Belgian GP,Oscar Piastri,McLaren,81,15,91.816,Medium,0,3,303.3,28.463,34.89,28.463
Belgian GP,Oscar Piastri,McLaren,81,16,91.578,Medium,0,5,327.6,28.389,34.8,28.389
Belgian GP,Oscar Piastri,McLaren,81,17,92.554,Medium,0,6,331.5,28.692,35.171,28.692
Belgian GP,Oscar Piastri,McLaren,81,18,91.975,Medium,0,4,306.8,28.512,34.95,28.512
Belgian GP,Oscar Piastri,McLaren,81,19,91.881,Soft,0,4,329.0,28.483,34.915,28.483
Belgian GP,Oscar Piastri,McLaren,81,20,92.184,Hard,1,4,333.7,28.577,35.03,28.577
Belgian GP,Oscar Piastri,McLaren,81,21,91.802,Hard,0,6,307.6,28.459,34.885,28.459
Belgian GP,Oscar Piastri,McLaren,81,22,92.094,Medium,0,6,306.8,28.549,34.996,28.549
Belgian GP,Oscar Piastri,McLaren,81,23,91.949,Hard,0,4,345.3,28.504,34.941,28.504
Belgian GP,Oscar Piastri,McLaren,81,24,92.417,Hard,0,5,332.3,28.649,35.118,28.649
Belgian GP,Oscar Piastri,McLaren,81,25,91.991,Medium,0,4,296.1,28.517,34.957,28.517
Belgian GP,Oscar Piastri,McLaren,81,26,91.303,Hard,0,2,322.8,28.304,34.695,28.304
Belgian GP,Oscar Piastri,McLaren,81,27,92.595,Medium,0,5,299.7,28.704,35.186,28.704
Belgian GP,Oscar Piastri,McLaren,81,28,92.079,Soft,0,8,326.1,28.544,34.99,28.544
Belgian GP,Oscar Piastri,McLaren,81,29,91.867,Hard,0,3,331.5,28.479,34.909,28.479
Belgian GP,Oscar Piastri,McLaren,81,30,91.453,Intermediate,0,3,333.2,28.35,34.752,28.35
Belgian GP,Oscar Piastri,McLaren,81,31,92.046,Medium,0,3,343.2,28.534,34.977,28.534
Belgian GP,Oscar Piastri,McLaren,81,32,92.005,Soft,0,6,339.9,28.522,34.962,28.522
Belgian GP,Oscar Piastri,McLaren,81,33,92.565,Medium,0,5,301.8,28.695,35.175,28.695
Belgian GP,Oscar Piastri,McLaren,81,34,91.593,Soft,0,4,342.6,28.394,34.805,28.394
Belgian GP,Oscar Piastri,McLaren,81,35,92.325,Medium,0,3,320.5,28.621,35.084,28.621
Belgian GP,Oscar Piastri,McLaren,81,36,91.898,Soft,0,5,316.3,28.488,34.921,28.488
Belgian GP,Oscar Piastri,McLaren,81,37,91.981,Soft,0,1,295.5,28.514,34.953,28.514
Belgian GP,Oscar Piastri,McLaren,81,38,91.696,Medium,0,5,299.1,28.426,34.844,28.426
Belgian GP,Oscar Piastri,McLaren,81,39,91.902,Hard,0,6,346.7,28.49,34.923,28.49
Belgian GP,Oscar Piastri,McLaren,81,40,91.647,Medium,0,2,328.2,28.411,34.826,28.411
Belgian GP,Oscar Piastri,McLaren,81,41,91.845,Soft,0,1,320.3,28.472,34.901,28.472
Belgian GP,Oscar Piastri,McLaren,81,42,91.455,Medium,0,8,331.1,28.351,34.753,28.351
Belgian GP,Oscar Piastri,McLaren,81,43,92.626,Soft,0,3,336.6,28.714,35.198,28.714
Belgian GP,Oscar Piastri,McLaren,81,44,92.679,Medium,0,7,343.6,28.73,35.218,28.73
Belgian GP,Oscar Piastri,McLaren,81,45,92.434,Hard,0,4,306.4,28.655,35.125,28.655
Belgian GP,Oscar Piastri,McLaren,81,46,91.772,Soft,0,4,331.4,28.449,34.873,28.449
Belgian GP,Oscar Piastri,McLaren,81,47,91.591,Medium,0,5,341.3,28.393,34.805,28.393
Belgian GP,Oscar Piastri,McLaren,81,48,91.679,Hard,0,3,305.1,28.42,34.838,28.42
Belgian GP,Oscar Piastri,McLaren,81,49,92.075,Medium,0,5,331.1,28.543,34.989,28.543
Belgian GP,Oscar Piastri,McLaren,81,50,91.84,Soft,1,4,313.4,28.47,34.899,28.47
Belgian GP,Oscar Piastri,McLaren,81,51,91.821,Hard,0,2,298.5,28.465,34.892,28.465
Belgian GP,Oscar Piastri,McLaren,81,52,92.223,Soft,0,5,298.4,28.589,35.045,28.589
Belgian GP,Oscar Piastri,McLaren,81,53,91.749,Intermediate,0,4,314.7,28.442,34.865,28.442
Belgian GP,Oscar Piastri,McLaren,81,54,91.309,Medium,1,4,342.9,28.306,34.697,28.306
Belgian GP,Oscar Piastri,McLaren,81,55,91.941,Medium,0,2,343.1,28.502,34.938,28.502
Belgian GP,Oscar Piastri,McLaren,81,56,93.025,Medium,0,8,315.1,28.838,35.349,28.838
Belgian GP,Oscar Piastri,McLaren,81,57,92.232,Soft,0,6,326.9,28.592,35.048,28.592
Belgian GP,Oscar Piastri,McLaren,81,58,91.749,Soft,0,6,311.4,28.442,34.865,28.442
Belgian GP,Oscar Piastri,McLaren,81,59,92.44,Hard,0,4,328.5,28.656,35.127,28.656
Belgian GP,George Russell,Mercedes-AMG,63,1,91.633,Wet,0,2,295.5,28.406,34.821,28.406
Belgian GP,George Russell,Mercedes-AMG,63,2,91.336,Hard,0,9,306.7,28.314,34.708,28.314
Belgian GP,George Russell,Mercedes-AMG,63,3,91.702,Medium,0,5,318.1,28.428,34.847,28.428
Belgian GP,George Russell,Mercedes-AMG,63,4,91.547,Medium,0,4,310.8,28.38,34.788,28.38
Belgian GP,George Russell,Mercedes-AMG,63,5,91.274,Soft,0,6,323.9,28.295,34.684,28.295
Belgian GP,George Russell,Mercedes-AMG,63,6,91.897,Soft,0,8,338.8,28.488,34.921,28.488
Belgian GP,George Russell,Mercedes-AMG,63,7,91.901,Intermediate,0,5,325.7,28.489,34.922,28.489
Belgian GP,George Russell,Mercedes-AMG,63,8,91.875,Medium,0,8,333.0,28.481,34.913,28.481
Belgian GP,George Russell,Mercedes-AMG,63,9,91.973,Hard,0,8,305.7,28.512,34.95,28.512
Belgian GP,George Russell,Mercedes-AMG,63,10,91.942,Hard,0,3,328.5,28.502,34.938,28.502
Belgian GP,George Russell,Mercedes-AMG,63,11,91.795,Soft,0,4,324.0,28.456,34.882,28.456
Belgian GP,George Russell,Mercedes-AMG,63,12,91.949,Soft,0,7,311.5,28.504,34.941,28.504
Belgian GP,George Russell,Mercedes-AMG,63,13,92.019,Hard,0,1,309.6,28.526,34.967,28.526
Belgian GP,George Russell,Mercedes-AMG,63,14,91.81,Medium,0,5,344.3,28.461,34.888,28.461
Belgian GP,George Russell,Mercedes-AMG,63,15,91.271,Intermediate,0,3,347.2,28.294,34.683,28.294
Belgian GP,George Russell,Mercedes-AMG,63,16,91.114,Medium,0,5,317.2,28.245,34.623,28.245
Belgian GP,George Russell,Mercedes-AMG,63,17,92.595,Hard,0,5,324.9,28.704,35.186,28.704
Belgian GP,George Russell,Mercedes-AMG,63,18,91.134,Soft,0,5,343.9,28.252,34.631,28.252
Belgian GP,George Russell,Mercedes-AMG,63,19,92.024,Intermediate,0,4,322.5,28.527,34.969,28.527
Belgian GP,George Russell,Mercedes-AMG,63,20,91.595,Hard,0,3,347.5,28.394,34.806,28.394
Belgian GP,George Russell,Mercedes-AMG,63,21,91.781,Medium,0,10,337.0,28.452,34.877,28.452
Belgian GP,George Russell,Mercedes-AMG,63,22,91.299,Hard,0,9,310.2,28.303,34.694,28.303
Belgian GP,George Russell,Mercedes-AMG,63,23,92.166,Medium,0,3,303.6,28.571,35.023,28.571
Belgian GP,George Russell,Mercedes-AMG,63,24,92.138,Soft,0,9,314.0,28.563,35.012,28.563
Belgian GP,George Russell,Mercedes-AMG,63,25,91.438,Medium,1,5,308.5,28.346,34.746,28.346
Belgian GP,George Russell,Mercedes-AMG,63,26,92.04,Soft,0,6,295.5,28.532,34.975,28.532
Belgian GP,George Russell,Mercedes-AMG,63,27,91.407,Medium,0,5,342.5,28.336,34.735,28.336
Belgian GP,George Russell,Mercedes-AMG,63,28,91.141,Medium,0,4,319.8,28.254,34.634,28.254
Belgian GP,George Russell,Mercedes-AMG,63,29,91.659,Hard,0,7,326.9,28.414,34.83,28.414
Belgian GP,George Russell,Mercedes-AMG,63,30,91.664,Wet,0,6,316.4,28.416,34.832,28.416
Belgian GP,George Russell,Mercedes-AMG,63,31,91.587,Medium,0,5,323.8,28.392,34.803,28.392
Belgian GP,George Russell,Mercedes-AMG,63,32,91.862,Hard,0,3,319.9,28.477,34.908,28.477
Belgian GP,George Russell,Mercedes-AMG,63,33,91.844,Medium,0,4,309.5,28.472,34.901,28.472
Belgian GP,George Russell,Mercedes-AMG,63,34,91.584,Hard,0,2,305.0,28.391,34.802,28.391
Belgian GP,George Russell,Mercedes-AMG,63,35,91.629,Soft,0,6,330.2,28.405,34.819,28.405
Belgian GP,George Russell,Mercedes-AMG,63,36,91.601,Medium,0,3,315.3,28.396,34.808,28.396
Belgian GP,George Russell,Mercedes-AMG,63,37,92.083,Soft,0,5,336.6,28.546,34.992,28.546
Belgian GP,George Russell,Mercedes-AMG,63,38,91.718,Hard,0,8,341.7,28.433,34.853,28.433
Belgian GP,George Russell,Mercedes-AMG,63,39,91.487,Medium,0,8,345.5,28.361,34.765,28.361
Belgian GP,George Russell,Mercedes-AMG,63,40,91.8,Medium,0,5,319.1,28.458,34.884,28.458
Belgian GP,George Russell,Mercedes-AMG,63,41,91.705,Soft,0,5,326.4,28.429,34.848,28.429
Belgian GP,George Russell,Mercedes-AMG,63,42,91.613,Medium,0,9,300.7,28.4,34.813,28.4
Belgian GP,George Russell,Mercedes-AMG,63,43,91.378,Intermediate,0,7,337.6,28.327,34.724,28.327
Belgian GP,George Russell,Mercedes-AMG,63,44,91.589,Hard,0,5,343.2,28.393,34.804,28.393
Belgian GP,George Russell,Mercedes-AMG,63,45,92.077,Intermediate,0,3,296.1,28.544,34.989,28.544
Belgian GP,George Russell,Mercedes-AMG,63,46,91.98,Soft,0,6,327.7,28.514,34.952,28.514
Belgian GP,George Russell,Mercedes-AMG,63,47,91.677,Hard,0,7,329.8,28.42,34.837,28.42
Belgian GP,George Russell,Mercedes-AMG,63,48,92.185,Wet,0,4,341.9,28.577,35.03,28.577
Belgian GP,George Russell,Mercedes-AMG,63,49,92.019,Medium,0,6,327.0,28.526,34.967,28.526
Belgian GP,George Russell,Mercedes-AMG,63,50,92.127,Medium,1,5,331.2,28.559,35.008,28.559
Belgian GP,George Russell,Mercedes-AMG,63,51,91.918,Medium,0,5,338.5,28.495,34.929,28.495
Belgian GP,George Russell,Mercedes-AMG,63,52,91.48,Wet,0,1,319.4,28.359,34.762,28.359
Belgian GP,George Russell,Mercedes-AMG,63,53,91.642,Medium,0,5,332.7,28.409,34.824,28.409
Belgian GP,George Russell,Mercedes-AMG,63,54,92.018,Hard,0,7,317.3,28.526,34.967,28.526
Belgian GP,George Russell,Mercedes-AMG,63,55,91.622,Soft,0,4,295.9,28.403,34.816,28.403
Belgian GP,George Russell,Mercedes-AMG,63,56,92.044,Medium,0,6,298.7,28.534,34.977,28.534
Belgian GP,George Russell,Mercedes-AMG,63,57,92.197,Hard,0,4,304.1,28.581,35.035,28.581
Belgian GP,George Russell,Mercedes-AMG,63,58,91.995,Medium,0,6,320.3,28.518,34.958,28.518
Belgian GP,George Russell,Mercedes-AMG,63,59,92.17,Medium,0,5,313.1,28.573,35.025,28.573
Belgian GP,George Russell,Mercedes-AMG,63,60,92.085,Hard,0,4,305.8,28.546,34.992,28.546
Belgian GP,George Russell,Mercedes-AMG,63,61,91.833,Soft,0,8,306.9,28.468,34.897,28.468
Belgian GP,George Russell,Mercedes-AMG,63,62,91.628,Hard,0,7,314.2,28.405,34.819,28.405
Belgian GP,George Russell,Mercedes-AMG,63,63,91.474,Medium,0,4,298.6,28.357,34.76,28.357
Belgian GP,George Russell,Mercedes-AMG,63,64,91.565,Medium,0,6,319.7,28.385,34.795,28.385
Belgian GP,George Russell,Mercedes-AMG,63,65,91.422,Hard,0,7,346.5,28.341,34.74,28.341
Belgian GP,George Russell,Mercedes-AMG,63,66,91.942,Medium,0,7,301.1,28.502,34.938,28.502
Belgian GP,George Russell,Mercedes-AMG,63,67,91.423,Soft,0,2,295.1,28.341,34.741,28.341
Belgian GP,George Russell,Mercedes-AMG,63,68,91.999,Hard,0,8,315.5,28.52,34.96,28.52
Belgian GP,George Russell,Mercedes-AMG,63,69,91.69,Hard,0,4,306.2,28.424,34.842,28.424
Belgian GP,George Russell,Mercedes-AMG,63,70,92.295,Intermediate,0,5,319.4,28.611,35.072,28.611
Belgian GP,George Russell,Mercedes-AMG,63,71,91.699,Hard,0,11,346.4,28.427,34.846,28.427
Belgian GP,Fernando Alonso,Aston Martin,14,1,92.133,Soft,0,7,311.0,28.561,35.011,28.561
Belgian GP,Fernando Alonso,Aston Martin,14,2,92.441,Medium,0,6,321.5,28.657,35.128,28.657
Belgian GP,Fernando Alonso,Aston Martin,14,3,91.731,Soft,0,2,332.9,28.437,34.858,28.437
Belgian GP,Fernando Alonso,Aston Martin,14,4,92.241,Medium,0,9,324.1,28.595,35.052,28.595
Belgian GP,Fernando Alonso,Aston Martin,14,5,92.223,Soft,0,4,338.1,28.589,35.045,28.589
Belgian GP,Fernando Alonso,Aston Martin,14,6,91.747,Soft,0,4,295.9,28.442,34.864,28.442
Belgian GP,Fernando Alonso,Aston Martin,14,7,91.804,Medium,0,6,326.9,28.459,34.886,28.459
Belgian GP,Fernando Alonso,Aston Martin,14,8,91.848,Hard,0,9,337.2,28.473,34.902,28.473
Belgian GP,Fernando Alonso,Aston Martin,14,9,92.406,Medium,0,8,299.9,28.646,35.114,28.646
Belgian GP,Fernando Alonso,Aston Martin,14,10,92.038,Hard,0,6,297.5,28.532,34.974,28.532
Belgian GP,Fernando Alonso,Aston Martin,14,11,92.367,Medium,0,7,347.2,28.634,35.099,28.634
Belgian GP,Fernando Alonso,Aston Martin,14,12,92.302,Medium,0,5,346.0,28.614,35.075,28.614
Belgian GP,Fernando Alonso,Aston Martin,14,13,92.698,Medium,0,7,319.0,28.736,35.225,28.736
Belgian GP,Fernando Alonso,Aston Martin,14,14,92.96,Medium,0,7,347.0,28.818,35.325,28.818
Belgian GP,Fernando Alonso,Aston Martin,14,15,92.556,Medium,0,8,311.1,28.692,35.171,28.692
Belgian GP,Fernando Alonso,Aston Martin,14,16,92.54,Medium,0,8,345.4,28.687,35.165,28.687
Belgian GP,Fernando Alonso,Aston Martin,14,17,92.598,Soft,0,7,298.6,28.705,35.187,28.705
Belgian GP,Fernando Alonso,Aston Martin,14,18,92.975,Soft,0,6,317.1,28.822,35.331,28.822
Belgian GP,Fernando Alonso,Aston Martin,14,19,92.265,Soft,0,8,309.3,28.602,35.061,28.602
Belgian GP,Fernando Alonso,Aston Martin,14,20,93.16,Medium,0,6,333.6,28.88,35.401,28.88
Belgian GP,Fernando Alonso,Aston Martin,14,21,92.345,Medium,0,4,295.6,28.627,35.091,28.627
Belgian GP,Fernando Alonso,Aston Martin,14,22,92.387,Medium,0,6,347.0,28.64,35.107,28.64
Belgian GP,Fernando Alonso,Aston Martin,14,23,92.506,Intermediate,0,7,348.3,28.677,35.152,28.677
Belgian GP,Fernando Alonso,Aston Martin,14,24,93.555,Intermediate,0,8,307.3,29.002,35.551,29.002
Belgian GP,Fernando Alonso,Aston Martin,14,25,92.453,Soft,0,6,332.4,28.66,35.132,28.66
Belgian GP,Fernando Alonso,Aston Martin,14,26,91.926,Soft,0,4,346.0,28.497,34.932,28.497
Belgian GP,Fernando Alonso,Aston Martin,14,27,92.027,Soft,0,7,342.6,28.528,34.97,28.528
Belgian GP,Fernando Alonso,Aston Martin,14,28,91.92,Medium,0,7,319.9,28.495,34.93,28.495
Belgian GP,Fernando Alonso,Aston Martin,14,29,92.117,Hard,0,7,346.0,28.556,35.004,28.556
Belgian GP,Fernando Alonso,Aston Martin,14,30,92.169,Medium,0,8,328.9,28.572,35.024,28.572
Belgian GP,Fernando Alonso,Aston Martin,14,31,92.588,Hard,0,9,336.7,28.702,35.183,28.702
Belgian GP,Fernando Alonso,Aston Martin,14,32,92.107,Hard,0,5,316.0,28.553,35.001,28.553
Belgian GP,Fernando Alonso,Aston Martin,14,33,92.853,Soft,0,5,344.3,28.784,35.284,28.784
Belgian GP,Fernando Alonso,Aston Martin,14,34,92.022,Hard,0,4,305.2,28.527,34.968,28.527
Belgian GP,Fernando Alonso,Aston Martin,14,35,92.224,Hard,0,8,328.0,28.589,35.045,28.589
Belgian GP,Fernando Alonso,Aston Martin,14,36,92.2,Wet,0,9,299.7,28.582,35.036,28.582
Belgian GP,Fernando Alonso,Aston Martin,14,37,92.624,Hard,0,6,297.4,28.713,35.197,28.713
Belgian GP,Fernando Alonso,Aston Martin,14,38,92.071,Medium,0,6,339.4,28.542,34.987,28.542
Belgian GP,Fernando Alonso,Aston Martin,14,39,92.223,Medium,0,9,312.2,28.589,35.045,28.589
Belgian GP,Fernando Alonso,Aston Martin,14,40,92.327,Soft,0,8,310.5,28.621,35.084,28.621
Belgian GP,Fernando Alonso,Aston Martin,14,41,92.015,Hard,0,7,295.2,28.525,34.966,28.525
Belgian GP,Fernando Alonso,Aston Martin,14,42,91.827,Medium,0,4,303.5,28.466,34.894,28.466
Belgian GP,Fernando Alonso,Aston Martin,14,43,92.088,Soft,0,8,334.6,28.547,34.993,28.547
Belgian GP,Fernando Alonso,Aston Martin,14,44,92.075,Soft,0,5,314.0,28.543,34.989,28.543
Belgian GP,Fernando Alonso,Aston Martin,14,45,92.009,Intermediate,0,4,337.5,28.523,34.963,28.523
Belgian GP,Fernando Alonso,Aston Martin,14,46,92.348,Intermediate,0,6,330.1,28.628,35.092,28.628
Belgian GP,Fernando Alonso,Aston Martin,14,47,92.212,Soft,0,5,319.1,28.586,35.041,28.586
Belgian GP,Fernando Alonso,Aston Martin,14,48,92.267,Soft,0,6,333.1,28.603,35.061,28.603
Belgian GP,Fernando Alonso,Aston Martin,14,49,92.136,Medium,0,4,335.3,28.562,35.012,28.562
Belgian GP,Fernando Alonso,Aston Martin,14,50,92.214,Medium,0,8,303.5,28.586,35.041,28.586
Belgian GP,Fernando Alonso,Aston Martin,14,51,92.421,Hard,0,9,311.0,28.651,35.12,28.651
Belgian GP,Fernando Alonso,Aston Martin,14,52,92.525,Hard,0,3,336.9,28.683,35.16,28.683
Belgian GP,Fernando Alonso,Aston Martin,14,53,92.816,Soft,0,8,348.7,28.773,35.27,28.773
Belgian GP,Fernando Alonso,Aston Martin,14,54,92.376,Hard,0,5,317.9,28.637,35.103,28.637
Belgian GP,Fernando Alonso,Aston Martin,14,55,92.239,Wet,0,8,317.5,28.594,35.051,28.594
Belgian GP,Fernando Alonso,Aston Martin,14,56,92.574,Hard,0,6,307.6,28.698,35.178,28.698
Belgian GP,Fernando Alonso,Aston Martin,14,57,92.34,Soft,0,7,296.7,28.625,35.089,28.625
Belgian GP,Fernando Alonso,Aston Martin,14,58,92.712,Hard,0,6,343.1,28.741,35.231,28.741
Belgian GP,Fernando Alonso,Aston Martin,14,59,92.354,Soft,0,9,345.3,28.63,35.095,28.63
Belgian GP,Fernando Alonso,Aston Martin,14,60,92.01,Medium,0,4,323.2,28.523,34.964,28.523
Belgian GP,Fernando Alonso,Aston Martin,14,61,92.09,Hard,0,8,308.7,28.548,34.994,28.548
Belgian GP,Fernando Alonso,Aston Martin,14,62,92.657,Hard,0,9,322.5,28.724,35.21,28.724
Belgian GP,Fernando Alonso,Aston Martin,14,63,92.154,Medium,1,8,326.0,28.568,35.019,28.568
Belgian GP,Fernando Alonso,Aston Martin,14,64,92.111,Hard,0,11,326.9,28.554,35.002,28.554
Belgian GP,Fernando Alonso,Aston Martin,14,65,92.184,Medium,0,5,318.1,28.577,35.03,28.577
Belgian GP,Fernando Alonso,Aston Martin,14,66,92.14,Soft,0,8,297.1,28.563,35.013,28.563
Belgian GP,Fernando Alonso,Aston Martin,14,67,92.869,Soft,0,6,312.1,28.789,35.29,28.789
Belgian GP,Yuki Tsunoda,RB,22,1,89.417,Medium,0,10,349.6,27.719,33.978,27.719
Belgian GP,Yuki Tsunoda,RB,22,2,89.445,Intermediate,0,7,346.9,27.728,33.989,27.728
Belgian GP,Yuki Tsunoda,RB,22,3,89.495,Soft,0,7,324.1,27.743,34.008,27.743
Belgian GP,Yuki Tsunoda,RB,22,4,89.395,Hard,0,10,345.8,27.712,33.97,27.712
Belgian GP,Yuki Tsunoda,RB,22,5,89.297,Hard,0,7,297.0,27.682,33.933,27.682
Belgian GP,Yuki Tsunoda,RB,22,6,88.839,Intermediate,0,5,316.8,27.54,33.759,27.54
Belgian GP,Yuki Tsunoda,RB,22,7,89.093,Medium,0,6,337.0,27.619,33.855,27.619
Belgian GP,Yuki Tsunoda,RB,22,8,88.628,Intermediate,0,9,349.2,27.475,33.679,27.475
Belgian GP,Yuki Tsunoda,RB,22,9,89.685,Soft,0,10,336.5,27.802,34.08,27.802
Belgian GP,Yuki Tsunoda,RB,22,10,88.648,Hard,0,8,296.4,27.481,33.686,27.481
Belgian GP,Yuki Tsunoda,RB,22,11,89.492,Hard,0,10,316.9,27.743,34.007,27.743
Belgian GP,Yuki Tsunoda,RB,22,12,89.405,Wet,0,5,322.1,27.716,33.974,27.716
Belgian GP,Yuki Tsunoda,RB,22,13,89.406,Medium,0,7,341.4,27.716,33.974,27.716
Belgian GP,Yuki Tsunoda,RB,22,14,88.814,Soft,0,7,343.9,27.532,33.749,27.532
Belgian GP,Yuki Tsunoda,RB,22,15,89.482,Soft,0,7,326.6,27.739,34.003,27.739
Belgian GP,Yuki Tsunoda,RB,22,16,89.43,Soft,0,8,327.6,27.723,33.983,27.723
Belgian GP,Yuki Tsunoda,RB,22,17,89.881,Hard,0,9,337.4,27.863,34.155,27.863
Belgian GP,Yuki Tsunoda,RB,22,18,89.457,Medium,0,7,338.3,27.732,33.994,27.732
Belgian GP,Yuki Tsunoda,RB,22,19,89.466,Soft,0,8,339.8,27.734,33.997,27.734
Belgian GP,Yuki Tsunoda,RB,22,20,88.749,Medium,0,7,317.6,27.512,33.725,27.512
Belgian GP,Yuki Tsunoda,RB,22,21,89.341,Wet,0,6,330.7,27.696,33.95,27.696
Belgian GP,Yuki Tsunoda,RB,22,22,89.584,Soft,0,7,314.8,27.771,34.042,27.771
Belgian GP,Yuki Tsunoda,RB,22,23,89.269,Medium,0,7,328.9,27.673,33.922,27.673
Belgian GP,Yuki Tsunoda,RB,22,24,88.85,Hard,0,7,329.7,27.543,33.763,27.543
Belgian GP,Yuki Tsunoda,RB,22,25,89.515,Wet,0,8,295.1,27.75,34.016,27.75
Belgian GP,Yuki Tsunoda,RB,22,26,88.67,Hard,0,8,326.9,27.488,33.695,27.488
Belgian GP,Yuki Tsunoda,RB,22,27,88.57,Medium,0,7,300.0,27.457,33.657,27.457
Belgian GP,Yuki Tsunoda,RB,22,28,89.675,Medium,0,10,341.7,27.799,34.076,27.799
Belgian GP,Yuki Tsunoda,RB,22,29,88.668,Wet,0,5,332.8,27.487,33.694,27.487
Belgian GP,Yuki Tsunoda,RB,22,30,88.978,Soft,0,6,316.9,27.583,33.812,27.583
Belgian GP,Yuki Tsunoda,RB,22,31,89.011,Soft,0,13,347.4,27.593,33.824,27.593
Belgian GP,Yuki Tsunoda,RB,22,32,88.688,Soft,0,5,301.7,27.493,33.701,27.493
Belgian GP,Yuki Tsunoda,RB,22,33,89.576,Soft,0,5,336.9,27.769,34.039,27.769
Belgian GP,Yuki Tsunoda,RB,22,34,88.64,Hard,0,9,295.3,27.478,33.683,27.478
Belgian GP,Yuki Tsunoda,RB,22,35,89.144,Hard,0,3,303.7,27.635,33.875,27.635
Belgian GP,Yuki Tsunoda,RB,22,36,89.163,Medium,0,7,339.0,27.641,33.882,27.641
Belgian GP,Yuki Tsunoda,RB,22,37,89.055,Soft,0,12,303.3,27.607,33.841,27.607
Belgian GP,Yuki Tsunoda,RB,22,38,90.067,Hard,0,4,321.3,27.921,34.225,27.921
Belgian GP,Yuki Tsunoda,RB,22,39,88.928,Hard,0,4,304.3,27.568,33.793,27.568
Belgian GP,Yuki Tsunoda,RB,22,40,88.845,Medium,0,5,310.8,27.542,33.761,27.542
Belgian GP,Yuki Tsunoda,RB,22,41,89.312,Soft,0,9,305.5,27.687,33.939,27.687
Belgian GP,Yuki Tsunoda,RB,22,42,89.468,Medium,0,10,333.2,27.735,33.998,27.735
Belgian GP,Yuki Tsunoda,RB,22,43,89.717,Medium,0,6,346.9,27.812,34.092,27.812
Belgian GP,Yuki Tsunoda,RB,22,44,89.384,Hard,0,9,321.3,27.709,33.966,27.709
Belgian GP,Yuki Tsunoda,RB,22,45,89.612,Soft,0,10,303.9,27.78,34.053,27.78
Belgian GP,Yuki Tsunoda,RB,22,46,88.772,Hard,0,11,349.7,27.519,33.733,27.519
Belgian GP,Yuki Tsunoda,RB,22,47,89.815,Soft,0,7,319.4,27.843,34.13,27.843
Belgian GP,Yuki Tsunoda,RB,22,48,90.028,Soft,0,3,332.5,27.909,34.211,27.909
Belgian GP,Yuki Tsunoda,RB,22,49,89.403,Intermediate,0,6,324.9,27.715,33.973,27.715
Belgian GP,Yuki Tsunoda,RB,22,50,89.128,Soft,0,7,330.7,27.63,33.869,27.63
Belgian GP,Yuki Tsunoda,RB,22,51,88.882,Intermediate,0,7,296.6,27.553,33.775,27.553
Belgian GP,Yuki Tsunoda,RB,22,52,89.615,Soft,0,7,319.9,27.781,34.054,27.781
Belgian GP,Yuki Tsunoda,RB,22,53,89.465,Medium,0,10,320.0,27.734,33.997,27.734
Belgian GP,Yuki Tsunoda,RB,22,54,89.787,Medium,0,10,314.7,27.834,34.119,27.834
Belgian GP,Yuki Tsunoda,RB,22,55,88.99,Medium,0,7,311.0,27.587,33.816,27.587
Belgian GP,Yuki Tsunoda,RB,22,56,89.804,Hard,0,10,325.4,27.839,34.126,27.839
Belgian GP,Yuki Tsunoda,RB,22,57,88.554,Medium,0,8,306.3,27.452,33.651,27.452
Belgian GP,Yuki Tsunoda,RB,22,58,89.483,Wet,0,8,341.0,27.74,34.004,27.74
Belgian GP,Yuki Tsunoda,RB,22,59,89.425,Hard,0,9,346.8,27.722,33.981,27.722
Belgian GP,Yuki Tsunoda,RB,22,60,89.287,Soft,0,8,347.4,27.679,33.929,27.679
Belgian GP,Yuki Tsunoda,RB,22,61,89.755,Hard,0,12,335.8,27.824,34.107,27.824
Belgian GP,Yuki Tsunoda,RB,22,62,89.24,Medium,0,5,323.5,27.664,33.911,27.664
Belgian GP,Yuki Tsunoda,RB,22,63,89.323,Medium,1,6,310.3,27.69,33.943,27.69
Belgian GP,Yuki Tsunoda,RB,22,64,88.8,Hard,0,7,310.8,27.528,33.744,27.528
Belgian GP,Yuki Tsunoda,RB,22,65,89.615,Soft,0,8,336.4,27.781,34.054,27.781
Belgian GP,Yuki Tsunoda,RB,22,66,89.342,Medium,0,10,330.5,27.696,33.95,27.696
Belgian GP,Yuki Tsunoda,RB,22,67,89.419,Soft,0,7,346.2,27.72,33.979,27.72
Belgian GP,Alexander Albon,Williams,23,1,90.714,Medium,0,6,347.1,28.121,34.471,28.121
Belgian GP,Alexander Albon,Williams,23,2,90.486,Medium,0,10,319.9,28.051,34.385,28.051
Belgian GP,Alexander Albon,Williams,23,3,90.485,Hard,0,10,349.1,28.05,34.384,28.05
Belgian GP,Alexander Albon,Williams,23,4,90.619,Medium,0,5,330.1,28.092,34.435,28.092
Belgian GP,Alexander Albon,Williams,23,5,90.487,Soft,0,8,315.4,28.051,34.385,28.051
Belgian GP,Alexander Albon,Williams,23,6,90.756,Medium,0,5,331.6,28.134,34.487,28.134
Belgian GP,Alexander Albon,Williams,23,7,90.946,Hard,0,7,331.6,28.193,34.559,28.193
Belgian GP,Alexander Albon,Williams,23,8,90.483,Soft,0,7,338.7,28.05,34.384,28.05
Belgian GP,Alexander Albon,Williams,23,9,90.193,Hard,0,10,313.0,27.96,34.273,27.96
Belgian GP,Alexander Albon,Williams,23,10,90.856,Soft,0,9,335.6,28.165,34.525,28.165
Belgian GP,Alexander Albon,Williams,23,11,90.079,Hard,0,6,296.8,27.924,34.23,27.924
Belgian GP,Alexander Albon,Williams,23,12,90.757,Medium,0,10,309.7,28.135,34.488,28.135
Belgian GP,Alexander Albon,Williams,23,13,90.68,Medium,0,6,335.8,28.111,34.458,28.111
Belgian GP,Alexander Albon,Williams,23,14,90.579,Medium,0,9,327.8,28.079,34.42,28.079
Belgian GP,Alexander Albon,Williams,23,15,90.748,Hard,0,7,304.8,28.132,34.484,28.132
Belgian GP,Alexander Albon,Williams,23,16,91.19,Medium,0,8,348.7,28.269,34.652,28.269
Belgian GP,Alexander Albon,Williams,23,17,90.713,Soft,0,10,303.3,28.121,34.471,28.121
Belgian GP,Alexander Albon,Williams,23,18,90.475,Medium,0,10,303.2,28.047,34.38,28.047
Belgian GP,Alexander Albon,Williams,23,19,91.157,Soft,0,11,321.7,28.259,34.64,28.259
Belgian GP,Alexander Albon,Williams,23,20,90.737,Hard,0,8,323.6,28.128,34.48,28.128
Belgian GP,Alexander Albon,Williams,23,21,91.588,Soft,0,9,332.9,28.392,34.803,28.392
Belgian GP,Alexander Albon,Williams,23,22,90.308,Soft,0,8,322.3,27.995,34.317,27.995
Belgian GP,Alexander Albon,Williams,23,23,90.454,Hard,0,9,333.5,28.041,34.373,28.041
Belgian GP,Alexander Albon,Williams,23,24,90.692,Hard,0,9,334.7,28.115,34.463,28.115
Belgian GP,Alexander Albon,Williams,23,25,90.36,Medium,0,8,344.3,28.012,34.337,28.012
Belgian GP,Alexander Albon,Williams,23,26,90.582,Medium,0,5,302.9,28.08,34.421,28.08
Belgian GP,Alexander Albon,Williams,23,27,90.987,Wet,0,9,331.5,28.206,34.575,28.206
Belgian GP,Alexander Albon,Williams,23,28,90.813,Medium,0,9,342.5,28.152,34.509,28.152
Belgian GP,Alexander Albon,Williams,23,29,90.803,Hard,0,7,322.2,28.149,34.505,28.149
Belgian GP,Alexander Albon,Williams,23,30,90.739,Soft,0,6,320.3,28.129,34.481,28.129
Belgian GP,Alexander Albon,Williams,23,31,90.233,Hard,0,11,318.2,27.972,34.289,27.972
Belgian GP,Alexander Albon,Williams,23,32,90.248,Soft,0,9,300.6,27.977,34.294,27.977
Belgian GP,Alexander Albon,Williams,23,33,90.375,Soft,0,8,313.0,28.016,34.343,28.016
Belgian GP,Alexander Albon,Williams,23,34,90.876,Soft,0,6,317.3,28.172,34.533,28.172
Belgian GP,Alexander Albon,Williams,23,35,91.188,Hard,0,7,304.4,28.268,34.651,28.268
Belgian GP,Alexander Albon,Williams,23,36,90.608,Soft,0,11,344.8,28.088,34.431,28.088
Belgian GP,Alexander Albon,Williams,23,37,90.651,Medium,0,9,298.3,28.102,34.447,28.102
Belgian GP,Alexander Albon,Williams,23,38,90.95,Soft,0,7,295.7,28.195,34.561,28.195
Belgian GP,Alexander Albon,Williams,23,39,90.681,Medium,0,10,329.0,28.111,34.459,28.111
Belgian GP,Alexander Albon,Williams,23,40,90.947,Medium,0,7,305.2,28.194,34.56,28.194
Belgian GP,Alexander Albon,Williams,23,41,90.821,Medium,0,12,319.6,28.155,34.512,28.155
Belgian GP,Alexander Albon,Williams,23,42,90.335,Intermediate,0,11,311.6,28.004,34.327,28.004
Belgian GP,Alexander Albon,Williams,23,43,90.64,Medium,0,8,343.8,28.098,34.443,28.098
Belgian GP,Alexander Albon,Williams,23,44,89.988,Hard,0,7,298.4,27.896,34.195,27.896
Belgian GP,Alexander Albon,Williams,23,45,90.887,Medium,0,3,312.2,28.175,34.537,28.175
Belgian GP,Alexander Albon,Williams,23,46,90.404,Wet,0,6,312.6,28.025,34.354,28.025
Belgian GP,Alexander Albon,Williams,23,47,90.327,Intermediate,0,6,302.2,28.001,34.324,28.001
Belgian GP,Alexander Albon,Williams,23,48,90.669,Soft,0,9,337.8,28.107,34.454,28.107
Belgian GP,Alexander Albon,Williams,23,49,90.824,Medium,0,8,323.5,28.155,34.513,28.155
Belgian GP,Alexander Albon,Williams,23,50,90.823,Hard,0,6,310.4,28.155,34.513,28.155
Belgian GP,Alexander Albon,Williams,23,51,91.028,Soft,0,8,323.3,28.219,34.591,28.219
Belgian GP,Alexander Albon,Williams,23,52,89.962,Medium,0,10,300.5,27.888,34.186,27.888
Belgian GP,Alexander Albon,Williams,23,53,90.074,Hard,0,10,317.6,27.923,34.228,27.923
Belgian GP,Alexander Albon,Williams,23,54,91.066,Hard,0,5,337.1,28.23,34.605,28.23
Belgian GP,Alexander Albon,Williams,23,55,90.605,Wet,0,8,333.3,28.088,34.43,28.088
Belgian GP,Alexander Albon,Williams,23,56,90.562,Medium,0,6,296.4,28.074,34.414,28.074
Belgian GP,Alexander Albon,Williams,23,57,90.94,Hard,0,10,332.7,28.191,34.557,28.191
Belgian GP,Alexander Albon,Williams,23,58,90.86,Wet,0,10,337.6,28.167,34.527,28.167
Belgian GP,Alexander Albon,Williams,23,59,90.941,Soft,0,7,300.4,28.192,34.558,28.192
Belgian GP,Alexander Albon,Williams,23,60,90.898,Soft,0,7,323.5,28.178,34.541,28.178
Belgian GP,Alexander Albon,Williams,23,61,91.015,Medium,0,8,319.7,28.215,34.586,28.215
Belgian GP,Alexander Albon,Williams,23,62,90.517,Soft,0,4,308.4,28.06,34.396,28.06
Belgian GP,Alexander Albon,Williams,23,63,91.213,Soft,0,9,347.0,28.276,34.661,28.276
Belgian GP,Alexander Albon,Williams,23,64,90.689,Medium,0,8,316.2,28.114,34.462,28.114
Belgian GP,Alexander Albon,Williams,23,65,90.213,Soft,0,10,349.3,27.966,34.281,27.966
Belgian GP,Alexander Albon,Williams,23,66,90.426,Hard,0,6,341.6,28.032,34.362,28.032
Belgian GP,Alexander Albon,Williams,23,67,91.119,Soft,0,7,300.4,28.247,34.625,28.247
Belgian GP,Alexander Albon,Williams,23,68,91.007,Intermediate,0,5,310.3,28.212,34.583,28.212
Belgian GP,Alexander Albon,Williams,23,69,90.854,Wet,0,6,337.9,28.165,34.525,28.165
Belgian GP,Alexander Albon,Williams,23,70,91.103,Soft,0,6,309.3,28.242,34.619,28.242
Belgian GP,Alexander Albon,Williams,23,71,91.571,Intermediate,0,10,318.1,28.387,34.797,28.387
Belgian GP,Alexander Albon,Williams,23,72,90.71,Soft,1,7,330.5,28.12,34.47,28.12
Belgian GP,Nico Hulkenberg,Kick Sauber,27,1,89.101,Soft,0,10,342.5,27.621,33.858,27.621
Belgian GP,Nico Hulkenberg,Kick Sauber,27,2,88.18,Hard,0,9,297.9,27.336,33.508,27.336
Belgian GP,Nico Hulkenberg,Kick Sauber,27,3,88.213,Soft,0,7,347.4,27.346,33.521,27.346
Belgian GP,Nico Hulkenberg,Kick Sauber,27,4,88.443,Wet,0,9,297.2,27.417,33.608,27.417
Belgian GP,Nico Hulkenberg,Kick Sauber,27,5,88.457,Medium,0,11,308.9,27.422,33.614,27.422
Belgian GP,Nico Hulkenberg,Kick Sauber,27,6,89.03,Soft,0,7,339.5,27.599,33.831,27.599
Belgian GP,Nico Hulkenberg,Kick Sauber,27,7,88.621,Soft,0,11,327.0,27.473,33.676,27.473
Belgian GP,Nico Hulkenberg,Kick Sauber,27,8,88.791,Soft,0,8,318.2,27.525,33.741,27.525
Belgian GP,Nico Hulkenberg,Kick Sauber,27,9,88.99,Hard,0,9,335.6,27.587,33.816,27.587
Belgian GP,Nico Hulkenberg,Kick Sauber,27,10,88.617,Hard,0,11,338.6,27.471,33.674,27.471
Belgian GP,Nico Hulkenberg,Kick Sauber,27,11,89.016,Medium,0,8,332.1,27.595,33.826,27.595
Belgian GP,Nico Hulkenberg,Kick Sauber,27,12,89.034,Medium,0,10,313.6,27.601,33.833,27.601
Belgian GP,Nico Hulkenberg,Kick Sauber,27,13,89.248,Hard,0,9,309.1,27.667,33.914,27.667
Belgian GP,Nico Hulkenberg,Kick Sauber,27,14,89.017,Hard,0,10,343.3,27.595,33.826,27.595
Belgian GP,Nico Hulkenberg,Kick Sauber,27,15,89.231,Hard,0,5,333.5,27.662,33.908,27.662
Belgian GP,Nico Hulkenberg,Kick Sauber,27,16,88.951,Soft,0,6,311.9,27.575,33.801,27.575
Belgian GP,Nico Hulkenberg,Kick Sauber,27,17,88.839,Intermediate,0,11,315.9,27.54,33.759,27.54
Belgian GP,Nico Hulkenberg,Kick Sauber,27,18,89.203,Medium,0,12,308.8,27.653,33.897,27.653
Belgian GP,Nico Hulkenberg,Kick Sauber,27,19,89.011,Soft,0,8,344.2,27.593,33.824,27.593
Belgian GP,Nico Hulkenberg,Kick Sauber,27,20,89.073,Hard,0,9,329.8,27.613,33.848,27.613
Belgian GP,Nico Hulkenberg,Kick Sauber,27,21,89.595,Soft,0,10,346.3,27.774,34.046,27.774
Belgian GP,Nico Hulkenberg,Kick Sauber,27,22,88.633,Hard,0,11,334.5,27.476,33.681,27.476
Belgian GP,Nico Hulkenberg,Kick Sauber,27,23,88.408,Medium,0,5,296.1,27.406,33.595,27.406
Belgian GP,Nico Hulkenberg,Kick Sauber,27,24,88.663,Medium,0,8,309.0,27.486,33.692,27.486
Belgian GP,Nico Hulkenberg,Kick Sauber,27,25,89.505,Medium,0,9,325.8,27.747,34.012,27.747
Belgian GP,Nico Hulkenberg,Kick Sauber,27,26,89.45,Medium,0,11,321.3,27.73,33.991,27.73
Belgian GP,Nico Hulkenberg,Kick Sauber,27,27,88.972,Medium,0,14,319.9,27.581,33.809,27.581
Belgian GP,Nico Hulkenberg,Kick Sauber,27,28,88.619,Soft,0,9,326.0,27.472,33.675,27.472
Belgian GP,Nico Hulkenberg,Kick Sauber,27,29,88.236,Medium,0,7,311.9,27.353,33.53,27.353
Belgian GP,Nico Hulkenberg,Kick Sauber,27,30,88.61,Hard,0,10,336.4,27.469,33.672,27.469
Belgian GP,Nico Hulkenberg,Kick Sauber,27,31,89.097,Hard,0,12,315.9,27.62,33.857,27.62
Belgian GP,Nico Hulkenberg,Kick Sauber,27,32,88.81,Medium,0,10,301.2,27.531,33.748,27.531
Belgian GP,Nico Hulkenberg,Kick Sauber,27,33,88.785,Intermediate,0,8,324.2,27.523,33.738,27.523
Belgian GP,Nico Hulkenberg,Kick Sauber,27,34,89.147,Medium,0,11,296.4,27.636,33.876,27.636
Belgian GP,Nico Hulkenberg,Kick Sauber,27,35,88.863,Hard,0,11,321.7,27.548,33.768,27.548
Belgian GP,Nico Hulkenberg,Kick Sauber,27,36,89.322,Medium,0,7,345.4,27.69,33.942,27.69
Belgian GP,Nico Hulkenberg,Kick Sauber,27,37,88.482,Medium,0,10,347.0,27.429,33.623,27.429
Belgian GP,Nico Hulkenberg,Kick Sauber,27,38,88.558,Intermediate,0,11,333.3,27.453,33.652,27.453
Belgian GP,Nico Hulkenberg,Kick Sauber,27,39,88.665,Medium,0,12,330.2,27.486,33.693,27.486
Belgian GP,Nico Hulkenberg,Kick Sauber,27,40,88.789,Medium,0,9,322.0,27.525,33.74,27.525
Belgian GP,Nico Hulkenberg,Kick Sauber,27,41,89.343,Medium,0,9,334.0,27.696,33.95,27.696
Belgian GP,Nico Hulkenberg,Kick Sauber,27,42,89.203,Hard,0,12,306.6,27.653,33.897,27.653
Belgian GP,Nico Hulkenberg,Kick Sauber,27,43,89.633,Soft,0,7,296.5,27.786,34.061,27.786
Belgian GP,Nico Hulkenberg,Kick Sauber,27,44,89.622,Hard,0,10,320.9,27.783,34.056,27.783
Belgian GP,Nico Hulkenberg,Kick Sauber,27,45,88.943,Hard,0,7,321.1,27.572,33.798,27.572
Belgian GP,Nico Hulkenberg,Kick Sauber,27,46,89.623,Medium,0,12,327.0,27.783,34.057,27.783
Belgian GP,Nico Hulkenberg,Kick Sauber,27,47,89.007,Hard,0,9,339.9,27.592,33.823,27.592
Belgian GP,Nico Hulkenberg,Kick Sauber,27,48,89.085,Hard,0,12,296.7,27.616,33.852,27.616
Belgian GP,Nico Hulkenberg,Kick Sauber,27,49,88.844,Hard,0,10,324.8,27.542,33.761,27.542
Belgian GP,Nico Hulkenberg,Kick Sauber,27,50,88.501,Soft,1,7,328.2,27.435,33.63,27.435
Belgian GP,Nico Hulkenberg,Kick Sauber,27,51,89.359,Soft,0,12,342.9,27.701,33.956,27.701
Belgian GP,Nico Hulkenberg,Kick Sauber,27,52,89.065,Soft,0,13,318.1,27.61,33.845,27.61
Belgian GP,Nico Hulkenberg,Kick Sauber,27,53,88.308,Soft,0,11,347.0,27.375,33.557,27.375
Belgian GP,Nico Hulkenberg,Kick Sauber,27,54,88.844,Hard,0,8,339.2,27.542,33.761,27.542
Belgian GP,Nico Hulkenberg,Kick Sauber,27,55,88.594,Soft,0,9,314.2,27.464,33.666,27.464
Belgian GP,Nico Hulkenberg,Kick Sauber,27,56,89.263,Medium,0,10,297.9,27.672,33.92,27.672
Belgian GP,Nico Hulkenberg,Kick Sauber,27,57,88.268,Soft,0,8,340.4,27.363,33.542,27.363
Belgian GP,Nico Hulkenberg,Kick Sauber,27,58,89.241,Medium,0,13,304.8,27.665,33.912,27.665
Belgian GP,Nico Hulkenberg,Kick Sauber,27,59,88.907,Hard,0,10,329.3,27.561,33.785,27.561
Belgian GP,Nico Hulkenberg,Kick Sauber,27,60,88.358,Medium,0,4,344.9,27.391,33.576,27.391
Belgian GP,Nico Hulkenberg,Kick Sauber,27,61,88.898,Medium,0,10,318.1,27.558,33.781,27.558
Belgian GP,Nico Hulkenberg,Kick Sauber,27,62,88.356,Soft,0,9,325.4,27.39,33.575,27.39
Belgian GP,Nico Hulkenberg,Kick Sauber,27,63,89.185,Medium,0,9,348.8,27.647,33.89,27.647
Belgian GP,Nico Hulkenberg,Kick Sauber,27,64,88.373,Soft,0,9,349.6,27.396,33.582,27.396
Belgian GP,Nico Hulkenberg,Kick Sauber,27,65,89.223,Medium,0,11,303.5,27.659,33.905,27.659
Belgian GP,Nico Hulkenberg,Kick Sauber,27,66,89.293,Soft,0,12,314.6,27.681,33.931,27.681
Belgian GP,Nico Hulkenberg,Kick Sauber,27,67,89.334,Soft,0,10,321.1,27.694,33.947,27.694
Belgian GP,Nico Hulkenberg,Kick Sauber,27,68,88.874,Medium,0,9,298.0,27.551,33.772,27.551
Belgian GP,Nico Hulkenberg,Kick Sauber,27,69,89.121,Soft,0,9,321.1,27.628,33.866,27.628
Belgian GP,Nico Hulkenberg,Kick Sauber,27,70,88.585,Medium,0,10,339.8,27.461,33.662,27.461
Belgian GP,Nico Hulkenberg,Kick Sauber,27,71,88.406,Hard,0,8,305.9,27.406,33.594,27.406
Belgian GP,Nico Hulkenberg,Kick Sauber,27,72,89.088,Soft,0,11,332.2,27.617,33.853,27.617
Belgian GP,Nico Hulkenberg,Kick Sauber,27,73,88.467,Intermediate,0,10,336.9,27.425,33.617,27.425
Belgian GP,Nico Hulkenberg,Kick Sauber,27,74,88.737,Medium,0,13,326.3,27.508,33.72,27.508
Belgian GP,Nico Hulkenberg,Kick Sauber,27,75,88.403,Soft,0,12,348.2,27.405,33.593,27.405
Belgian GP,Nico Hulkenberg,Kick Sauber,27,76,88.866,Soft,0,8,316.1,27.548,33.769,27.548
Belgian GP,Nico Hulkenberg,Kick Sauber,27,77,88.231,Medium,0,11,327.8,27.352,33.528,27.352
Italian GP,Max Verstappen,Red Bull Racing,1,1,91.786,Soft,0,1,321.7,28.454,34.879,28.454
Italian GP,Max Verstappen,Red Bull Racing,1,2,91.042,Soft,0,2,309.5,28.223,34.596,28.223
Italian GP,Max Verstappen,Red Bull Racing,1,3,91.106,Soft,0,1,308.7,28.243,34.62,28.243
Italian GP,Max Verstappen,Red Bull Racing,1,4,92.015,Soft,0,1,319.1,28.525,34.966,28.525
Italian GP,Max Verstappen,Red Bull Racing,1,5,91.421,Hard,0,1,296.6,28.341,34.74,28.341
Italian GP,Max Verstappen,Red Bull Racing,1,6,91.961,Hard,0,1,343.5,28.508,34.945,28.508
Italian GP,Max Verstappen,Red Bull Racing,1,7,91.479,Medium,0,1,347.5,28.358,34.762,28.358
Italian GP,Max Verstappen,Red Bull Racing,1,8,91.684,Hard,0,1,349.3,28.422,34.84,28.422
Italian GP,Max Verstappen,Red Bull Racing,1,9,91.287,Intermediate,0,1,314.8,28.299,34.689,28.299
Italian GP,Max Verstappen,Red Bull Racing,1,10,92.272,Soft,0,1,333.8,28.604,35.063,28.604
Italian GP,Max Verstappen,Red Bull Racing,1,11,91.325,Hard,0,1,339.6,28.311,34.703,28.311
Italian GP,Max Verstappen,Red Bull Racing,1,12,91.968,Soft,0,1,326.1,28.51,34.948,28.51
Italian GP,Max Verstappen,Red Bull Racing,1,13,91.95,Wet,0,1,345.6,28.505,34.941,28.505
Italian GP,Max Verstappen,Red Bull Racing,1,14,92.148,Soft,0,2,317.9,28.566,35.016,28.566
Italian GP,Max Verstappen,Red Bull Racing,1,15,91.653,Hard,0,1,346.0,28.412,34.828,28.412
Italian GP,Max Verstappen,Red Bull Racing,1,16,91.582,Hard,0,3,308.7,28.39,34.801,28.39
Italian GP,Max Verstappen,Red Bull Racing,1,17,91.796,Soft,0,1,334.1,28.457,34.882,28.457
Italian GP,Max Verstappen,Red Bull Racing,1,18,91.084,Medium,1,1,299.6,28.236,34.612,28.236
Italian GP,Max Verstappen,Red Bull Racing,1,19,92.47,Hard,0,1,328.6,28.666,35.139,28.666
Italian GP,Max Verstappen,Red Bull Racing,1,20,92.131,Medium,0,1,338.9,28.561,35.01,28.561
Italian GP,Max Verstappen,Red Bull Racing,1,21,92.625,Medium,0,1,328.4,28.714,35.197,28.714
Italian GP,Max Verstappen,Red Bull Racing,1,22,91.512,Intermediate,0,3,315.7,28.369,34.775,28.369
Italian GP,Max Verstappen,Red Bull Racing,1,23,91.496,Soft,0,2,312.0,28.364,34.768,28.364
Italian GP,Max Verstappen,Red Bull Racing,1,24,91.352,Hard,0,3,317.8,28.319,34.714,28.319
Italian GP,Max Verstappen,Red Bull Racing,1,25,91.926,Medium,0,1,343.4,28.497,34.932,28.497
Italian GP,Max Verstappen,Red Bull Racing,1,26,91.581,Hard,0,3,325.9,28.39,34.801,28.39
Italian GP,Max Verstappen,Red Bull Racing,1,27,91.494,Medium,0,1,326.2,28.363,34.768,28.363
Italian GP,Max Verstappen,Red Bull Racing,1,28,91.484,Medium,0,3,322.1,28.36,34.764,28.36
Italian GP,Max Verstappen,Red Bull Racing,1,29,91.329,Soft,0,1,335.4,28.312,34.705,28.312
Italian GP,Max Verstappen,Red Bull Racing,1,30,92.32,Soft,0,2,329.3,28.619,35.082,28.619
Italian GP,Max Verstappen,Red Bull Racing,1,31,91.945,Medium,0,3,324.2,28.503,34.939,28.503
Italian GP,Max Verstappen,Red Bull Racing,1,32,91.78,Soft,0,1,307.5,28.452,34.876,28.452
Italian GP,Max Verstappen,Red Bull Racing,1,33,92.011,Medium,0,1,343.3,28.523,34.964,28.523
Italian GP,Max Verstappen,Red Bull Racing,1,34,91.131,Soft,0,3,301.4,28.251,34.63,28.251
Italian GP,Max Verstappen,Red Bull Racing,1,35,92.439,Medium,0,1,331.3,28.656,35.127,28.656
Italian GP,Max Verstappen,Red Bull Racing,1,36,90.989,Medium,0,1,344.6,28.207,34.576,28.207
Italian GP,Max Verstappen,Red Bull Racing,1,37,91.85,Soft,0,5,327.8,28.473,34.903,28.473
Italian GP,Max Verstappen,Red Bull Racing,1,38,91.865,Hard,0,1,308.8,28.478,34.909,28.478
Italian GP,Max Verstappen,Red Bull Racing,1,39,91.59,Soft,0,1,318.8,28.393,34.804,28.393
Italian GP,Max Verstappen,Red Bull Racing,1,40,91.987,Medium,0,3,334.1,28.516,34.955,28.516
Italian GP,Max Verstappen,Red Bull Racing,1,41,91.493,Medium,0,1,304.8,28.363,34.767,28.363
Italian GP,Max Verstappen,Red Bull Racing,1,42,92.001,Medium,0,1,329.4,28.52,34.96,28.52
Italian GP,Max Verstappen,Red Bull Racing,1,43,91.296,Medium,0,1,332.8,28.302,34.692,28.302
Italian GP,Max Verstappen,Red Bull Racing,1,44,91.245,Hard,1,1,327.2,28.286,34.673,28.286
Italian GP,Max Verstappen,Red Bull Racing,1,45,91.103,Medium,0,1,301.1,28.242,34.619,28.242
Italian GP,Max Verstappen,Red Bull Racing,1,46,91.25,Medium,0,1,324.4,28.288,34.675,28.288
Italian GP,Max Verstappen,Red Bull Racing,1,47,91.874,Intermediate,0,1,338.2,28.481,34.912,28.481
Italian GP,Max Verstappen,Red Bull Racing,1,48,91.61,Soft,0,1,314.0,28.399,34.812,28.399
Italian GP,Max Verstappen,Red Bull Racing,1,49,91.723,Medium,0,4,327.5,28.434,34.855,28.434
Italian GP,Max Verstappen,Red Bull Racing,1,50,91.667,Soft,0,1,338.9,28.417,34.833,28.417
Italian GP,Max Verstappen,Red Bull Racing,1,51,91.425,Hard,0,3,324.7,28.342,34.742,28.342
Italian GP,Max Verstappen,Red Bull Racing,1,52,92.046,Soft,0,1,341.7,28.534,34.977,28.534
Italian GP,Max Verstappen,Red Bull Racing,1,53,92.077,Medium,0,1,320.2,28.544,34.989,28.544
Italian GP,Max Verstappen,Red Bull Racing,1,54,92.23,Medium,0,1,312.5,28.591,35.047,28.591
Italian GP,Max Verstappen,Red Bull Racing,1,55,91.334,Soft,0,1,303.3,28.314,34.707,28.314
Italian GP,Max Verstappen,Red Bull Racing,1,56,91.973,Medium,0,1,345.8,28.512,34.95,28.512
Italian GP,Max Verstappen,Red Bull Racing,1,57,92.242,Soft,0,3,308.4,28.595,35.052,28.595
Italian GP,Max Verstappen,Red Bull Racing,1,58,91.222,Soft,0,1,329.0,28.279,34.664,28.279
Italian GP,Max Verstappen,Red Bull Racing,1,59,91.584,Soft,0,1,349.7,28.391,34.802,28.391
Italian GP,Max Verstappen,Red Bull Racing,1,60,91.2,Medium,0,3,339.0,28.272,34.656,28.272
Italian GP,Max Verstappen,Red Bull Racing,1,61,91.858,Intermediate,0,1,322.4,28.476,34.906,28.476
Italian GP,Max Verstappen,Red Bull Racing,1,62,91.744,Soft,0,1,344.1,28.441,34.863,28.441
Italian GP,Max Verstappen,Red Bull Racing,1,63,92.164,Medium,0,1,324.7,28.571,35.022,28.571
Italian GP,Max Verstappen,Red Bull Racing,1,64,92.536,Soft,0,4,347.5,28.686,35.164,28.686
Italian GP,Max Verstappen,Red Bull Racing,1,65,91.086,Hard,0,1,341.0,28.237,34.613,28.237
Italian GP,Max Verstappen,Red Bull Racing,1,66,91.566,Hard,0,1,343.8,28.385,34.795,28.385
Italian GP,Max Verstappen,Red Bull Racing,1,67,92.032,Hard,0,2,315.5,28.53,34.972,28.53
Italian GP,Max Verstappen,Red Bull Racing,1,68,91.548,Medium,0,1,329.9,28.38,34.788,28.38
Italian GP,Max Verstappen,Red Bull Racing,1,69,92.37,Soft,0,1,295.8,28.635,35.101,28.635
Italian GP,Max Verstappen,Red Bull Racing,1,70,91.805,Soft,0,1,318.4,28.46,34.886,28.46
Italian GP,Max Verstappen,Red Bull Racing,1,71,91.375,Hard,0,1,312.6,28.326,34.723,28.326
Italian GP,Charles Leclerc,Scuderia Ferrari,16,1,88.959,Intermediate,0,2,313.1,27.577,33.804,27.577
Italian GP,Charles Leclerc,Scuderia Ferrari,16,2,88.952,Hard,0,1,310.6,27.575,33.802,27.575
Italian GP,Charles Leclerc,Scuderia Ferrari,16,3,88.818,Medium,0,2,312.9,27.534,33.751,27.534
Italian GP,Charles Leclerc,Scuderia Ferrari,16,4,88.815,Soft,0,3,315.4,27.533,33.75,27.533
Italian GP,Charles Leclerc,Scuderia Ferrari,16,5,88.932,Medium,0,3,344.4,27.569,33.794,27.569
Italian GP,Charles Leclerc,Scuderia Ferrari,16,6,88.628,Medium,0,1,339.1,27.475,33.679,27.475
Italian GP,Charles Leclerc,Scuderia Ferrari,16,7,89.569,Medium,0,6,301.7,27.766,34.036,27.766
Italian GP,Charles Leclerc,Scuderia Ferrari,16,8,89.303,Soft,0,3,314.7,27.684,33.935,27.684
Italian GP,Charles Leclerc,Scuderia Ferrari,16,9,88.791,Soft,0,1,322.1,27.525,33.741,27.525
Italian GP,Charles Leclerc,Scuderia Ferrari,16,10,89.505,Medium,0,4,318.5,27.747,34.012,27.747
Italian GP,Charles Leclerc,Scuderia Ferrari,16,11,89.33,Medium,0,6,338.2,27.692,33.945,27.692
Italian GP,Charles Leclerc,Scuderia Ferrari,16,12,89.593,Medium,0,1,307.4,27.774,34.045,27.774
Italian GP,Charles Leclerc,Scuderia Ferrari,16,13,89.037,Medium,0,1,332.1,27.601,33.834,27.601
Italian GP,Charles Leclerc,Scuderia Ferrari,16,14,89.477,Medium,0,1,315.2,27.738,34.001,27.738
Italian GP,Charles Leclerc,Scuderia Ferrari,16,15,88.758,Soft,0,2,340.6,27.515,33.728,27.515
Italian GP,Charles Leclerc,Scuderia Ferrari,16,16,88.84,Hard,0,2,302.5,27.54,33.759,27.54
Italian GP,Charles Leclerc,Scuderia Ferrari,16,17,89.634,Medium,0,1,316.4,27.787,34.061,27.787
Italian GP,Charles Leclerc,Scuderia Ferrari,16,18,89.457,Soft,0,1,314.2,27.732,33.994,27.732
Italian GP,Charles Leclerc,Scuderia Ferrari,16,19,88.921,Hard,0,1,333.1,27.566,33.79,27.566
Italian GP,Charles Leclerc,Scuderia Ferrari,16,20,89.222,Hard,0,2,296.7,27.659,33.904,27.659
Italian GP,Charles Leclerc,Scuderia Ferrari,16,21,90.128,Medium,1,4,338.4,27.94,34.249,27.94
Italian GP,Charles Leclerc,Scuderia Ferrari,16,22,89.099,Medium,0,1,338.0,27.621,33.858,27.621
Italian GP,Charles Leclerc,Scuderia Ferrari,16,23,89.176,Soft,0,2,310.5,27.645,33.887,27.645
Italian GP,Charles Leclerc,Scuderia Ferrari,16,24,88.651,Medium,0,1,300.7,27.482,33.687,27.482
Italian GP,Charles Leclerc,Scuderia Ferrari,16,25,88.775,Soft,0,2,322.3,27.52,33.735,27.52
Italian GP,Charles Leclerc,Scuderia Ferrari,16,26,89.186,Soft,1,1,345.4,27.648,33.891,27.648
Italian GP,Charles Leclerc,Scuderia Ferrari,16,27,88.68,Soft,0,1,330.9,27.491,33.698,27.491
Italian GP,Charles Leclerc,Scuderia Ferrari,16,28,88.549,Medium,0,1,328.3,27.45,33.649,27.45
Italian GP,Charles Leclerc,Scuderia Ferrari,16,29,88.897,Medium,0,1,305.6,27.558,33.781,27.558
Italian GP,Charles Leclerc,Scuderia Ferrari,16,30,89.646,Wet,0,2,306.1,27.79,34.065,27.79
Italian GP,Charles Leclerc,Scuderia Ferrari,16,31,88.811,Medium,0,1,304.3,27.531,33.748,27.531
Italian GP,Charles Leclerc,Scuderia Ferrari,16,32,89.083,Medium,0,1,323.8,27.616,33.852,27.616
Italian GP,Charles Leclerc,Scuderia Ferrari,16,33,88.465,Medium,0,1,341.2,27.424,33.617,27.424
Italian GP,Charles Leclerc,Scuderia Ferrari,16,34,89.478,Hard,0,1,330.7,27.738,34.002,27.738
Italian GP,Charles Leclerc,Scuderia Ferrari,16,35,88.958,Medium,0,5,295.8,27.577,33.804,27.577
Italian GP,Charles Leclerc,Scuderia Ferrari,16,36,89.202,Intermediate,0,1,343.1,27.653,33.897,27.653
Italian GP,Charles Leclerc,Scuderia Ferrari,16,37,88.842,Hard,0,1,315.3,27.541,33.76,27.541
Italian GP,Charles Leclerc,Scuderia Ferrari,16,38,89.201,Soft,0,1,337.7,27.652,33.896,27.652
Italian GP,Charles Leclerc,Scuderia Ferrari,16,39,88.813,Soft,0,5,349.6,27.532,33.749,27.532
Italian GP,Charles Leclerc,Scuderia Ferrari,16,40,88.613,Medium,0,3,306.7,27.47,33.673,27.47
Italian GP,Charles Leclerc,Scuderia Ferrari,16,41,89.605,Medium,0,1,309.2,27.778,34.05,27.778
Italian GP,Charles Leclerc,Scuderia Ferrari,16,42,88.766,Hard,0,4,344.4,27.517,33.731,27.517
Italian GP,Charles Leclerc,Scuderia Ferrari,16,43,89.125,Hard,0,2,315.7,27.629,33.867,27.629
Italian GP,Charles Leclerc,Scuderia Ferrari,16,44,89.574,Medium,0,2,300.5,27.768,34.038,27.768
Italian GP,Charles Leclerc,Scuderia Ferrari,16,45,89.213,Soft,0,1,336.1,27.656,33.901,27.656
Italian GP,Charles Leclerc,Scuderia Ferrari,16,46,89.038,Medium,0,1,329.9,27.602,33.834,27.602
Italian GP,Charles Leclerc,Scuderia Ferrari,16,47,88.785,Medium,0,2,295.5,27.523,33.738,27.523
Italian GP,Charles Leclerc,Scuderia Ferrari,16,48,88.69,Wet,0,1,333.8,27.494,33.702,27.494
Italian GP,Charles Leclerc,Scuderia Ferrari,16,49,88.62,Hard,0,5,324.0,27.472,33.676,27.472
Italian GP,Charles Leclerc,Scuderia Ferrari,16,50,89.366,Medium,0,1,321.8,27.703,33.959,27.703
Italian GP,Charles Leclerc,Scuderia Ferrari,16,51,89.367,Soft,0,5,310.6,27.704,33.959,27.704
Italian GP,Charles Leclerc,Scuderia Ferrari,16,52,88.967,Medium,0,1,316.3,27.58,33.807,27.58
Italian GP,Charles Leclerc,Scuderia Ferrari,16,53,89.243,Soft,0,2,308.5,27.665,33.912,27.665
Italian GP,Charles Leclerc,Scuderia Ferrari,16,54,88.922,Medium,1,3,314.4,27.566,33.79,27.566
Italian GP,Charles Leclerc,Scuderia Ferrari,16,55,89.068,Medium,0,1,345.7,27.611,33.846,27.611
Italian GP,Charles Leclerc,Scuderia Ferrari,16,56,89.784,Medium,0,3,337.0,27.833,34.118,27.833
Italian GP,Charles Leclerc,Scuderia Ferrari,16,57,88.834,Wet,0,1,301.4,27.539,33.757,27.539
Italian GP,Charles Leclerc,Scuderia Ferrari,16,58,89.403,Medium,0,1,312.4,27.715,33.973,27.715
Italian GP,Charles Leclerc,Scuderia Ferrari,16,59,88.947,Soft,0,1,338.4,27.574,33.8,27.574
Italian GP,Charles Leclerc,Scuderia Ferrari,16,60,89.129,Medium,0,1,349.7,27.63,33.869,27.63
Italian GP,Charles Leclerc,Scuderia Ferrari,16,61,89.11,Medium,0,1,297.4,27.624,33.862,27.624
Italian GP,Charles Leclerc,Scuderia Ferrari,16,62,89.392,Soft,0,2,323.4,27.712,33.969,27.712
Italian GP,Charles Leclerc,Scuderia Ferrari,16,63,89.462,Medium,0,3,323.9,27.733,33.996,27.733
Italian GP,Charles Leclerc,Scuderia Ferrari,16,64,89.75,Hard,0,2,316.5,27.823,34.105,27.823
Italian GP,Charles Leclerc,Scuderia Ferrari,16,65,89.424,Medium,0,1,335.7,27.721,33.981,27.721
Italian GP,Charles Leclerc,Scuderia Ferrari,16,66,89.432,Wet,0,2,307.5,27.724,33.984,27.724
Italian GP,Charles Leclerc,Scuderia Ferrari,16,67,88.921,Medium,0,2,345.3,27.566,33.79,27.566
Italian GP,Charles Leclerc,Scuderia Ferrari,16,68,89.427,Hard,0,3,317.6,27.722,33.982,27.722
Italian GP,Charles Leclerc,Scuderia Ferrari,16,69,88.895,Medium,0,3,297.9,27.557,33.78,27.557
Italian GP,Charles Leclerc,Scuderia Ferrari,16,70,88.834,Hard,0,2,330.0,27.539,33.757,27.539
Italian GP,Charles Leclerc,Scuderia Ferrari,16,71,89.004,Soft,0,1,326.2,27.591,33.822,27.591
Italian GP,Charles Leclerc,Scuderia Ferrari,16,72,89.015,Medium,0,1,340.9,27.595,33.826,27.595
Italian GP,Lewis Hamilton,Scuderia Ferrari,44,1,89.755,Hard,0,1,298.0,27.824,34.107,27.824
Italian GP,Lewis Hamilton,Scuderia Ferrari,44,2,90.366,Hard,0,2,331.0,28.013,34.339,28.013
Italian GP,Lewis Hamilton,Scuderia Ferrari,44,3,90.382,Hard,0,3,339.2,28.018,34.345,28.018
Italian GP,Lewis Hamilton,Scuderia Ferrari,44,4,89.888,Hard,0,4,313.7,27.865,34.157,27.865
Italian GP,Lewis Hamilton,Scuderia Ferrari,44,5,90.401,Soft,0,2,303.7,28.024,34.352,28.024
Italian GP,Lewis Hamilton,Scuderia Ferrari,44,6,90.036,Hard,0,3,326.3,27.911,34.214,27.911
Italian GP,Lewis Hamilton,Scuderia Ferrari,44,7,89.951,Medium,0,3,336.3,27.885,34.181,27.885
Italian GP,Lewis Hamilton,Scuderia Ferrari,44,8,90.525,Soft,0,1,295.1,28.063,34.4,28.063
Italian GP,Lewis Hamilton,Scuderia Ferrari,44,9,90.561,Medium,0,1,303.1,28.074,34.413,28.074
Italian GP,Lewis Hamilton,Scuderia Ferrari,44,10,90.73,Soft,0,1,340.8,28.126,34.477,28.126
Italian GP,Lewis Hamilton,Scuderia Ferrari,44,11,90.2,Soft,0,1,332.1,27.962,34.276,27.962
Italian GP,Lewis Hamilton,Scuderia Ferrari,44,12,89.886,Soft,0,3,343.9,27.865,34.157,27.865
Italian GP,Lewis Hamilton,Scuderia Ferrari,44,13,90.581,Soft,0,1,315.6,28.08,34.421,28.08
Italian GP,Lewis Hamilton,Scuderia Ferrari,44,14,90.483,Intermediate,0,2,324.6,28.05,34.384,28.05
Italian GP,Lewis Hamilton,Scuderia Ferrari,44,15,90.328,Intermediate,0,3,345.8,28.002,34.325,28.002
Italian GP,Lewis Hamilton,Scuderia Ferrari,44,16,90.336,Hard,0,4,304.0,28.004,34.328,28.004
Italian GP,Lewis Hamilton,Scuderia Ferrari,44,17,90.033,Hard,0,1,345.8,27.91,34.213,27.91
Italian GP,Lewis Hamilton,Scuderia Ferrari,44,18,90.018,Hard,0,4,328.2,27.906,34.207,27.906
Italian GP,Lewis Hamilton,Scuderia Ferrari,44,19,90.154,Medium,0,5,307.5,27.948,34.259,27.948
Italian GP,Lewis Hamilton,Scuderia Ferrari,44,20,89.761,Hard,0,1,318.6,27.826,34.109,27.826
Italian GP,Lewis Hamilton,Scuderia Ferrari,44,21,90.802,Hard,0,1,311.2,28.149,34.505,28.149
Italian GP,Lewis Hamilton,Scuderia Ferrari,44,22,90.396,Medium,0,5,334.6,28.023,34.35,28.023
Italian GP,Lewis Hamilton,Scuderia Ferrari,44,23,90.626,Hard,0,2,306.6,28.094,34.438,28.094
Italian GP,Lewis Hamilton,Scuderia Ferrari,44,24,90.219,Medium,0,1,296.2,27.968,34.283,27.968
Italian GP,Lewis Hamilton,Scuderia Ferrari,44,25,90.385,Soft,0,1,304.1,28.019,34.346,28.019
Italian GP,Lewis Hamilton,Scuderia Ferrari,44,26,90.108,Soft,0,2,322.7,27.933,34.241,27.933
Italian GP,Lewis Hamilton,Scuderia Ferrari,44,27,90.331,Medium,0,1,348.2,28.003,34.326,28.003
Italian GP,Lewis Hamilton,Scuderia Ferrari,44,28,90.164,Soft,0,2,320.8,27.951,34.262,27.951
Italian GP,Lewis Hamilton,Scuderia Ferrari,44,29,90.523,Medium,0,3,307.6,28.062,34.399,28.062
Italian GP,Lewis Hamilton,Scuderia Ferrari,44,30,89.921,Soft,0,5,349.7,27.876,34.17,27.876
Italian GP,Lewis Hamilton,Scuderia Ferrari,44,31,90.51,Soft,0,2,333.0,28.058,34.394,28.058
Italian GP,Lewis Hamilton,Scuderia Ferrari,44,32,90.121,Soft,0,5,327.5,27.938,34.246,27.938
Italian GP,Lewis Hamilton,Scuderia Ferrari,44,33,90.511,Medium,0,5,342.1,28.058,34.394,28.058
Italian GP,Lewis Hamilton,Scuderia Ferrari,44,34,89.762,Hard,0,5,303.6,27.826,34.11,27.826
Italian GP,Lewis Hamilton,Scuderia Ferrari,44,35,89.708,Soft,0,3,312.0,27.809,34.089,27.809
Italian GP,Lewis Hamilton,Scuderia Ferrari,44,36,90.302,Soft,0,1,309.4,27.994,34.315,27.994
Italian GP,Lewis Hamilton,Scuderia Ferrari,44,37,90.204,Soft,0,3,330.0,27.963,34.278,27.963
Italian GP,Lewis Hamilton,Scuderia Ferrari,44,38,89.586,Hard,0,5,296.4,27.772,34.043,27.772
Italian GP,Lewis Hamilton,Scuderia Ferrari,44,39,90.645,Medium,0,2,316.2,28.1,34.445,28.1
Italian GP,Lewis Hamilton,Scuderia Ferrari,44,40,90.124,Intermediate,0,6,302.2,27.938,34.247,27.938
Italian GP,Lewis Hamilton,Scuderia Ferrari,44,41,89.805,Hard,0,4,297.9,27.84,34.126,27.84
Italian GP,Lewis Hamilton,Scuderia Ferrari,44,42,90.072,Wet,1,4,319.3,27.922,34.227,27.922
Italian GP,Lewis Hamilton,Scuderia Ferrari,44,43,90.076,Hard,0,5,329.1,27.924,34.229,27.924
Italian GP,Lewis Hamilton,Scuderia Ferrari,44,44,90.18,Medium,0,3,339.6,27.956,34.268,27.956
Italian GP,Lewis Hamilton,Scuderia Ferrari,44,45,90.13,Hard,0,1,332.0,27.94,34.249,27.94
Italian GP,Lewis Hamilton,Scuderia Ferrari,44,46,90.614,Medium,0,2,304.1,28.09,34.433,28.09
Italian GP,Lewis Hamilton,Scuderia Ferrari,44,47,89.732,Medium,0,5,300.8,27.817,34.098,27.817
Italian GP,Lewis Hamilton,Scuderia Ferrari,44,48,90.697,Medium,0,1,340.7,28.116,34.465,28.116
Italian GP,Lewis Hamilton,Scuderia Ferrari,44,49,90.521,Medium,0,2,305.6,28.062,34.398,28.062
Italian GP,Lewis Hamilton,Scuderia Ferrari,44,50,90.168,Medium,0,1,298.9,27.952,34.264,27.952
Italian GP,Lewis Hamilton,Scuderia Ferrari,44,51,90.504,Medium,0,6,343.4,28.056,34.392,28.056
Italian GP,Lewis Hamilton,Scuderia Ferrari,44,52,91.063,Medium,0,6,302.8,28.23,34.604,28.23
Italian GP,Lewis Hamilton,Scuderia Ferrari,44,53,90.482,Soft,0,1,318.3,28.049,34.383,28.049
Italian GP,Lewis Hamilton,Scuderia Ferrari,44,54,90.319,Hard,0,3,298.1,27.999,34.321,27.999
Italian GP,Lewis Hamilton,Scuderia Ferrari,44,55,90.266,Intermediate,0,1,323.2,27.982,34.301,27.982
Italian GP,Lewis Hamilton,Scuderia Ferrari,44,56,90.499,Soft,0,4,313.2,28.055,34.39,28.055
Italian GP,Lewis Hamilton,Scuderia Ferrari,44,57,90.808,Medium,0,4,304.4,28.15,34.507,28.15
Italian GP,Lewis Hamilton,Scuderia Ferrari,44,58,90.331,Hard,0,4,310.8,28.003,34.326,28.003
Italian GP,Lewis Hamilton,Scuderia Ferrari,44,59,89.769,Intermediate,0,3,312.4,27.828,34.112,27.828
Italian GP,Lewis Hamilton,Scuderia Ferrari,44,60,90.416,Soft,0,8,336.8,28.029,34.358,28.029
Italian GP,Lewis Hamilton,Scuderia Ferrari,44,61,90.055,Hard,0,1,312.9,27.917,34.221,27.917
Italian GP,Lewis Hamilton,Scuderia Ferrari,44,62,90.374,Hard,0,1,331.0,28.016,34.342,28.016
Italian GP,Lewis Hamilton,Scuderia Ferrari,44,63,90.806,Medium,0,2,331.3,28.15,34.506,28.15
Italian GP,Lewis Hamilton,Scuderia Ferrari,44,64,90.546,Wet,0,1,304.7,28.069,34.407,28.069
Italian GP,Lewis Hamilton,Scuderia Ferrari,44,65,90.548,Soft,0,1,337.2,28.07,34.408,28.07
Italian GP,Lewis Hamilton,Scuderia Ferrari,44,66,89.804,Medium,0,1,331.6,27.839,34.126,27.839
Italian GP,Lewis Hamilton,Scuderia Ferrari,44,67,89.714,Medium,0,1,332.1,27.811,34.091,27.811
Italian GP,Lewis Hamilton,Scuderia Ferrari,44,68,90.296,Soft,0,1,346.6,27.992,34.312,27.992
Italian GP,Lewis Hamilton,Scuderia Ferrari,44,69,89.888,Soft,0,4,321.2,27.865,34.157,27.865
Italian GP,Lewis Hamilton,Scuderia Ferrari,44,70,90.544,Medium,0,1,347.3,28.069,34.407,28.069
Italian GP,Lando Norris,McLaren,4,1,89.783,Hard,0,3,334.6,27.833,34.118,27.833
Italian GP,Lando Norris,McLaren,4,2,89.362,Wet,0,5,295.1,27.702,33.958,27.702
Italian GP,Lando Norris,McLaren,4,3,89.502,Medium,0,2,320.4,27.746,34.011,27.746
Italian GP,Lando Norris,McLaren,4,4,90.052,Hard,0,3,315.0,27.916,34.22,27.916
Italian GP,Lando Norris,McLaren,4,5,89.972,Medium,0,4,321.4,27.891,34.189,27.891
Italian GP,Lando Norris,McLaren,4,6,89.198,Soft,0,1,312.8,27.651,33.895,27.651
Italian GP,Lando Norris,McLaren,4,7,90.103,Soft,0,1,298.0,27.932,34.239,27.932
Italian GP,Lando Norris,McLaren,4,8,89.785,Hard,0,4,312.1,27.833,34.118,27.833
Italian GP,Lando Norris,McLaren,4,9,90.19,Hard,0,4,347.3,27.959,34.272,27.959
Italian GP,Lando Norris,McLaren,4,10,90.068,Medium,0,8,312.7,27.921,34.226,27.921
Italian GP,Lando Norris,McLaren,4,11,89.825,Intermediate,0,4,298.9,27.846,34.133,27.846
Italian GP,Lando Norris,McLaren,4,12,89.44,Intermediate,0,5,301.1,27.726,33.987,27.726
Italian GP,Lando Norris,McLaren,4,13,90.24,Soft,0,3,301.7,27.974,34.291,27.974
Italian GP,Lando Norris,McLaren,4,14,90.144,Medium,0,4,326.7,27.945,34.255,27.945
Italian GP,Lando Norris,McLaren,4,15,89.728,Hard,0,7,319.4,27.816,34.097,27.816
Italian GP,Lando Norris,McLaren,4,16,89.652,Medium,0,1,317.7,27.792,34.068,27.792
Italian GP,Lando Norris,McLaren,4,17,89.713,Hard,0,4,320.4,27.811,34.091,27.811
Italian GP,Lando Norris,McLaren,4,18,90.554,Soft,0,8,307.0,28.072,34.411,28.072
Italian GP,Lando Norris,McLaren,4,19,89.874,Medium,0,4,323.0,27.861,34.152,27.861
Italian GP,Lando Norris,McLaren,4,20,89.299,Medium,0,7,349.2,27.683,33.934,27.683
Italian GP,Lando Norris,McLaren,4,21,90.044,Soft,0,2,345.6,27.914,34.217,27.914
Italian GP,Lando Norris,McLaren,4,22,89.375,Hard,0,3,326.3,27.706,33.962,27.706
Italian GP,Lando Norris,McLaren,4,23,89.664,Medium,1,4,327.5,27.796,34.072,27.796
Italian GP,Lando Norris,McLaren,4,24,90.128,Soft,0,1,316.2,27.94,34.249,27.94
Italian GP,Lando Norris,McLaren,4,25,89.343,Hard,0,1,319.5,27.696,33.95,27.696
Italian GP,Lando Norris,McLaren,4,26,89.765,Intermediate,0,1,347.1,27.827,34.111,27.827
Italian GP,Lando Norris,McLaren,4,27,89.674,Hard,0,5,330.2,27.799,34.076,27.799
Italian GP,Lando Norris,McLaren,4,28,90.203,Soft,0,5,331.9,27.963,34.277,27.963
Italian GP,Lando Norris,McLaren,4,29,90.116,Hard,0,4,344.8,27.936,34.244,27.936
Italian GP,Lando Norris,McLaren,4,30,89.592,Medium,0,5,301.5,27.774,34.045,27.774
Italian GP,Lando Norris,McLaren,4,31,89.87,Soft,0,3,316.0,27.86,34.151,27.86
Italian GP,Lando Norris,McLaren,4,32,89.989,Medium,0,6,318.8,27.897,34.196,27.897
Italian GP,Lando Norris,McLaren,4,33,89.492,Hard,0,4,298.6,27.743,34.007,27.743
Italian GP,Lando Norris,McLaren,4,34,89.737,Soft,0,4,322.2,27.818,34.1,27.818
Italian GP,Lando Norris,McLaren,4,35,89.808,Wet,0,3,318.9,27.84,34.127,27.84
Italian GP,Lando Norris,McLaren,4,36,89.607,Wet,1,5,330.2,27.778,34.051,27.778
Italian GP,Lando Norris,McLaren,4,37,90.007,Medium,0,3,318.6,27.902,34.203,27.902
Italian GP,Lando Norris,McLaren,4,38,89.814,Soft,0,5,332.7,27.842,34.129,27.842
Italian GP,Lando Norris,McLaren,4,39,89.305,Hard,0,1,297.8,27.685,33.936,27.685
Italian GP,Lando Norris,McLaren,4,40,89.786,Wet,0,1,303.4,27.834,34.119,27.834
Italian GP,Lando Norris,McLaren,4,41,89.906,Medium,0,5,333.6,27.871,34.164,27.871
Italian GP,Lando Norris,McLaren,4,42,89.108,Soft,1,3,299.6,27.623,33.861,27.623
Italian GP,Lando Norris,McLaren,4,43,89.876,Medium,0,3,314.1,27.862,34.153,27.862
Italian GP,Lando Norris,McLaren,4,44,89.462,Medium,1,5,329.9,27.733,33.996,27.733
Italian GP,Lando Norris,McLaren,4,45,90.071,Soft,0,2,327.4,27.922,34.227,27.922
Italian GP,Lando Norris,McLaren,4,46,90.715,Soft,1,3,299.1,28.122,34.472,28.122
Italian GP,Lando Norris,McLaren,4,47,89.388,Hard,0,6,307.8,27.71,33.967,27.71
Italian GP,Lando Norris,McLaren,4,48,89.975,Wet,0,7,345.6,27.892,34.191,27.892
Italian GP,Lando Norris,McLaren,4,49,90.125,Medium,0,7,341.8,27.939,34.248,27.939
Italian GP,Lando Norris,McLaren,4,50,89.463,Medium,0,3,335.8,27.734,33.996,27.734
Italian GP,Lando Norris,McLaren,4,51,89.422,Medium,0,6,300.0,27.721,33.98,27.721
Italian GP,Lando Norris,McLaren,4,52,89.472,Hard,0,2,317.3,27.736,33.999,27.736
Italian GP,Lando Norris,McLaren,4,53,89.97,Medium,0,2,306.6,27.891,34.189,27.891
Italian GP,Lando Norris,McLaren,4,54,89.949,Soft,0,1,320.9,27.884,34.181,27.884
Italian GP,Oscar Piastri,McLaren,81,1,91.319,Medium,0,8,339.9,28.309,34.701,28.309
Italian GP,Oscar Piastri,McLaren,81,2,91.827,Soft,0,3,308.8,28.466,34.894,28.466
Italian GP,Oscar Piastri,McLaren,81,3,91.292,Medium,0,4,338.5,28.301,34.691,28.301
Italian GP,Oscar Piastri,McLaren,81,4,91.565,Medium,0,3,305.9,28.385,34.795,28.385
Italian GP,Oscar Piastri,McLaren,81,5,91.167,Hard,0,6,337.4,28.262,34.643,28.262
Italian GP,Oscar Piastri,McLaren,81,6,91.593,Medium,0,4,297.3,28.394,34.805,28.394
Italian GP,Oscar Piastri,McLaren,81,7,91.415,Hard,0,2,319.2,28.339,34.738,28.339
Italian GP,Oscar Piastri,McLaren,81,8,92.134,Hard,0,5,337.1,28.562,35.011,28.562
Italian GP,Oscar Piastri,McLaren,81,9,91.67,Medium,0,2,334.8,28.418,34.835,28.418
Italian GP,Oscar Piastri,McLaren,81,10,91.215,Medium,0,3,340.5,28.277,34.662,28.277
Italian GP,Oscar Piastri,McLaren,81,11,92.052,Intermediate,0,1,348.5,28.536,34.98,28.536
Italian GP,Oscar Piastri,McLaren,81,12,91.323,Soft,0,2,341.8,28.31,34.703,28.31
Italian GP,Oscar Piastri,McLaren,81,13,92.458,Soft,0,5,337.2,28.662,35.134,28.662
Italian GP,Oscar Piastri,McLaren,81,14,92.026,Intermediate,0,1,341.8,28.528,34.97,28.528
Italian GP,Oscar Piastri,McLaren,81,15,91.781,Soft,0,2,349.3,28.452,34.877,28.452
Italian GP,Oscar Piastri,McLaren,81,16,91.243,Hard,0,4,308.6,28.285,34.672,28.285
Italian GP,Oscar Piastri,McLaren,81,17,92.077,Hard,0,3,338.9,28.544,34.989,28.544
Italian GP,Oscar Piastri,McLaren,81,18,92.359,Wet,0,8,339.1,28.631,35.096,28.631
Italian GP,Oscar Piastri,McLaren,81,19,92.244,Hard,0,8,338.6,28.596,35.053,28.596
Italian GP,Oscar Piastri,McLaren,81,20,91.698,Soft,0,3,346.0,28.426,34.845,28.426
Italian GP,Oscar Piastri,McLaren,81,21,91.278,Medium,1,6,338.2,28.296,34.686,28.296
Italian GP,Oscar Piastri,McLaren,81,22,92.494,Hard,0,6,327.3,28.673,35.148,28.673
Italian GP,Oscar Piastri,McLaren,81,23,91.88,Medium,0,3,332.3,28.483,34.914,28.483
Italian GP,Oscar Piastri,McLaren,81,24,92.049,Medium,0,2,328.3,28.535,34.979,28.535
Italian GP,Oscar Piastri,McLaren,81,25,91.126,Medium,0,4,306.0,28.249,34.628,28.249
Italian GP,Oscar Piastri,McLaren,81,26,91.318,Soft,1,4,350.0,28.309,34.701,28.309
Italian GP,Oscar Piastri,McLaren,81,27,91.742,Medium,0,4,333.6,28.44,34.862,28.44
Italian GP,Oscar Piastri,McLaren,81,28,91.619,Hard,0,5,314.8,28.402,34.815,28.402
Italian GP,Oscar Piastri,McLaren,81,29,91.817,Medium,0,3,312.4,28.463,34.89,28.463
Italian GP,Oscar Piastri,McLaren,81,30,91.86,Medium,0,2,306.8,28.477,34.907,28.477
Italian GP,Oscar Piastri,McLaren,81,31,91.885,Medium,0,5,332.3,28.484,34.916,28.484
Italian GP,Oscar Piastri,McLaren,81,32,91.738,Soft,0,5,320.3,28.439,34.86,28.439
Italian GP,Oscar Piastri,McLaren,81,33,91.474,Intermediate,0,2,296.4,28.357,34.76,28.357
Italian GP,Oscar Piastri,McLaren,81,34,91.708,Medium,0,6,331.4,28.429,34.849,28.429
Italian GP,Oscar Piastri,McLaren,81,35,92.014,Soft,0,1,302.4,28.524,34.965,28.524
Italian GP,Oscar Piastri,McLaren,81,36,91.222,Hard,0,3,349.6,28.279,34.664,28.279
Italian GP,Oscar Piastri,McLaren,81,37,91.755,Intermediate,0,4,334.3,28.444,34.867,28.444
Italian GP,Oscar Piastri,McLaren,81,38,91.675,Hard,0,3,323.2,28.419,34.837,28.419
Italian GP,Oscar Piastri,McLaren,81,39,91.559,Medium,0,3,326.3,28.383,34.792,28.383
Italian GP,Oscar Piastri,McLaren,81,40,92.019,Medium,0,8,304.7,28.526,34.967,28.526
Italian GP,Oscar Piastri,McLaren,81,41,92.143,Soft,0,3,341.7,28.564,35.014,28.564
Italian GP,Oscar Piastri,McLaren,81,42,91.435,Soft,1,9,300.8,28.345,34.745,28.345
Italian GP,Oscar Piastri,McLaren,81,43,91.522,Hard,0,5,316.3,28.372,34.778,28.372
Italian GP,Oscar Piastri,McLaren,81,44,91.758,Soft,0,5,321.9,28.445,34.868,28.445
Italian GP,Oscar Piastri,McLaren,81,45,92.011,Medium,0,5,342.8,28.523,34.964,28.523
Italian GP,Oscar Piastri,McLaren,81,46,92.145,Medium,0,10,324.3,28.565,35.015,28.565
Italian GP,Oscar Piastri,McLaren,81,47,91.342,Hard,0,3,316.0,28.316,34.71,28.316
Italian GP,Oscar Piastri,McLaren,81,48,91.576,Medium,0,2,343.9,28.389,34.799,28.389
Italian GP,Oscar Piastri,McLaren,81,49,91.526,Soft,0,3,296.0,28.373,34.78,28.373
Italian GP,Oscar Piastri,McLaren,81,50,92.088,Soft,0,5,298.5,28.547,34.993,28.547
Italian GP,Oscar Piastri,McLaren,81,51,92.083,Soft,0,1,299.1,28.546,34.992,28.546
Italian GP,Oscar Piastri,McLaren,81,52,92.114,Hard,1,5,343.8,28.555,35.003,28.555
Italian GP,George Russell,Mercedes-AMG,63,1,91.882,Hard,0,9,328.9,28.483,34.915,28.483
Italian GP,George Russell,Mercedes-AMG,63,2,91.314,Medium,0,6,322.2,28.307,34.699,28.307
Italian GP,George Russell,Mercedes-AMG,63,3,91.683,Soft,0,5,333.3,28.422,34.84,28.422
Italian GP,George Russell,Mercedes-AMG,63,4,91.941,Soft,0,4,307.6,28.502,34.938,28.502
Italian GP,George Russell,Mercedes-AMG,63,5,91.223,Medium,0,7,318.2,28.279,34.665,28.279
Italian GP,George Russell,Mercedes-AMG,63,6,91.277,Hard,0,4,315.8,28.296,34.685,28.296
Italian GP,George Russell,Mercedes-AMG,63,7,91.214,Hard,0,9,339.6,28.276,34.661,28.276
Italian GP,George Russell,Mercedes-AMG,63,8,91.332,Soft,0,9,319.4,28.313,34.706,28.313
Italian GP,George Russell,Mercedes-AMG,63,9,92.264,Hard,0,6,311.1,28.602,35.06,28.602
Italian GP,George Russell,Mercedes-AMG,63,10,91.343,Hard,0,5,326.2,28.316,34.71,28.316
Italian GP,George Russell,Mercedes-AMG,63,11,91.492,Medium,0,8,338.7,28.363,34.767,28.363
Italian GP,George Russell,Mercedes-AMG,63,12,91.882,Intermediate,0,8,310.3,28.483,34.915,28.483
Italian GP,George Russell,Mercedes-AMG,63,13,91.96,Hard,0,4,333.6,28.508,34.945,28.508
Italian GP,George Russell,Mercedes-AMG,63,14,91.779,Medium,0,4,321.8,28.451,34.876,28.451
Italian GP,George Russell,Mercedes-AMG,63,15,91.508,Medium,0,3,309.7,28.367,34.773,28.367
Italian GP,George Russell,Mercedes-AMG,63,16,91.999,Soft,0,6,337.3,28.52,34.96,28.52
Italian GP,George Russell,Mercedes-AMG,63,17,91.979,Hard,0,7,316.4,28.513,34.952,28.513
Italian GP,George Russell,Mercedes-AMG,63,18,91.592,Medium,1,3,302.7,28.394,34.805,28.394
Italian GP,George Russell,Mercedes-AMG,63,19,91.573,Medium,0,5,325.1,28.388,34.798,28.388
Italian GP,George Russell,Mercedes-AMG,63,20,91.133,Medium,0,3,337.1,28.251,34.631,28.251
Italian GP,George Russell,Mercedes-AMG,63,21,91.468,Intermediate,0,4,316.4,28.355,34.758,28.355
Italian GP,George Russell,Mercedes-AMG,63,22,91.893,Soft,0,7,300.2,28.487,34.919,28.487
Italian GP,George Russell,Mercedes-AMG,63,23,92.345,Hard,0,4,329.5,28.627,35.091,28.627
Italian GP,George Russell,Mercedes-AMG,63,24,91.74,Hard,0,5,318.4,28.439,34.861,28.439
Italian GP,George Russell,Mercedes-AMG,63,25,92.009,Soft,0,2,309.1,28.523,34.963,28.523
Italian GP,George Russell,Mercedes-AMG,63,26,91.359,Soft,0,6,307.5,28.321,34.716,28.321
Italian GP,George Russell,Mercedes-AMG,63,27,91.877,Soft,0,5,334.7,28.482,34.913,28.482
Italian GP,George Russell,Mercedes-AMG,63,28,92.29,Intermediate,0,4,313.5,28.61,35.07,28.61
Italian GP,George Russell,Mercedes-AMG,63,29,91.801,Medium,0,5,347.6,28.458,34.884,28.458
Italian GP,George Russell,Mercedes-AMG,63,30,91.795,Hard,0,6,334.5,28.456,34.882,28.456
Italian GP,George Russell,Mercedes-AMG,63,31,91.298,Medium,0,4,302.4,28.302,34.693,28.302
Italian GP,George Russell,Mercedes-AMG,63,32,91.692,Soft,0,3,297.1,28.425,34.843,28.425
Italian GP,George Russell,Mercedes-AMG,63,33,92.028,Soft,0,9,330.5,28.529,34.971,28.529
Italian GP,George Russell,Mercedes-AMG,63,34,91.724,Soft,0,4,303.3,28.434,34.855,28.434
Italian GP,George Russell,Mercedes-AMG,63,35,91.762,Soft,0,5,338.1,28.446,34.87,28.446
Italian GP,George Russell,Mercedes-AMG,63,36,91.459,Medium,0,8,331.3,28.352,34.754,28.352
Italian GP,George Russell,Mercedes-AMG,63,37,91.796,Medium,0,13,349.7,28.457,34.882,28.457
Italian GP,George Russell,Mercedes-AMG,63,38,91.651,Intermediate,0,3,315.3,28.412,34.827,28.412
Italian GP,George Russell,Mercedes-AMG,63,39,91.344,Wet,0,6,314.3,28.317,34.711,28.317
Italian GP,George Russell,Mercedes-AMG,63,40,92.013,Medium,0,4,306.6,28.524,34.965,28.524
Italian GP,George Russell,Mercedes-AMG,63,41,92.31,Soft,0,4,304.0,28.616,35.078,28.616
Italian GP,George Russell,Mercedes-AMG,63,42,92.396,Medium,0,4,302.5,28.643,35.11,28.643
Italian GP,George Russell,Mercedes-AMG,63,43,92.317,Soft,0,3,334.6,28.618,35.08,28.618
Italian GP,George Russell,Mercedes-AMG,63,44,91.768,Hard,0,5,304.3,28.448,34.872,28.448
Italian GP,George Russell,Mercedes-AMG,63,45,92.274,Soft,0,3,330.7,28.605,35.064,28.605
Italian GP,George Russell,Mercedes-AMG,63,46,92.374,Intermediate,0,7,314.6,28.636,35.102,28.636
Italian GP,George Russell,Mercedes-AMG,63,47,91.658,Soft,0,6,301.6,28.414,34.83,28.414
Italian GP,George Russell,Mercedes-AMG,63,48,91.891,Hard,0,6,308.8,28.486,34.919,28.486
Italian GP,George Russell,Mercedes-AMG,63,49,91.556,Soft,0,5,346.6,28.382,34.791,28.382
Italian GP,George Russell,Mercedes-AMG,63,50,92.013,Medium,0,5,342.4,28.524,34.965,28.524
Italian GP,George Russell,Mercedes-AMG,63,51,91.292,Hard,0,6,341.8,28.301,34.691,28.301
Italian GP,George Russell,Mercedes-AMG,63,52,92.009,Medium,0,3,335.4,28.523,34.963,28.523
Italian GP,George Russell,Mercedes-AMG,63,53,91.543,Intermediate,0,5,296.0,28.378,34.786,28.378
Italian GP,George Russell,Mercedes-AMG,63,54,92.227,Medium,0,4,333.3,28.59,35.046,28.59
Italian GP,Fernando Alonso,Aston Martin,14,1,92.078,Hard,0,5,326.8,28.544,34.99,28.544
Italian GP,Fernando Alonso,Aston Martin,14,2,92.752,Soft,0,2,314.2,28.753,35.246,28.753
Italian GP,Fernando Alonso,Aston Martin,14,3,92.186,Intermediate,0,9,343.9,28.578,35.031,28.578
Italian GP,Fernando Alonso,Aston Martin,14,4,92.617,Medium,0,5,330.4,28.711,35.194,28.711
Italian GP,Fernando Alonso,Aston Martin,14,5,92.477,Medium,0,9,317.7,28.668,35.141,28.668
Italian GP,Fernando Alonso,Aston Martin,14,6,92.487,Medium,0,9,326.0,28.671,35.145,28.671
Italian GP,Fernando Alonso,Aston Martin,14,7,92.169,Hard,0,4,304.2,28.572,35.024,28.572
Italian GP,Fernando Alonso,Aston Martin,14,8,92.514,Soft,0,4,326.4,28.679,35.155,28.679
Italian GP,Fernando Alonso,Aston Martin,14,9,92.301,Medium,0,12,345.8,28.613,35.074,28.613
Italian GP,Fernando Alonso,Aston Martin,14,10,92.07,Soft,0,10,316.8,28.542,34.987,28.542
Italian GP,Fernando Alonso,Aston Martin,14,11,92.455,Medium,0,6,339.6,28.661,35.133,28.661
Italian GP,Fernando Alonso,Aston Martin,14,12,92.817,Soft,0,7,339.6,28.773,35.27,28.773
Italian GP,Fernando Alonso,Aston Martin,14,13,92.546,Soft,0,5,305.2,28.689,35.167,28.689
Italian GP,Fernando Alonso,Aston Martin,14,14,92.278,Soft,0,7,320.4,28.606,35.066,28.606
Italian GP,Fernando Alonso,Aston Martin,14,15,92.868,Medium,0,5,305.6,28.789,35.29,28.789
Italian GP,Fernando Alonso,Aston Martin,14,16,92.828,Medium,0,2,339.3,28.777,35.275,28.777
Italian GP,Fernando Alonso,Aston Martin,14,17,92.164,Hard,0,4,320.4,28.571,35.022,28.571
Italian GP,Fernando Alonso,Aston Martin,14,18,92.116,Medium,0,7,343.7,28.556,35.004,28.556
Italian GP,Fernando Alonso,Aston Martin,14,19,92.638,Soft,0,4,346.2,28.718,35.202,28.718
Italian GP,Fernando Alonso,Aston Martin,14,20,92.892,Intermediate,0,6,298.5,28.797,35.299,28.797
Italian GP,Fernando Alonso,Aston Martin,14,21,92.33,Medium,0,4,317.2,28.622,35.085,28.622
Italian GP,Fernando Alonso,Aston Martin,14,22,92.444,Soft,0,5,343.8,28.658,35.129,28.658
Italian GP,Fernando Alonso,Aston Martin,14,23,91.912,Soft,0,8,331.7,28.493,34.927,28.493
Italian GP,Fernando Alonso,Aston Martin,14,24,93.318,Soft,0,7,344.6,28.929,35.461,28.929
Italian GP,Fernando Alonso,Aston Martin,14,25,92.941,Hard,0,6,344.3,28.812,35.318,28.812
Italian GP,Fernando Alonso,Aston Martin,14,26,92.714,Soft,0,8,339.4,28.741,35.231,28.741
Italian GP,Fernando Alonso,Aston Martin,14,27,92.686,Medium,0,7,306.3,28.733,35.221,28.733
Italian GP,Fernando Alonso,Aston Martin,14,28,92.668,Medium,0,9,337.0,28.727,35.214,28.727
Italian GP,Fernando Alonso,Aston Martin,14,29,91.831,Medium,0,6,323.4,28.468,34.896,28.468
Italian GP,Fernando Alonso,Aston Martin,14,30,92.063,Soft,0,6,323.6,28.54,34.984,28.54
Italian GP,Fernando Alonso,Aston Martin,14,31,91.744,Soft,0,4,338.3,28.441,34.863,28.441
Italian GP,Fernando Alonso,Aston Martin,14,32,92.013,Soft,0,6,322.0,28.524,34.965,28.524
Italian GP,Fernando Alonso,Aston Martin,14,33,92.717,Soft,0,8,325.5,28.742,35.232,28.742
Italian GP,Fernando Alonso,Aston Martin,14,34,92.209,Hard,0,9,343.8,28.585,35.039,28.585
Italian GP,Fernando Alonso,Aston Martin,14,35,92.964,Hard,0,8,325.7,28.819,35.326,28.819
Italian GP,Fernando Alonso,Aston Martin,14,36,92.129,Medium,0,3,332.9,28.56,35.009,28.56
Italian GP,Fernando Alonso,Aston Martin,14,37,92.058,Soft,0,9,298.5,28.538,34.982,28.538
Italian GP,Fernando Alonso,Aston Martin,14,38,92.139,Medium,0,3,336.8,28.563,35.013,28.563
Italian GP,Fernando Alonso,Aston Martin,14,39,92.093,Medium,0,8,321.0,28.549,34.995,28.549
Italian GP,Fernando Alonso,Aston Martin,14,40,92.852,Medium,0,6,295.2,28.784,35.284,28.784
Italian GP,Fernando Alonso,Aston Martin,14,41,91.998,Medium,0,8,304.5,28.519,34.959,28.519
Italian GP,Fernando Alonso,Aston Martin,14,42,92.818,Medium,0,4,313.1,28.774,35.271,28.774
Italian GP,Fernando Alonso,Aston Martin,14,43,93.517,Hard,0,9,348.1,28.99,35.536,28.99
Italian GP,Fernando Alonso,Aston Martin,14,44,92.498,Medium,1,4,318.4,28.674,35.149,28.674
Italian GP,Fernando Alonso,Aston Martin,14,45,92.367,Hard,0,5,327.5,28.634,35.099,28.634
Italian GP,Fernando Alonso,Aston Martin,14,46,92.823,Soft,0,5,304.2,28.775,35.273,28.775
Italian GP,Fernando Alonso,Aston Martin,14,47,92.924,Hard,0,3,313.7,28.806,35.311,28.806
Italian GP,Fernando Alonso,Aston Martin,14,48,91.905,Hard,0,7,325.4,28.491,34.924,28.491
Italian GP,Fernando Alonso,Aston Martin,14,49,92.453,Medium,0,10,310.2,28.66,35.132,28.66
Italian GP,Fernando Alonso,Aston Martin,14,50,92.846,Wet,0,12,311.2,28.782,35.281,28.782
Italian GP,Fernando Alonso,Aston Martin,14,51,93.201,Soft,0,7,306.1,28.892,35.416,28.892
Italian GP,Fernando Alonso,Aston Martin,14,52,92.598,Medium,0,9,317.1,28.705,35.187,28.705
Italian GP,Fernando Alonso,Aston Martin,14,53,92.642,Wet,0,7,333.6,28.719,35.204,28.719
Italian GP,Fernando Alonso,Aston Martin,14,54,93.428,Soft,0,7,320.3,28.963,35.503,28.963
Italian GP,Yuki Tsunoda,RB,22,1,88.39,Hard,0,7,330.2,27.401,33.588,27.401
Italian GP,Yuki Tsunoda,RB,22,2,88.776,Medium,0,8,314.8,27.521,33.735,27.521
Italian GP,Yuki Tsunoda,RB,22,3,88.917,Medium,0,9,330.4,27.564,33.788,27.564
Italian GP,Yuki Tsunoda,RB,22,4,88.96,Hard,0,6,335.8,27.578,33.805,27.578
Italian GP,Yuki Tsunoda,RB,22,5,88.361,Hard,0,7,314.4,27.392,33.577,27.392
Italian GP,Yuki Tsunoda,RB,22,6,88.791,Medium,0,7,314.9,27.525,33.741,27.525
Italian GP,Yuki Tsunoda,RB,22,7,88.654,Medium,0,9,317.8,27.483,33.689,27.483
Italian GP,Yuki Tsunoda,RB,22,8,88.661,Hard,0,5,305.5,27.485,33.691,27.485
Italian GP,Yuki Tsunoda,RB,22,9,88.394,Soft,0,7,305.0,27.402,33.59,27.402
Italian GP,Yuki Tsunoda,RB,22,10,88.474,Soft,0,11,339.7,27.427,33.62,27.427
Italian GP,Yuki Tsunoda,RB,22,11,89.266,Medium,0,10,345.2,27.672,33.921,27.672
Italian GP,Yuki Tsunoda,RB,22,12,89.279,Intermediate,0,10,334.6,27.676,33.926,27.676
Italian GP,Yuki Tsunoda,RB,22,13,89.18,Soft,0,8,349.6,27.646,33.888,27.646
Italian GP,Yuki Tsunoda,RB,22,14,88.921,Soft,0,8,319.0,27.566,33.79,27.566
Italian GP,Yuki Tsunoda,RB,22,15,88.538,Medium,0,10,295.8,27.447,33.644,27.447
Italian GP,Yuki Tsunoda,RB,22,16,88.797,Hard,0,11,345.5,27.527,33.743,27.527
Italian GP,Yuki Tsunoda,RB,22,17,89.083,Hard,0,4,329.4,27.616,33.852,27.616
Italian GP,Yuki Tsunoda,RB,22,18,88.944,Medium,1,5,304.2,27.573,33.799,27.573
Italian GP,Yuki Tsunoda,RB,22,19,89.394,Soft,0,10,298.6,27.712,33.97,27.712
Italian GP,Yuki Tsunoda,RB,22,20,88.951,Medium,0,7,323.7,27.575,33.801,27.575
Italian GP,Yuki Tsunoda,RB,22,21,88.718,Wet,0,6,331.8,27.503,33.713,27.503
Italian GP,Yuki Tsunoda,RB,22,22,88.792,Hard,0,5,349.5,27.526,33.741,27.526
Italian GP,Yuki Tsunoda,RB,22,23,89.255,Hard,0,6,301.4,27.669,33.917,27.669
Italian GP,Yuki Tsunoda,RB,22,24,88.436,Medium,1,5,340.5,27.415,33.606,27.415
Italian GP,Yuki Tsunoda,RB,22,25,89.876,Hard,0,12,305.7,27.862,34.153,27.862
Italian GP,Yuki Tsunoda,RB,22,26,88.778,Hard,0,7,311.1,27.521,33.736,27.521
Italian GP,Yuki Tsunoda,RB,22,27,88.647,Medium,0,7,299.7,27.481,33.686,27.481
Italian GP,Yuki Tsunoda,RB,22,28,88.972,Hard,0,9,342.7,27.581,33.809,27.581
Italian GP,Yuki Tsunoda,RB,22,29,88.495,Hard,0,9,316.6,27.433,33.628,27.433
Italian GP,Yuki Tsunoda,RB,22,30,88.353,Hard,0,9,318.0,27.389,33.574,27.389
Italian GP,Yuki Tsunoda,RB,22,31,89.113,Medium,0,10,328.4,27.625,33.863,27.625
Italian GP,Yuki Tsunoda,RB,22,32,88.651,Soft,0,6,323.3,27.482,33.687,27.482
Italian GP,Yuki Tsunoda,RB,22,33,88.403,Soft,0,7,305.6,27.405,33.593,27.405
Italian GP,Yuki Tsunoda,RB,22,34,89.147,Soft,0,9,302.6,27.636,33.876,27.636
Italian GP,Yuki Tsunoda,RB,22,35,88.836,Soft,0,6,328.7,27.539,33.758,27.539
Italian GP,Yuki Tsunoda,RB,22,36,89.141,Medium,1,7,328.0,27.634,33.874,27.634
Italian GP,Yuki Tsunoda,RB,22,37,89.351,Soft,0,8,299.7,27.699,33.953,27.699
Italian GP,Yuki Tsunoda,RB,22,38,89.323,Medium,0,9,328.4,27.69,33.943,27.69
Italian GP,Yuki Tsunoda,RB,22,39,88.977,Medium,0,4,338.0,27.583,33.811,27.583
Italian GP,Yuki Tsunoda,RB,22,40,88.552,Medium,0,9,346.8,27.451,33.65,27.451
Italian GP,Yuki Tsunoda,RB,22,41,89.041,Soft,0,7,330.6,27.603,33.836,27.603
Italian GP,Yuki Tsunoda,RB,22,42,89.163,Soft,1,9,316.9,27.641,33.882,27.641
Italian GP,Yuki Tsunoda,RB,22,43,88.886,Medium,0,9,339.2,27.555,33.777,27.555
Italian GP,Yuki Tsunoda,RB,22,44,88.947,Soft,0,11,321.4,27.574,33.8,27.574
Italian GP,Yuki Tsunoda,RB,22,45,88.783,Medium,0,10,327.0,27.523,33.738,27.523
Italian GP,Yuki Tsunoda,RB,22,46,88.536,Medium,1,10,309.5,27.446,33.644,27.446
Italian GP,Yuki Tsunoda,RB,22,47,88.776,Medium,0,10,344.6,27.521,33.735,27.521
Italian GP,Yuki Tsunoda,RB,22,48,89.06,Soft,0,8,317.2,27.609,33.843,27.609
Italian GP,Yuki Tsunoda,RB,22,49,88.515,Medium,0,8,309.8,27.44,33.636,27.44
Italian GP,Yuki Tsunoda,RB,22,50,89.542,Medium,0,9,323.6,27.758,34.026,27.758
Italian GP,Yuki Tsunoda,RB,22,51,88.931,Intermediate,0,9,301.7,27.569,33.794,27.569
Italian GP,Yuki Tsunoda,RB,22,52,88.359,Hard,0,7,328.5,27.391,33.576,27.391
Italian GP,Yuki Tsunoda,RB,22,53,88.592,Soft,0,8,297.9,27.464,33.665,27.464
Italian GP,Yuki Tsunoda,RB,22,54,88.77,Hard,0,7,325.8,27.519,33.733,27.519
Italian GP,Yuki Tsunoda,RB,22,55,88.544,Medium,0,6,325.2,27.449,33.647,27.449
Italian GP,Yuki Tsunoda,RB,22,56,88.991,Wet,0,10,328.6,27.587,33.817,27.587
Italian GP,Yuki Tsunoda,RB,22,57,88.406,Medium,0,8,349.0,27.406,33.594,27.406
Italian GP,Yuki Tsunoda,RB,22,58,88.796,Intermediate,0,12,332.2,27.527,33.742,27.527
Italian GP,Yuki Tsunoda,RB,22,59,89.185,Medium,0,4,320.2,27.647,33.89,27.647
Italian GP,Yuki Tsunoda,RB,22,60,88.269,Medium,0,6,341.1,27.363,33.542,27.363
Italian GP,Yuki Tsunoda,RB,22,61,88.596,Intermediate,0,8,333.0,27.465,33.666,27.465
Italian GP,Yuki Tsunoda,RB,22,62,89.438,Hard,0,10,337.0,27.726,33.986,27.726
Italian GP,Yuki Tsunoda,RB,22,63,88.33,Medium,0,8,317.4,27.382,33.565,27.382
Italian GP,Yuki Tsunoda,RB,22,64,89.206,Medium,0,8,344.6,27.654,33.898,27.654
Italian GP,Yuki Tsunoda,RB,22,65,89.248,Hard,0,5,308.3,27.667,33.914,27.667
Italian GP,Alexander Albon,Williams,23,1,90.272,Medium,0,6,311.7,27.984,34.303,27.984
Italian GP,Alexander Albon,Williams,23,2,89.984,Hard,0,9,319.9,27.895,34.194,27.895
Italian GP,Alexander Albon,Williams,23,3,89.92,Intermediate,0,6,339.9,27.875,34.17,27.875
Italian GP,Alexander Albon,Williams,23,4,89.78,Hard,0,7,304.4,27.832,34.116,27.832
Italian GP,Alexander Albon,Williams,23,5,90.451,Hard,0,10,344.3,28.04,34.371,28.04
Italian GP,Alexander Albon,Williams,23,6,90.646,Hard,0,7,340.3,28.1,34.445,28.1
Italian GP,Alexander Albon,Williams,23,7,90.08,Soft,0,12,317.0,27.925,34.23,27.925
Italian GP,Alexander Albon,Williams,23,8,90.4,Soft,0,11,328.1,28.024,34.352,28.024
Italian GP,Alexander Albon,Williams,23,9,90.5,Medium,0,5,295.8,28.055,34.39,28.055
Italian GP,Alexander Albon,Williams,23,10,90.064,Medium,0,7,313.0,27.92,34.224,27.92
Italian GP,Alexander Albon,Williams,23,11,90.058,Medium,0,4,348.7,27.918,34.222,27.918
Italian GP,Alexander Albon,Williams,23,12,90.102,Medium,0,7,339.2,27.932,34.239,27.932
Italian GP,Alexander Albon,Williams,23,13,90.125,Intermediate,0,10,344.7,27.939,34.248,27.939
Italian GP,Alexander Albon,Williams,23,14,90.02,Hard,0,8,316.7,27.906,34.208,27.906
Italian GP,Alexander Albon,Williams,23,15,90.63,Hard,0,9,343.6,28.095,34.439,28.095
Italian GP,Alexander Albon,Williams,23,16,90.173,Soft,0,5,299.3,27.954,34.266,27.954
Italian GP,Alexander Albon,Williams,23,17,90.426,Hard,0,10,343.8,28.032,34.362,28.032
Italian GP,Alexander Albon,Williams,23,18,90.466,Soft,0,7,329.9,28.044,34.377,28.044
Italian GP,Alexander Albon,Williams,23,19,90.867,Medium,0,9,336.1,28.169,34.529,28.169
Italian GP,Alexander Albon,Williams,23,20,90.408,Soft,0,8,310.4,28.026,34.355,28.026
Italian GP,Alexander Albon,Williams,23,21,90.243,Soft,0,6,299.2,27.975,34.292,27.975
Italian GP,Alexander Albon,Williams,23,22,90.146,Medium,1,6,332.4,27.945,34.255,27.945
Italian GP,Alexander Albon,Williams,23,23,90.82,Hard,0,10,340.4,28.154,34.512,28.154
Italian GP,Alexander Albon,Williams,23,24,91.23,Medium,0,9,331.8,28.281,34.667,28.281
Italian GP,Alexander Albon,Williams,23,25,91.074,Medium,0,11,299.7,28.233,34.608,28.233
Italian GP,Alexander Albon,Williams,23,26,90.706,Soft,0,9,338.7,28.119,34.468,28.119
Italian GP,Alexander Albon,Williams,23,27,90.511,Hard,0,9,332.0,28.058,34.394,28.058
Italian GP,Alexander Albon,Williams,23,28,90.584,Soft,0,5,343.7,28.081,34.422,28.081
Italian GP,Alexander Albon,Williams,23,29,89.926,Medium,0,8,337.3,27.877,34.172,27.877
Italian GP,Alexander Albon,Williams,23,30,89.714,Soft,0,8,331.4,27.811,34.091,27.811
Italian GP,Alexander Albon,Williams,23,31,90.237,Hard,0,12,337.4,27.973,34.29,27.973
Italian GP,Alexander Albon,Williams,23,32,90.062,Medium,0,10,307.8,27.919,34.224,27.919
Italian GP,Alexander Albon,Williams,23,33,90.16,Soft,0,12,309.9,27.95,34.261,27.95
Italian GP,Alexander Albon,Williams,23,34,90.657,Soft,0,10,298.4,28.104,34.45,28.104
Italian GP,Alexander Albon,Williams,23,35,90.805,Soft,0,7,346.4,28.15,34.506,28.15
Italian GP,Alexander Albon,Williams,23,36,90.288,Soft,0,9,332.6,27.989,34.309,27.989
Italian GP,Alexander Albon,Williams,23,37,90.061,Soft,0,9,347.0,27.919,34.223,27.919
Italian GP,Alexander Albon,Williams,23,38,90.37,Hard,0,7,337.3,28.015,34.341,28.015
Italian GP,Alexander Albon,Williams,23,39,90.918,Hard,0,8,340.0,28.185,34.549,28.185
Italian GP,Alexander Albon,Williams,23,40,90.396,Hard,0,8,325.1,28.023,34.35,28.023
Italian GP,Alexander Albon,Williams,23,41,91.049,Medium,0,12,306.4,28.225,34.599,28.225
Italian GP,Alexander Albon,Williams,23,42,90.252,Wet,0,4,323.0,27.978,34.296,27.978
Italian GP,Alexander Albon,Williams,23,43,90.474,Soft,0,11,346.7,28.047,34.38,28.047
Italian GP,Alexander Albon,Williams,23,44,90.564,Medium,0,7,308.3,28.075,34.414,28.075
Italian GP,Alexander Albon,Williams,23,45,89.994,Hard,0,6,328.1,27.898,34.198,27.898
Italian GP,Alexander Albon,Williams,23,46,90.824,Medium,0,11,311.1,28.155,34.513,28.155
Italian GP,Alexander Albon,Williams,23,47,90.397,Medium,0,10,303.7,28.023,34.351,28.023
Italian GP,Alexander Albon,Williams,23,48,90.649,Medium,0,11,345.2,28.101,34.447,28.101
Italian GP,Alexander Albon,Williams,23,49,90.367,Medium,0,10,314.6,28.014,34.339,28.014
Italian GP,Alexander Albon,Williams,23,50,90.355,Medium,0,13,331.5,28.01,34.335,28.01
Italian GP,Alexander Albon,Williams,23,51,90.533,Hard,0,10,297.5,28.065,34.403,28.065
Italian GP,Alexander Albon,Williams,23,52,91.003,Soft,0,8,348.9,28.211,34.581,28.211
Italian GP,Alexander Albon,Williams,23,53,90.508,Hard,0,9,308.8,28.057,34.393,28.057
Italian GP,Alexander Albon,Williams,23,54,90.118,Soft,0,11,340.4,27.937,34.245,27.937
Italian GP,Alexander Albon,Williams,23,55,90.144,Medium,0,7,299.4,27.945,34.255,27.945
Italian GP,Alexander Albon,Williams,23,56,89.904,Hard,0,7,321.9,27.87,34.164,27.87
Italian GP,Alexander Albon,Williams,23,57,91.025,Soft,0,8,329.0,28.218,34.59,28.218
Italian GP,Alexander Albon,Williams,23,58,90.92,Soft,0,4,317.8,28.185,34.55,28.185
Italian GP,Nico Hulkenberg,Kick Sauber,27,1,88.612,Medium,0,10,305.1,27.47,33.673,27.47
Italian GP,Nico Hulkenberg,Kick Sauber,27,2,88.264,Hard,0,6,324.9,27.362,33.54,27.362
Italian GP,Nico Hulkenberg,Kick Sauber,27,3,89.101,Hard,0,10,295.6,27.621,33.858,27.621
Italian GP,Nico Hulkenberg,Kick Sauber,27,4,88.519,Medium,0,11,307.2,27.441,33.637,27.441
Italian GP,Nico Hulkenberg,Kick Sauber,27,5,89.173,Intermediate,0,9,341.2,27.644,33.886,27.644
Italian GP,Nico Hulkenberg,Kick Sauber,27,6,89.004,Medium,0,13,334.1,27.591,33.822,27.591
Italian GP,Nico Hulkenberg,Kick Sauber,27,7,88.236,Medium,0,7,303.2,27.353,33.53,27.353
Italian GP,Nico Hulkenberg,Kick Sauber,27,8,88.678,Soft,0,12,316.0,27.49,33.698,27.49
Italian GP,Nico Hulkenberg,Kick Sauber,27,9,88.914,Soft,0,11,338.5,27.563,33.787,27.563
Italian GP,Nico Hulkenberg,Kick Sauber,27,10,89.272,Soft,0,6,324.1,27.674,33.923,27.674
Italian GP,Nico Hulkenberg,Kick Sauber,27,11,88.34,Soft,0,15,320.3,27.385,33.569,27.385
Italian GP,Nico Hulkenberg,Kick Sauber,27,12,88.643,Medium,0,9,334.6,27.479,33.684,27.479
Italian GP,Nico Hulkenberg,Kick Sauber,27,13,88.926,Hard,0,8,309.9,27.567,33.792,27.567
Italian GP,Nico Hulkenberg,Kick Sauber,27,14,89.074,Medium,0,7,319.7,27.613,33.848,27.613
Italian GP,Nico Hulkenberg,Kick Sauber,27,15,88.889,Soft,0,9,342.9,27.556,33.778,27.556
Italian GP,Nico Hulkenberg,Kick Sauber,27,16,89.298,Intermediate,0,9,346.2,27.682,33.933,27.682
Italian GP,Nico Hulkenberg,Kick Sauber,27,17,88.105,Medium,0,10,335.8,27.313,33.48,27.313
Italian GP,Nico Hulkenberg,Kick Sauber,27,18,89.09,Hard,0,9,303.9,27.618,33.854,27.618
Italian GP,Nico Hulkenberg,Kick Sauber,27,19,88.451,Hard,0,11,309.6,27.42,33.611,27.42
Italian GP,Nico Hulkenberg,Kick Sauber,27,20,88.911,Medium,0,9,338.3,27.562,33.786,27.562
Italian GP,Nico Hulkenberg,Kick Sauber,27,21,88.288,Intermediate,0,6,314.2,27.369,33.549,27.369
Italian GP,Nico Hulkenberg,Kick Sauber,27,22,88.801,Hard,0,9,339.3,27.528,33.744,27.528
Italian GP,Nico Hulkenberg,Kick Sauber,27,23,88.525,Soft,0,5,300.7,27.443,33.64,27.443
Italian GP,Nico Hulkenberg,Kick Sauber,27,24,88.892,Soft,0,10,322.9,27.557,33.779,27.557
Italian GP,Nico Hulkenberg,Kick Sauber,27,25,89.236,Wet,0,8,332.7,27.663,33.91,27.663
Italian GP,Nico Hulkenberg,Kick Sauber,27,26,89.28,Hard,0,10,325.4,27.677,33.926,27.677
Italian GP,Nico Hulkenberg,Kick Sauber,27,27,89.088,Hard,0,12,300.9,27.617,33.853,27.617
Italian GP,Nico Hulkenberg,Kick Sauber,27,28,88.437,Hard,0,8,298.3,27.415,33.606,27.415
Italian GP,Nico Hulkenberg,Kick Sauber,27,29,88.985,Intermediate,0,12,300.1,27.585,33.814,27.585
Italian GP,Nico Hulkenberg,Kick Sauber,27,30,89.043,Medium,0,9,326.1,27.603,33.836,27.603
Italian GP,Nico Hulkenberg,Kick Sauber,27,31,89.441,Hard,0,13,344.5,27.727,33.988,27.727
Italian GP,Nico Hulkenberg,Kick Sauber,27,32,88.586,Medium,0,9,321.6,27.462,33.663,27.462
Italian GP,Nico Hulkenberg,Kick Sauber,27,33,88.15,Hard,0,8,324.4,27.327,33.497,27.327
Italian GP,Nico Hulkenberg,Kick Sauber,27,34,89.185,Hard,0,11,311.0,27.647,33.89,27.647
Italian GP,Nico Hulkenberg,Kick Sauber,27,35,88.957,Medium,0,9,326.3,27.577,33.804,27.577
Italian GP,Nico Hulkenberg,Kick Sauber,27,36,88.812,Soft,0,8,312.5,27.532,33.749,27.532
Italian GP,Nico Hulkenberg,Kick Sauber,27,37,88.924,Hard,0,9,334.5,27.566,33.791,27.566
Italian GP,Nico Hulkenberg,Kick Sauber,27,38,89.143,Soft,0,9,296.9,27.634,33.874,27.634
Italian GP,Nico Hulkenberg,Kick Sauber,27,39,89.48,Hard,0,12,300.5,27.739,34.002,27.739
Italian GP,Nico Hulkenberg,Kick Sauber,27,40,88.801,Medium,0,6,332.3,27.528,33.744,27.528
Italian GP,Nico Hulkenberg,Kick Sauber,27,41,89.223,Soft,0,10,335.1,27.659,33.905,27.659
Italian GP,Nico Hulkenberg,Kick Sauber,27,42,88.426,Medium,0,11,303.3,27.412,33.602,27.412
Italian GP,Nico Hulkenberg,Kick Sauber,27,43,88.359,Medium,0,10,332.8,27.391,33.576,27.391
Italian GP,Nico Hulkenberg,Kick Sauber,27,44,88.862,Hard,0,12,316.6,27.547,33.768,27.547
Italian GP,Nico Hulkenberg,Kick Sauber,27,45,88.631,Hard,0,9,312.7,27.476,33.68,27.476
Italian GP,Nico Hulkenberg,Kick Sauber,27,46,89.14,Hard,0,9,296.5,27.633,33.873,27.633
Italian GP,Nico Hulkenberg,Kick Sauber,27,47,88.476,Medium,0,11,346.2,27.428,33.621,27.428
Italian GP,Nico Hulkenberg,Kick Sauber,27,48,88.358,Soft,1,10,324.0,27.391,33.576,27.391
Italian GP,Nico Hulkenberg,Kick Sauber,27,49,89.155,Hard,0,9,310.6,27.638,33.879,27.638
Italian GP,Nico Hulkenberg,Kick Sauber,27,50,89.011,Soft,0,11,320.5,27.593,33.824,27.593
Italian GP,Nico Hulkenberg,Kick Sauber,27,51,88.788,Hard,0,8,296.1,27.524,33.739,27.524
Italian GP,Nico Hulkenberg,Kick Sauber,27,52,88.831,Medium,0,8,302.7,27.538,33.756,27.538
Italian GP,Nico Hulkenberg,Kick Sauber,27,53,88.893,Soft,0,8,327.1,27.557,33.779,27.557
Italian GP,Nico Hulkenberg,Kick Sauber,27,54,88.808,Medium,1,12,325.6,27.53,33.747,27.53
Italian GP,Nico Hulkenberg,Kick Sauber,27,55,88.927,Medium,0,3,321.2,27.567,33.792,27.567
Italian GP,Nico Hulkenberg,Kick Sauber,27,56,89.179,Soft,0,10,300.3,27.645,33.888,27.645
Italian GP,Nico Hulkenberg,Kick Sauber,27,57,89.097,Soft,0,10,338.9,27.62,33.857,27.62
Italian GP,Nico Hulkenberg,Kick Sauber,27,58,88.826,Soft,0,6,318.4,27.536,33.754,27.536
Italian GP,Nico Hulkenberg,Kick Sauber,27,59,88.887,Medium,0,10,323.4,27.555,33.777,27.555
Italian GP,Nico Hulkenberg,Kick Sauber,27,60,88.581,Medium,0,10,321.2,27.46,33.661,27.46
Italian GP,Nico Hulkenberg,Kick Sauber,27,61,88.57,Hard,0,11,329.6,27.457,33.657,27.457
Italian GP,Nico Hulkenberg,Kick Sauber,27,62,89.004,Soft,0,4,295.4,27.591,33.822,27.591
Italian GP,Nico Hulkenberg,Kick Sauber,27,63,89.03,Soft,0,12,334.0,27.599,33.831,27.599
Italian GP,Nico Hulkenberg,Kick Sauber,27,64,88.503,Medium,0,8,311.4,27.436,33.631,27.436
Italian GP,Nico Hulkenberg,Kick Sauber,27,65,88.887,Soft,0,11,297.6,27.555,33.777,27.555
Singapore GP,Max Verstappen,Red Bull Racing,1,1,91.128,Soft,0,2,345.6,28.25,34.629,28.25
Singapore GP,Max Verstappen,Red Bull Racing,1,2,91.675,Hard,0,1,324.5,28.419,34.837,28.419
Singapore GP,Max Verstappen,Red Bull Racing,1,3,91.593,Hard,0,2,312.0,28.394,34.805,28.394
Singapore GP,Max Verstappen,Red Bull Racing,1,4,91.742,Medium,0,1,339.4,28.44,34.862,28.44
Singapore GP,Max Verstappen,Red Bull Racing,1,5,91.653,Hard,0,1,331.0,28.412,34.828,28.412
Singapore GP,Max Verstappen,Red Bull Racing,1,6,91.465,Soft,0,3,329.6,28.354,34.757,28.354
Singapore GP,Max Verstappen,Red Bull Racing,1,7,91.402,Soft,0,1,349.1,28.335,34.733,28.335
Singapore GP,Max Verstappen,Red Bull Racing,1,8,91.198,Medium,0,1,343.8,28.271,34.655,28.271
Singapore GP,Max Verstappen,Red Bull Racing,1,9,92.014,Medium,0,1,349.8,28.524,34.965,28.524
Singapore GP,Max Verstappen,Red Bull Racing,1,10,91.771,Hard,0,1,332.5,28.449,34.873,28.449
Singapore GP,Max Verstappen,Red Bull Racing,1,11,91.591,Intermediate,0,1,345.2,28.393,34.805,28.393
Singapore GP,Max Verstappen,Red Bull Racing,1,12,91.207,Hard,0,2,327.7,28.274,34.659,28.274
Singapore GP,Max Verstappen,Red Bull Racing,1,13,91.652,Hard,0,1,340.5,28.412,34.828,28.412
Singapore GP,Max Verstappen,Red Bull Racing,1,14,91.847,Soft,0,1,320.6,28.473,34.902,28.473
Singapore GP,Max Verstappen,Red Bull Racing,1,15,91.938,Medium,0,1,319.9,28.501,34.936,28.501
Singapore GP,Max Verstappen,Red Bull Racing,1,16,92.162,Soft,0,4,312.6,28.57,35.022,28.57
Singapore GP,Max Verstappen,Red Bull Racing,1,17,91.541,Soft,0,1,315.1,28.378,34.786,28.378
Singapore GP,Max Verstappen,Red Bull Racing,1,18,91.032,Medium,0,3,323.1,28.22,34.592,28.22
Singapore GP,Max Verstappen,Red Bull Racing,1,19,90.945,Medium,0,1,320.1,28.193,34.559,28.193
Singapore GP,Max Verstappen,Red Bull Racing,1,20,91.245,Medium,0,1,329.6,28.286,34.673,28.286
Singapore GP,Max Verstappen,Red Bull Racing,1,21,91.6,Soft,0,1,298.9,28.396,34.808,28.396
Singapore GP,Max Verstappen,Red Bull Racing,1,22,91.431,Hard,0,1,306.3,28.344,34.744,28.344
Singapore GP,Max Verstappen,Red Bull Racing,1,23,91.96,Soft,1,2,309.8,28.508,34.945,28.508
Singapore GP,Max Verstappen,Red Bull Racing,1,24,92.371,Wet,0,3,298.3,28.635,35.101,28.635
Singapore GP,Max Verstappen,Red Bull Racing,1,25,91.852,Soft,0,1,329.1,28.474,34.904,28.474
Singapore GP,Max Verstappen,Red Bull Racing,1,26,91.726,Medium,0,3,331.4,28.435,34.856,28.435
Singapore GP,Max Verstappen,Red Bull Racing,1,27,91.805,Hard,0,1,327.1,28.46,34.886,28.46
Singapore GP,Max Verstappen,Red Bull Racing,1,28,91.42,Hard,0,1,321.8,28.34,34.74,28.34
Singapore GP,Max Verstappen,Red Bull Racing,1,29,91.344,Soft,0,1,337.4,28.317,34.711,28.317
Singapore GP,Max Verstappen,Red Bull Racing,1,30,91.487,Hard,0,1,314.2,28.361,34.765,28.361
Singapore GP,Max Verstappen,Red Bull Racing,1,31,91.912,Soft,0,1,330.6,28.493,34.927,28.493
Singapore GP,Max Verstappen,Red Bull Racing,1,32,91.416,Medium,0,2,312.7,28.339,34.738,28.339
Singapore GP,Max Verstappen,Red Bull Racing,1,33,90.903,Medium,0,1,299.7,28.18,34.543,28.18
Singapore GP,Max Verstappen,Red Bull Racing,1,34,91.776,Hard,0,1,298.5,28.451,34.875,28.451
Singapore GP,Max Verstappen,Red Bull Racing,1,35,91.611,Soft,0,2,305.3,28.399,34.812,28.399
Singapore GP,Max Verstappen,Red Bull Racing,1,36,91.672,Intermediate,0,1,339.5,28.418,34.835,28.418
Singapore GP,Max Verstappen,Red Bull Racing,1,37,91.007,Soft,0,5,311.5,28.212,34.583,28.212
Singapore GP,Max Verstappen,Red Bull Racing,1,38,91.224,Hard,0,1,318.1,28.279,34.665,28.279
Singapore GP,Max Verstappen,Red Bull Racing,1,39,91.606,Soft,0,1,331.1,28.398,34.81,28.398
Singapore GP,Max Verstappen,Red Bull Racing,1,40,91.727,Hard,0,1,320.1,28.435,34.856,28.435
Singapore GP,Max Verstappen,Red Bull Racing,1,41,91.861,Soft,0,1,348.0,28.477,34.907,28.477
Singapore GP,Max Verstappen,Red Bull Racing,1,42,91.905,Hard,0,1,313.2,28.491,34.924,28.491
Singapore GP,Max Verstappen,Red Bull Racing,1,43,91.859,Soft,0,2,309.8,28.476,34.906,28.476
Singapore GP,Max Verstappen,Red Bull Racing,1,44,91.302,Hard,0,2,302.0,28.304,34.695,28.304
Singapore GP,Max Verstappen,Red Bull Racing,1,45,91.038,Hard,0,1,329.1,28.222,34.594,28.222
Singapore GP,Max Verstappen,Red Bull Racing,1,46,92.238,Soft,1,1,301.4,28.594,35.05,28.594
Singapore GP,Max Verstappen,Red Bull Racing,1,47,91.799,Intermediate,0,1,333.2,28.458,34.884,28.458
Singapore GP,Max Verstappen,Red Bull Racing,1,48,91.991,Hard,0,4,332.9,28.517,34.957,28.517
Singapore GP,Max Verstappen,Red Bull Racing,1,49,91.67,Medium,0,1,316.2,28.418,34.835,28.418
Singapore GP,Max Verstappen,Red Bull Racing,1,50,91.43,Medium,0,1,331.8,28.343,34.743,28.343
Singapore GP,Max Verstappen,Red Bull Racing,1,51,91.146,Hard,0,1,297.0,28.255,34.635,28.255
Singapore GP,Max Verstappen,Red Bull Racing,1,52,91.882,Medium,0,2,322.8,28.483,34.915,28.483
Singapore GP,Max Verstappen,Red Bull Racing,1,53,91.213,Hard,0,1,305.7,28.276,34.661,28.276
Singapore GP,Max Verstappen,Red Bull Racing,1,54,91.519,Hard,0,1,308.7,28.371,34.777,28.371
Singapore GP,Max Verstappen,Red Bull Racing,1,55,92.67,Hard,0,1,341.7,28.728,35.215,28.728
Singapore GP,Max Verstappen,Red Bull Racing,1,56,91.311,Hard,0,1,302.6,28.306,34.698,28.306
Singapore GP,Max Verstappen,Red Bull Racing,1,57,91.789,Hard,0,3,296.3,28.455,34.88,28.455
Singapore GP,Max Verstappen,Red Bull Racing,1,58,91.155,Intermediate,0,1,323.9,28.258,34.639,28.258
Singapore GP,Max Verstappen,Red Bull Racing,1,59,91.891,Medium,0,3,297.5,28.486,34.919,28.486
Singapore GP,Max Verstappen,Red Bull Racing,1,60,91.357,Medium,0,5,313.7,28.321,34.716,28.321
Singapore GP,Max Verstappen,Red Bull Racing,1,61,91.558,Medium,0,1,327.2,28.383,34.792,28.383
Singapore GP,Max Verstappen,Red Bull Racing,1,62,91.088,Hard,0,1,315.5,28.237,34.613,28.237
Singapore GP,Max Verstappen,Red Bull Racing,1,63,91.597,Hard,0,1,297.2,28.395,34.807,28.395
Singapore GP,Max Verstappen,Red Bull Racing,1,64,92.087,Medium,0,1,330.7,28.547,34.993,28.547
Singapore GP,Max Verstappen,Red Bull Racing,1,65,91.314,Hard,0,2,312.9,28.307,34.699,28.307
Singapore GP,Max Verstappen,Red Bull Racing,1,66,91.695,Intermediate,0,1,308.5,28.425,34.844,28.425
Singapore GP,Max Verstappen,Red Bull Racing,1,67,91.624,Medium,0,4,334.5,28.403,34.817,28.403
Singapore GP,Max Verstappen,Red Bull Racing,1,68,91.682,Hard,0,1,319.3,28.421,34.839,28.421
Singapore GP,Max Verstappen,Red Bull Racing,1,69,91.847,Medium,0,1,325.0,28.473,34.902,28.473
Singapore GP,Charles Leclerc,Scuderia Ferrari,16,1,88.886,Wet,0,4,332.6,27.555,33.777,27.555
Singapore GP,Charles Leclerc,Scuderia Ferrari,16,2,89.467,Soft,0,1,337.7,27.735,33.997,27.735
Singapore GP,Charles Leclerc,Scuderia Ferrari,16,3,89.029,Medium,0,1,318.0,27.599,33.831,27.599
Singapore GP,Charles Leclerc,Scuderia Ferrari,16,4,88.626,Intermediate,0,8,339.3,27.474,33.678,27.474
Singapore GP,Charles Leclerc,Scuderia Ferrari,16,5,89.243,Medium,0,1,324.7,27.665,33.912,27.665
Singapore GP,Charles Leclerc,Scuderia Ferrari,16,6,89.113,Medium,0,1,334.9,27.625,33.863,27.625
Singapore GP,Charles Leclerc,Scuderia Ferrari,16,7,89.402,Medium,0,1,342.3,27.715,33.973,27.715
Singapore GP,Charles Leclerc,Scuderia Ferrari,16,8,88.793,Medium,0,1,312.5,27.526,33.741,27.526
Singapore GP,Charles Leclerc,Scuderia Ferrari,16,9,88.73,Medium,0,2,336.4,27.506,33.717,27.506
Singapore GP,Charles Leclerc,Scuderia Ferrari,16,10,89.419,Medium,0,3,318.3,27.72,33.979,27.72
Singapore GP,Charles Leclerc,Scuderia Ferrari,16,11,89.524,Soft,0,1,317.9,27.752,34.019,27.752
Singapore GP,Charles Leclerc,Scuderia Ferrari,16,12,89.117,Soft,0,5,301.0,27.626,33.864,27.626
Singapore GP,Charles Leclerc,Scuderia Ferrari,16,13,89.604,Soft,0,2,337.1,27.777,34.05,27.777
Singapore GP,Charles Leclerc,Scuderia Ferrari,16,14,89.414,Soft,0,3,333.1,27.718,33.977,27.718
Singapore GP,Charles Leclerc,Scuderia Ferrari,16,15,89.185,Medium,0,1,299.3,27.647,33.89,27.647
Singapore GP,Charles Leclerc,Scuderia Ferrari,16,16,89.941,Hard,0,4,309.8,27.882,34.178,27.882
Singapore GP,Charles Leclerc,Scuderia Ferrari,16,17,89.67,Soft,0,1,323.3,27.798,34.075,27.798
Singapore GP,Charles Leclerc,Scuderia Ferrari,16,18,89.204,Soft,0,2,300.5,27.653,33.898,27.653
Singapore GP,Charles Leclerc,Scuderia Ferrari,16,19,89.928,Soft,1,1,297.4,27.878,34.173,27.878
Singapore GP,Charles Leclerc,Scuderia Ferrari,16,20,89.253,Medium,0,1,340.7,27.668,33.916,27.668
Singapore GP,Charles Leclerc,Scuderia Ferrari,16,21,89.04,Medium,0,3,330.7,27.602,33.835,27.602
Singapore GP,Charles Leclerc,Scuderia Ferrari,16,22,89.488,Hard,0,1,310.3,27.741,34.005,27.741
Singapore GP,Charles Leclerc,Scuderia Ferrari,16,23,89.683,Medium,0,1,297.1,27.802,34.08,27.802
Singapore GP,Charles Leclerc,Scuderia Ferrari,16,24,88.594,Hard,0,1,309.8,27.464,33.666,27.464
Singapore GP,Charles Leclerc,Scuderia Ferrari,16,25,89.389,Soft,0,3,330.7,27.711,33.968,27.711
Singapore GP,Charles Leclerc,Scuderia Ferrari,16,26,89.765,Soft,0,1,324.5,27.827,34.111,27.827
Singapore GP,Charles Leclerc,Scuderia Ferrari,16,27,89.205,Hard,0,1,313.4,27.654,33.898,27.654
Singapore GP,Charles Leclerc,Scuderia Ferrari,16,28,88.997,Soft,0,2,346.0,27.589,33.819,27.589
Singapore GP,Charles Leclerc,Scuderia Ferrari,16,29,89.419,Soft,0,1,344.2,27.72,33.979,27.72
Singapore GP,Charles Leclerc,Scuderia Ferrari,16,30,89.51,Soft,0,1,331.1,27.748,34.014,27.748
Singapore GP,Charles Leclerc,Scuderia Ferrari,16,31,89.556,Soft,0,2,297.8,27.762,34.031,27.762
Singapore GP,Charles Leclerc,Scuderia Ferrari,16,32,88.816,Medium,0,1,307.0,27.533,33.75,27.533
Singapore GP,Charles Leclerc,Scuderia Ferrari,16,33,89.091,Medium,0,4,298.5,27.618,33.855,27.618
Singapore GP,Charles Leclerc,Scuderia Ferrari,16,34,89.703,Medium,0,3,311.3,27.808,34.087,27.808
Singapore GP,Charles Leclerc,Scuderia Ferrari,16,35,88.681,Hard,0,3,321.9,27.491,33.699,27.491
Singapore GP,Charles Leclerc,Scuderia Ferrari,16,36,89.782,Intermediate,1,5,320.3,27.832,34.117,27.832
Singapore GP,Charles Leclerc,Scuderia Ferrari,16,37,89.207,Medium,0,1,295.6,27.654,33.899,27.654
Singapore GP,Charles Leclerc,Scuderia Ferrari,16,38,89.684,Soft,0,3,339.4,27.802,34.08,27.802
Singapore GP,Charles Leclerc,Scuderia Ferrari,16,39,89.279,Medium,0,1,323.4,27.676,33.926,27.676
Singapore GP,Charles Leclerc,Scuderia Ferrari,16,40,88.978,Intermediate,0,6,342.6,27.583,33.812,27.583
Singapore GP,Charles Leclerc,Scuderia Ferrari,16,41,88.634,Soft,0,5,308.2,27.477,33.681,27.477
Singapore GP,Charles Leclerc,Scuderia Ferrari,16,42,89.33,Medium,0,2,340.5,27.692,33.945,27.692
Singapore GP,Charles Leclerc,Scuderia Ferrari,16,43,88.977,Hard,0,2,336.7,27.583,33.811,27.583
Singapore GP,Charles Leclerc,Scuderia Ferrari,16,44,89.709,Hard,0,4,341.5,27.81,34.089,27.81
Singapore GP,Charles Leclerc,Scuderia Ferrari,16,45,89.641,Soft,0,1,301.0,27.789,34.064,27.789
Singapore GP,Charles Leclerc,Scuderia Ferrari,16,46,89.105,Hard,0,1,309.8,27.623,33.86,27.623
Singapore GP,Charles Leclerc,Scuderia Ferrari,16,47,89.611,Soft,0,3,309.4,27.779,34.052,27.779
Singapore GP,Charles Leclerc,Scuderia Ferrari,16,48,88.811,Soft,0,2,337.6,27.531,33.748,27.531
Singapore GP,Charles Leclerc,Scuderia Ferrari,16,49,88.527,Soft,0,2,346.6,27.443,33.64,27.443
Singapore GP,Charles Leclerc,Scuderia Ferrari,16,50,89.355,Soft,0,1,313.3,27.7,33.955,27.7
Singapore GP,Charles Leclerc,Scuderia Ferrari,16,51,89.701,Soft,0,1,336.7,27.807,34.086,27.807
Singapore GP,Charles Leclerc,Scuderia Ferrari,16,52,88.615,Intermediate,0,2,305.1,27.471,33.674,27.471
Singapore GP,Lewis Hamilton,Scuderia Ferrari,44,1,89.947,Medium,0,4,344.5,27.884,34.18,27.884
Singapore GP,Lewis Hamilton,Scuderia Ferrari,44,2,90.418,Soft,0,2,344.8,28.03,34.359,28.03
Singapore GP,Lewis Hamilton,Scuderia Ferrari,44,3,89.517,Medium,0,5,316.6,27.75,34.016,27.75
Singapore GP,Lewis Hamilton,Scuderia Ferrari,44,4,89.651,Intermediate,0,1,334.7,27.792,34.067,27.792
Singapore GP,Lewis Hamilton,Scuderia Ferrari,44,5,90.39,Soft,0,1,321.9,28.021,34.348,28.021
Singapore GP,Lewis Hamilton,Scuderia Ferrari,44,6,90.162,Soft,0,2,326.5,27.95,34.262,27.95
Singapore GP,Lewis Hamilton,Scuderia Ferrari,44,7,89.884,Hard,0,2,333.0,27.864,34.156,27.864
Singapore GP,Lewis Hamilton,Scuderia Ferrari,44,8,89.9,Soft,0,4,327.7,27.869,34.162,27.869
Singapore GP,Lewis Hamilton,Scuderia Ferrari,44,9,89.738,Medium,0,1,305.8,27.819,34.1,27.819
Singapore GP,Lewis Hamilton,Scuderia Ferrari,44,10,90.535,Medium,0,5,307.0,28.066,34.403,28.066
Singapore GP,Lewis Hamilton,Scuderia Ferrari,44,11,90.159,Soft,0,6,345.6,27.949,34.26,27.949
Singapore GP,Lewis Hamilton,Scuderia Ferrari,44,12,90.56,Wet,0,2,299.1,28.074,34.413,28.074
Singapore GP,Lewis Hamilton,Scuderia Ferrari,44,13,89.859,Medium,0,5,308.8,27.856,34.146,27.856
Singapore GP,Lewis Hamilton,Scuderia Ferrari,44,14,90.415,Medium,0,1,326.6,28.029,34.358,28.029
Singapore GP,Lewis Hamilton,Scuderia Ferrari,44,15,90.691,Medium,0,5,317.8,28.114,34.463,28.114
Singapore GP,Lewis Hamilton,Scuderia Ferrari,44,16,90.543,Soft,0,5,310.3,28.068,34.406,28.068
Singapore GP,Lewis Hamilton,Scuderia Ferrari,44,17,90.937,Medium,0,4,306.4,28.19,34.556,28.19
Singapore GP,Lewis Hamilton,Scuderia Ferrari,44,18,90.835,Medium,0,2,335.2,28.159,34.517,28.159
Singapore GP,Lewis Hamilton,Scuderia Ferrari,44,19,90.28,Medium,0,1,313.7,27.987,34.306,27.987
Singapore GP,Lewis Hamilton,Scuderia Ferrari,44,20,90.199,Medium,1,1,314.0,27.962,34.276,27.962
Singapore GP,Lewis Hamilton,Scuderia Ferrari,44,21,89.91,Hard,1,1,295.8,27.872,34.166,27.872
Singapore GP,Lewis Hamilton,Scuderia Ferrari,44,22,90.081,Hard,0,1,319.0,27.925,34.231,27.925
Singapore GP,Lewis Hamilton,Scuderia Ferrari,44,23,90.312,Hard,0,3,320.7,27.997,34.319,27.997
Singapore GP,Lewis Hamilton,Scuderia Ferrari,44,24,90.418,Soft,0,2,335.7,28.03,34.359,28.03
Singapore GP,Lewis Hamilton,Scuderia Ferrari,44,25,90.38,Medium,0,1,326.4,28.018,34.344,28.018
Singapore GP,Lewis Hamilton,Scuderia Ferrari,44,26,90.542,Intermediate,0,1,336.0,28.068,34.406,28.068
Singapore GP,Lewis Hamilton,Scuderia Ferrari,44,27,90.183,Medium,0,1,344.1,27.957,34.27,27.957
Singapore GP,Lewis Hamilton,Scuderia Ferrari,44,28,90.521,Soft,0,5,314.5,28.062,34.398,28.062
Singapore GP,Lewis Hamilton,Scuderia Ferrari,44,29,89.755,Soft,0,1,331.3,27.824,34.107,27.824
Singapore GP,Lewis Hamilton,Scuderia Ferrari,44,30,90.104,Soft,0,1,347.2,27.932,34.24,27.932
Singapore GP,Lewis Hamilton,Scuderia Ferrari,44,31,89.901,Soft,0,2,318.3,27.869,34.162,27.869
Singapore GP,Lewis Hamilton,Scuderia Ferrari,44,32,89.862,Hard,0,3,348.8,27.857,34.148,27.857
Singapore GP,Lewis Hamilton,Scuderia Ferrari,44,33,89.907,Hard,0,3,302.7,27.871,34.165,27.871
Singapore GP,Lewis Hamilton,Scuderia Ferrari,44,34,89.906,Soft,0,1,333.3,27.871,34.164,27.871
Singapore GP,Lewis Hamilton,Scuderia Ferrari,44,35,90.123,Hard,0,5,305.5,27.938,34.247,27.938
Singapore GP,Lewis Hamilton,Scuderia Ferrari,44,36,89.502,Hard,0,5,324.3,27.746,34.011,27.746
Singapore GP,Lewis Hamilton,Scuderia Ferrari,44,37,90.53,Medium,0,1,336.1,28.064,34.401,28.064
Singapore GP,Lewis Hamilton,Scuderia Ferrari,44,38,90.068,Hard,0,1,310.2,27.921,34.226,27.921
Singapore GP,Lewis Hamilton,Scuderia Ferrari,44,39,90.17,Soft,0,2,330.8,27.953,34.265,27.953
Singapore GP,Lewis Hamilton,Scuderia Ferrari,44,40,89.843,Medium,0,1,297.0,27.851,34.14,27.851
Singapore GP,Lewis Hamilton,Scuderia Ferrari,44,41,89.778,Soft,0,3,335.3,27.831,34.116,27.831
Singapore GP,Lewis Hamilton,Scuderia Ferrari,44,42,90.521,Intermediate,0,1,337.4,28.062,34.398,28.062
Singapore GP,Lewis Hamilton,Scuderia Ferrari,44,43,90.447,Intermediate,0,1,301.2,28.039,34.37,28.039
Singapore GP,Lewis Hamilton,Scuderia Ferrari,44,44,90.292,Soft,1,6,309.1,27.991,34.311,27.991
Singapore GP,Lewis Hamilton,Scuderia Ferrari,44,45,90.477,Hard,0,1,319.2,28.048,34.381,28.048
Singapore GP,Lewis Hamilton,Scuderia Ferrari,44,46,90.291,Hard,0,5,350.0,27.99,34.311,27.99
Singapore GP,Lewis Hamilton,Scuderia Ferrari,44,47,90.267,Hard,0,3,310.9,27.983,34.301,27.983
Singapore GP,Lewis Hamilton,Scuderia Ferrari,44,48,89.535,Medium,0,1,332.7,27.756,34.023,27.756
Singapore GP,Lewis Hamilton,Scuderia Ferrari,44,49,90.323,Medium,0,4,306.9,28.0,34.323,28.0
Singapore GP,Lewis Hamilton,Scuderia Ferrari,44,50,90.714,Medium,0,2,316.3,28.121,34.471,28.121
Singapore GP,Lewis Hamilton,Scuderia Ferrari,44,51,90.08,Hard,0,2,309.7,27.925,34.23,27.925
Singapore GP,Lewis Hamilton,Scuderia Ferrari,44,52,89.936,Soft,0,3,296.2,27.88,34.176,27.88
Singapore GP,Lewis Hamilton,Scuderia Ferrari,44,53,90.17,Intermediate,0,3,297.8,27.953,34.265,27.953
Singapore GP,Lewis Hamilton,Scuderia Ferrari,44,54,90.406,Medium,0,4,300.8,28.026,34.354,28.026
Singapore GP,Lewis Hamilton,Scuderia Ferrari,44,55,89.584,Hard,0,5,342.6,27.771,34.042,27.771
Singapore GP,Lewis Hamilton,Scuderia Ferrari,44,56,90.613,Hard,0,3,309.5,28.09,34.433,28.09
Singapore GP,Lewis Hamilton,Scuderia Ferrari,44,57,90.28,Medium,0,1,295.6,27.987,34.306,27.987
Singapore GP,Lewis Hamilton,Scuderia Ferrari,44,58,90.773,Soft,0,2,314.1,28.14,34.494,28.14
Singapore GP,Lewis Hamilton,Scuderia Ferrari,44,59,89.65,Soft,0,8,305.3,27.792,34.067,27.792
Singapore GP,Lewis Hamilton,Scuderia Ferrari,44,60,89.759,Soft,0,4,312.6,27.825,34.108,27.825
Singapore GP,Lando Norris,McLaren,4,1,89.728,Medium,0,8,335.7,27.816,34.097,27.816
Singapore GP,Lando Norris,McLaren,4,2,89.33,Hard,0,6,339.7,27.692,33.945,27.692
Singapore GP,Lando Norris,McLaren,4,3,89.847,Intermediate,0,4,338.0,27.853,34.142,27.853
Singapore GP,Lando Norris,McLaren,4,4,90.0,Soft,0,4,296.4,27.9,34.2,27.9
Singapore GP,Lando Norris,McLaren,4,5,89.935,Medium,0,3,349.7,27.88,34.175,27.88
Singapore GP,Lando Norris,McLaren,4,6,90.166,Medium,0,1,323.6,27.951,34.263,27.951
Singapore GP,Lando Norris,McLaren,4,7,89.701,Medium,0,4,329.2,27.807,34.086,27.807
Singapore GP,Lando Norris,McLaren,4,8,89.477,Hard,0,6,303.2,27.738,34.001,27.738
Singapore GP,Lando Norris,McLaren,4,9,89.475,Soft,0,2,329.4,27.737,34.0,27.737
Singapore GP,Lando Norris,McLaren,4,10,90.388,Medium,0,4,297.1,28.02,34.347,28.02
Singapore GP,Lando Norris,McLaren,4,11,89.737,Medium,0,5,333.4,27.818,34.1,27.818
Singapore GP,Lando Norris,McLaren,4,12,89.586,Soft,0,2,322.1,27.772,34.043,27.772
Singapore GP,Lando Norris,McLaren,4,13,89.746,Medium,0,3,322.9,27.821,34.103,27.821
Singapore GP,Lando Norris,McLaren,4,14,89.999,Hard,0,1,347.8,27.9,34.2,27.9
Singapore GP,Lando Norris,McLaren,4,15,89.66,Hard,0,2,305.5,27.795,34.071,27.795
Singapore GP,Lando Norris,McLaren,4,16,90.233,Soft,0,1,304.9,27.972,34.289,27.972
Singapore GP,Lando Norris,McLaren,4,17,90.1,Hard,0,2,330.4,27.931,34.238,27.931
Singapore GP,Lando Norris,McLaren,4,18,90.005,Intermediate,0,6,335.3,27.902,34.202,27.902
Singapore GP,Lando Norris,McLaren,4,19,89.984,Medium,0,2,345.4,27.895,34.194,27.895
Singapore GP,Lando Norris,McLaren,4,20,90.335,Soft,0,4,341.8,28.004,34.327,28.004
Singapore GP,Lando Norris,McLaren,4,21,89.303,Soft,0,2,335.8,27.684,33.935,27.684
Singapore GP,Lando Norris,McLaren,4,22,89.873,Wet,0,6,344.4,27.861,34.152,27.861
Singapore GP,Lando Norris,McLaren,4,23,89.227,Medium,0,6,343.8,27.66,33.906,27.66
Singapore GP,Lando Norris,McLaren,4,24,89.774,Medium,0,5,297.4,27.83,34.114,27.83
Singapore GP,Lando Norris,McLaren,4,25,90.561,Medium,0,4,338.6,28.074,34.413,28.074
Singapore GP,Lando Norris,McLaren,4,26,89.688,Soft,0,3,313.7,27.803,34.081,27.803
Singapore GP,Lando Norris,McLaren,4,27,89.529,Soft,0,1,329.4,27.754,34.021,27.754
Singapore GP,Lando Norris,McLaren,4,28,90.0,Medium,0,7,340.6,27.9,34.2,27.9
Singapore GP,Lando Norris,McLaren,4,29,90.223,Hard,0,2,312.1,27.969,34.285,27.969
Singapore GP,Lando Norris,McLaren,4,30,90.248,Hard,0,5,309.4,27.977,34.294,27.977
Singapore GP,Lando Norris,McLaren,4,31,89.226,Soft,0,6,327.8,27.66,33.906,27.66
Singapore GP,Lando Norris,McLaren,4,32,89.234,Soft,0,2,301.0,27.663,33.909,27.663
Singapore GP,Lando Norris,McLaren,4,33,89.933,Medium,0,6,309.5,27.879,34.175,27.879
Singapore GP,Lando Norris,McLaren,4,34,90.047,Soft,0,5,310.3,27.915,34.218,27.915
Singapore GP,Lando Norris,McLaren,4,35,89.947,Medium,0,7,315.4,27.884,34.18,27.884
Singapore GP,Lando Norris,McLaren,4,36,90.041,Medium,0,3,335.6,27.913,34.216,27.913
Singapore GP,Lando Norris,McLaren,4,37,89.607,Medium,0,1,344.1,27.778,34.051,27.778
Singapore GP,Lando Norris,McLaren,4,38,89.83,Hard,0,2,297.0,27.847,34.135,27.847
Singapore GP,Lando Norris,McLaren,4,39,89.892,Medium,0,4,325.5,27.867,34.159,27.867
Singapore GP,Lando Norris,McLaren,4,40,90.415,Medium,0,4,341.9,28.029,34.358,28.029
Singapore GP,Lando Norris,McLaren,4,41,90.642,Soft,0,3,310.6,28.099,34.444,28.099
Singapore GP,Lando Norris,McLaren,4,42,89.759,Soft,0,1,325.0,27.825,34.108,27.825
Singapore GP,Lando Norris,McLaren,4,43,89.892,Hard,0,4,295.2,27.867,34.159,27.867
Singapore GP,Lando Norris,McLaren,4,44,89.351,Soft,0,7,309.1,27.699,33.953,27.699
Singapore GP,Lando Norris,McLaren,4,45,89.856,Medium,0,4,326.7,27.855,34.145,27.855
Singapore GP,Lando Norris,McLaren,4,46,90.155,Hard,1,5,301.3,27.948,34.259,27.948
Singapore GP,Lando Norris,McLaren,4,47,90.143,Medium,0,5,309.3,27.944,34.254,27.944
Singapore GP,Lando Norris,McLaren,4,48,89.263,Soft,0,4,336.0,27.672,33.92,27.672
Singapore GP,Lando Norris,McLaren,4,49,90.269,Medium,0,5,332.9,27.983,34.302,27.983
Singapore GP,Lando Norris,McLaren,4,50,90.668,Soft,0,4,296.0,28.107,34.454,28.107
Singapore GP,Lando Norris,McLaren,4,51,90.1,Intermediate,0,3,334.8,27.931,34.238,27.931
Singapore GP,Lando Norris,McLaren,4,52,89.548,Medium,0,2,314.6,27.76,34.028,27.76
Singapore GP,Lando Norris,McLaren,4,53,90.127,Hard,0,3,316.1,27.939,34.248,27.939
Singapore GP,Lando Norris,McLaren,4,54,90.015,Medium,0,4,341.7,27.905,34.206,27.905
Singapore GP,Lando Norris,McLaren,4,55,90.517,Hard,0,3,324.3,28.06,34.396,28.06
Singapore GP,Lando Norris,McLaren,4,56,89.707,Medium,0,4,338.2,27.809,34.089,27.809
Singapore GP,Lando Norris,McLaren,4,57,89.537,Hard,0,4,331.8,27.756,34.024,27.756
Singapore GP,Lando Norris,McLaren,4,58,89.519,Medium,0,5,329.1,27.751,34.017,27.751
Singapore GP,Lando Norris,McLaren,4,59,89.859,Soft,0,6,328.2,27.856,34.146,27.856
Singapore GP,Lando Norris,McLaren,4,60,89.401,Medium,0,4,331.0,27.714,33.972,27.714
Singapore GP,Lando Norris,McLaren,4,61,89.189,Soft,0,1,330.3,27.649,33.892,27.649
Singapore GP,Lando Norris,McLaren,4,62,89.521,Medium,0,3,312.5,27.752,34.018,27.752
Singapore GP,Lando Norris,McLaren,4,63,89.996,Medium,0,4,340.1,27.899,34.198,27.899
Singapore GP,Lando Norris,McLaren,4,64,89.252,Intermediate,0,1,343.1,27.668,33.916,27.668
Singapore GP,Lando Norris,McLaren,4,65,89.477,Medium,0,6,341.6,27.738,34.001,27.738
Singapore GP,Lando Norris,McLaren,4,66,90.269,Soft,0,4,308.8,27.983,34.302,27.983
Singapore GP,Lando Norris,McLaren,4,67,89.528,Soft,0,4,296.0,27.754,34.021,27.754
Singapore GP,Lando Norris,McLaren,4,68,89.765,Soft,0,6,336.1,27.827,34.111,27.827
Singapore GP,Lando Norris,McLaren,4,69,90.723,Medium,0,2,323.8,28.124,34.475,28.124
Singapore GP,Lando Norris,McLaren,4,70,89.691,Wet,0,5,328.3,27.804,34.083,27.804
Singapore GP,Lando Norris,McLaren,4,71,90.704,Soft,0,3,334.0,28.118,34.468,28.118
Singapore GP,Lando Norris,McLaren,4,72,89.702,Intermediate,1,3,321.4,27.808,34.087,27.808
Singapore GP,Lando Norris,McLaren,4,73,90.491,Soft,0,2,338.8,28.052,34.387,28.052
Singapore GP,Lando Norris,McLaren,4,74,90.442,Soft,0,7,323.4,28.037,34.368,28.037
Singapore GP,Lando Norris,McLaren,4,75,89.716,Wet,0,3,298.9,27.812,34.092,27.812
Singapore GP,Oscar Piastri,McLaren,81,1,91.837,Medium,0,6,337.8,28.469,34.898,28.469
Singapore GP,Oscar Piastri,McLaren,81,2,91.592,Intermediate,0,1,303.0,28.394,34.805,28.394
Singapore GP,Oscar Piastri,McLaren,81,3,91.897,Medium,0,7,341.4,28.488,34.921,28.488
Singapore GP,Oscar Piastri,McLaren,81,4,91.796,Hard,0,7,330.8,28.457,34.882,28.457
Singapore GP,Oscar Piastri,McLaren,81,5,91.607,Medium,0,5,313.4,28.398,34.811,28.398
Singapore GP,Oscar Piastri,McLaren,81,6,91.453,Hard,0,4,338.7,28.35,34.752,28.35
Singapore GP,Oscar Piastri,McLaren,81,7,91.935,Medium,0,5,306.5,28.5,34.935,28.5
Singapore GP,Oscar Piastri,McLaren,81,8,91.34,Soft,0,9,299.6,28.315,34.709,28.315
Singapore GP,Oscar Piastri,McLaren,81,9,91.452,Medium,0,1,303.2,28.35,34.752,28.35
Singapore GP,Oscar Piastri,McLaren,81,10,92.002,Medium,0,6,343.5,28.521,34.961,28.521
Singapore GP,Oscar Piastri,McLaren,81,11,91.754,Soft,0,3,325.0,28.444,34.867,28.444
Singapore GP,Oscar Piastri,McLaren,81,12,91.504,Medium,0,4,336.0,28.366,34.772,28.366
Singapore GP,Oscar Piastri,McLaren,81,13,92.034,Soft,0,4,296.6,28.531,34.973,28.531
Singapore GP,Oscar Piastri,McLaren,81,14,92.25,Medium,0,4,296.4,28.598,35.055,28.598
Singapore GP,Oscar Piastri,McLaren,81,15,91.969,Soft,0,4,332.2,28.51,34.948,28.51
Singapore GP,Oscar Piastri,McLaren,81,16,92.334,Intermediate,0,2,340.6,28.624,35.087,28.624
Singapore GP,Oscar Piastri,McLaren,81,17,92.124,Intermediate,0,7,321.3,28.558,35.007,28.558
Singapore GP,Oscar Piastri,McLaren,81,18,91.42,Soft,0,1,336.9,28.34,34.74,28.34
Singapore GP,Oscar Piastri,McLaren,81,19,92.335,Medium,0,6,337.9,28.624,35.087,28.624
Singapore GP,Oscar Piastri,McLaren,81,20,91.419,Hard,0,4,348.0,28.34,34.739,28.34
Singapore GP,Oscar Piastri,McLaren,81,21,92.003,Medium,0,2,316.4,28.521,34.961,28.521
Singapore GP,Oscar Piastri,McLaren,81,22,91.778,Hard,1,5,295.8,28.451,34.876,28.451
Singapore GP,Oscar Piastri,McLaren,81,23,92.664,Hard,0,1,328.3,28.726,35.212,28.726
Singapore GP,Oscar Piastri,McLaren,81,24,92.078,Medium,0,5,329.6,28.544,34.99,28.544
Singapore GP,Oscar Piastri,McLaren,81,25,91.189,Medium,1,2,296.8,28.269,34.652,28.269
Singapore GP,Oscar Piastri,McLaren,81,26,91.667,Medium,1,5,343.2,28.417,34.833,28.417
Singapore GP,Oscar Piastri,McLaren,81,27,92.211,Hard,0,3,298.7,28.585,35.04,28.585
Singapore GP,Oscar Piastri,McLaren,81,28,92.357,Medium,0,4,298.4,28.631,35.096,28.631
Singapore GP,Oscar Piastri,McLaren,81,29,91.571,Hard,0,5,319.8,28.387,34.797,28.387
Singapore GP,Oscar Piastri,McLaren,81,30,91.713,Soft,0,3,307.4,28.431,34.851,28.431
Singapore GP,Oscar Piastri,McLaren,81,31,92.099,Hard,0,4,325.2,28.551,34.998,28.551
Singapore GP,Oscar Piastri,McLaren,81,32,92.055,Hard,0,1,303.6,28.537,34.981,28.537
Singapore GP,Oscar Piastri,McLaren,81,33,91.944,Soft,0,6,323.4,28.503,34.939,28.503
Singapore GP,Oscar Piastri,McLaren,81,34,92.17,Medium,0,8,330.0,28.573,35.025,28.573
Singapore GP,Oscar Piastri,McLaren,81,35,91.592,Soft,0,10,346.6,28.394,34.805,28.394
Singapore GP,Oscar Piastri,McLaren,81,36,91.764,Hard,0,5,301.1,28.447,34.87,28.447
Singapore GP,Oscar Piastri,McLaren,81,37,91.468,Hard,0,6,299.7,28.355,34.758,28.355
Singapore GP,Oscar Piastri,McLaren,81,38,92.083,Soft,0,1,306.6,28.546,34.992,28.546
Singapore GP,Oscar Piastri,McLaren,81,39,91.615,Medium,0,8,305.9,28.401,34.814,28.401
Singapore GP,Oscar Piastri,McLaren,81,40,91.872,Soft,0,6,326.3,28.48,34.911,28.48
Singapore GP,Oscar Piastri,McLaren,81,41,91.588,Hard,0,4,318.3,28.392,34.803,28.392
Singapore GP,Oscar Piastri,McLaren,81,42,92.307,Medium,0,7,323.7,28.615,35.077,28.615
Singapore GP,Oscar Piastri,McLaren,81,43,92.351,Soft,0,4,322.6,28.629,35.093,28.629
Singapore GP,Oscar Piastri,McLaren,81,44,91.71,Medium,0,4,301.9,28.43,34.85,28.43
Singapore GP,Oscar Piastri,McLaren,81,45,92.37,Intermediate,0,5,319.2,28.635,35.101,28.635
Singapore GP,Oscar Piastri,McLaren,81,46,92.127,Soft,0,2,323.5,28.559,35.008,28.559
Singapore GP,Oscar Piastri,McLaren,81,47,91.703,Medium,0,7,333.1,28.428,34.847,28.428
Singapore GP,Oscar Piastri,McLaren,81,48,92.291,Medium,0,2,349.0,28.61,35.071,28.61
Singapore GP,Oscar Piastri,McLaren,81,49,91.386,Hard,0,2,337.8,28.33,34.727,28.33
Singapore GP,Oscar Piastri,McLaren,81,50,91.437,Wet,1,3,340.8,28.345,34.746,28.345
Singapore GP,Oscar Piastri,McLaren,81,51,91.992,Medium,0,6,342.2,28.518,34.957,28.518
Singapore GP,Oscar Piastri,McLaren,81,52,91.916,Medium,0,3,300.1,28.494,34.928,28.494
Singapore GP,Oscar Piastri,McLaren,81,53,91.277,Medium,0,2,348.6,28.296,34.685,28.296
Singapore GP,Oscar Piastri,McLaren,81,54,91.597,Soft,0,3,344.6,28.395,34.807,28.395
Singapore GP,Oscar Piastri,McLaren,81,55,91.752,Soft,0,4,303.9,28.443,34.866,28.443
Singapore GP,Oscar Piastri,McLaren,81,56,92.156,Intermediate,0,2,308.4,28.568,35.019,28.568
Singapore GP,Oscar Piastri,McLaren,81,57,91.737,Soft,0,2,347.1,28.438,34.86,28.438
Singapore GP,Oscar Piastri,McLaren,81,58,91.926,Medium,0,9,326.9,28.497,34.932,28.497
Singapore GP,Oscar Piastri,McLaren,81,59,92.074,Hard,0,3,297.3,28.543,34.988,28.543
Singapore GP,Oscar Piastri,McLaren,81,60,91.729,Medium,0,4,331.2,28.436,34.857,28.436
Singapore GP,Oscar Piastri,McLaren,81,61,91.343,Soft,0,4,339.1,28.316,34.71,28.316
Singapore GP,Oscar Piastri,McLaren,81,62,91.831,Hard,0,4,338.2,28.468,34.896,28.468
Singapore GP,Oscar Piastri,McLaren,81,63,91.664,Hard,1,6,319.0,28.416,34.832,28.416
Singapore GP,Oscar Piastri,McLaren,81,64,91.832,Hard,0,6,334.6,28.468,34.896,28.468
Singapore GP,Oscar Piastri,McLaren,81,65,91.586,Intermediate,0,4,338.1,28.392,34.803,28.392
Singapore GP,Oscar Piastri,McLaren,81,66,91.89,Medium,0,2,340.1,28.486,34.918,28.486
Singapore GP,Oscar Piastri,McLaren,81,67,92.058,Medium,0,7,328.9,28.538,34.982,28.538
Singapore GP,Oscar Piastri,McLaren,81,68,91.512,Hard,0,4,319.6,28.369,34.775,28.369
Singapore GP,Oscar Piastri,McLaren,81,69,92.03,Medium,0,8,328.1,28.529,34.971,28.529
Singapore GP,Oscar Piastri,McLaren,81,70,91.495,Medium,0,1,322.6,28.363,34.768,28.363
Singapore GP,Oscar Piastri,McLaren,81,71,91.664,Intermediate,0,5,323.1,28.416,34.832,28.416
Singapore GP,George Russell,Mercedes-AMG,63,1,91.71,Medium,0,9,300.8,28.43,34.85,28.43
Singapore GP,George Russell,Mercedes-AMG,63,2,91.88,Hard,0,5,329.2,28.483,34.914,28.483
Singapore GP,George Russell,Mercedes-AMG,63,3,91.362,Medium,0,5,334.8,28.322,34.718,28.322
Singapore GP,George Russell,Mercedes-AMG,63,4,91.914,Soft,0,6,295.3,28.493,34.927,28.493
Singapore GP,George Russell,Mercedes-AMG,63,5,91.711,Hard,0,4,295.9,28.43,34.85,28.43
Singapore GP,George Russell,Mercedes-AMG,63,6,91.813,Soft,0,5,317.9,28.462,34.889,28.462
Singapore GP,George Russell,Mercedes-AMG,63,7,91.232,Soft,0,5,301.6,28.282,34.668,28.282
Singapore GP,George Russell,Mercedes-AMG,63,8,91.338,Medium,0,4,326.8,28.315,34.708,28.315
Singapore GP,George Russell,Mercedes-AMG,63,9,92.081,Medium,0,8,328.1,28.545,34.991,28.545
Singapore GP,George Russell,Mercedes-AMG,63,10,91.325,Medium,0,6,312.4,28.311,34.703,28.311
Singapore GP,George Russell,Mercedes-AMG,63,11,91.819,Medium,0,6,324.8,28.464,34.891,28.464
Singapore GP,George Russell,Mercedes-AMG,63,12,91.29,Medium,0,7,343.9,28.3,34.69,28.3
Singapore GP,George Russell,Mercedes-AMG,63,13,91.676,Soft,0,5,313.7,28.42,34.837,28.42
Singapore GP,George Russell,Mercedes-AMG,63,14,91.834,Medium,0,4,306.6,28.469,34.897,28.469
Singapore GP,George Russell,Mercedes-AMG,63,15,92.02,Soft,0,4,344.2,28.526,34.968,28.526
Singapore GP,George Russell,Mercedes-AMG,63,16,91.18,Hard,0,6,296.8,28.266,34.648,28.266
Singapore GP,George Russell,Mercedes-AMG,63,17,91.556,Hard,0,3,314.7,28.382,34.791,28.382
Singapore GP,George Russell,Mercedes-AMG,63,18,91.815,Medium,0,4,346.0,28.463,34.89,28.463
Singapore GP,George Russell,Mercedes-AMG,63,19,91.306,Medium,0,4,309.6,28.305,34.696,28.305
Singapore GP,George Russell,Mercedes-AMG,63,20,92.094,Medium,0,10,332.6,28.549,34.996,28.549
Singapore GP,George Russell,Mercedes-AMG,63,21,91.145,Hard,0,1,336.6,28.255,34.635,28.255
Singapore GP,George Russell,Mercedes-AMG,63,22,92.06,Medium,0,5,305.9,28.539,34.983,28.539
Singapore GP,George Russell,Mercedes-AMG,63,23,91.24,Medium,0,9,333.1,28.284,34.671,28.284
Singapore GP,George Russell,Mercedes-AMG,63,24,92.148,Medium,0,6,303.5,28.566,35.016,28.566
Singapore GP,George Russell,Mercedes-AMG,63,25,91.713,Medium,0,7,309.4,28.431,34.851,28.431
Singapore GP,George Russell,Mercedes-AMG,63,26,91.147,Soft,1,6,332.2,28.256,34.636,28.256
Singapore GP,George Russell,Mercedes-AMG,63,27,91.932,Medium,0,4,321.6,28.499,34.934,28.499
Singapore GP,George Russell,Mercedes-AMG,63,28,91.879,Medium,0,1,321.3,28.482,34.914,28.482
Singapore GP,George Russell,Mercedes-AMG,63,29,91.257,Soft,0,6,315.3,28.29,34.678,28.29
Singapore GP,George Russell,Mercedes-AMG,63,30,91.604,Medium,0,4,333.1,28.397,34.81,28.397
Singapore GP,George Russell,Mercedes-AMG,63,31,91.356,Medium,0,4,309.1,28.32,34.715,28.32
Singapore GP,George Russell,Mercedes-AMG,63,32,91.274,Hard,0,5,295.8,28.295,34.684,28.295
Singapore GP,George Russell,Mercedes-AMG,63,33,91.448,Soft,0,9,299.1,28.349,34.75,28.349
Singapore GP,George Russell,Mercedes-AMG,63,34,91.851,Medium,0,10,311.7,28.474,34.903,28.474
Singapore GP,George Russell,Mercedes-AMG,63,35,92.172,Hard,0,6,331.6,28.573,35.025,28.573
Singapore GP,George Russell,Mercedes-AMG,63,36,91.587,Soft,0,5,304.1,28.392,34.803,28.392
Singapore GP,George Russell,Mercedes-AMG,63,37,92.0,Medium,0,3,341.3,28.52,34.96,28.52
Singapore GP,George Russell,Mercedes-AMG,63,38,91.254,Intermediate,0,6,319.5,28.289,34.677,28.289
Singapore GP,George Russell,Mercedes-AMG,63,39,91.107,Soft,0,9,301.7,28.243,34.621,28.243
Singapore GP,George Russell,Mercedes-AMG,63,40,91.025,Hard,0,5,301.1,28.218,34.59,28.218
Singapore GP,George Russell,Mercedes-AMG,63,41,91.529,Soft,0,1,327.9,28.374,34.781,28.374
Singapore GP,George Russell,Mercedes-AMG,63,42,91.641,Hard,0,7,302.2,28.409,34.824,28.409
Singapore GP,George Russell,Mercedes-AMG,63,43,91.828,Hard,0,7,323.4,28.467,34.895,28.467
Singapore GP,George Russell,Mercedes-AMG,63,44,91.047,Hard,0,2,348.7,28.225,34.598,28.225
Singapore GP,George Russell,Mercedes-AMG,63,45,91.317,Hard,0,6,349.0,28.308,34.7,28.308
Singapore GP,George Russell,Mercedes-AMG,63,46,92.329,Soft,0,6,335.0,28.622,35.085,28.622
Singapore GP,George Russell,Mercedes-AMG,63,47,91.278,Soft,0,5,310.5,28.296,34.686,28.296
Singapore GP,George Russell,Mercedes-AMG,63,48,91.489,Hard,0,4,331.4,28.362,34.766,28.362
Singapore GP,George Russell,Mercedes-AMG,63,49,91.081,Hard,0,8,313.9,28.235,34.611,28.235
Singapore GP,George Russell,Mercedes-AMG,63,50,91.871,Intermediate,0,5,303.9,28.48,34.911,28.48
Singapore GP,George Russell,Mercedes-AMG,63,51,91.093,Soft,0,3,322.1,28.239,34.615,28.239
Singapore GP,George Russell,Mercedes-AMG,63,52,91.375,Soft,0,1,347.4,28.326,34.723,28.326
Singapore GP,George Russell,Mercedes-AMG,63,53,92.351,Medium,0,8,345.4,28.629,35.093,28.629
Singapore GP,George Russell,Mercedes-AMG,63,54,91.832,Medium,0,7,315.5,28.468,34.896,28.468
Singapore GP,George Russell,Mercedes-AMG,63,55,91.238,Medium,0,6,304.2,28.284,34.67,28.284
Singapore GP,George Russell,Mercedes-AMG,63,56,91.489,Soft,0,5,321.6,28.362,34.766,28.362
Singapore GP,George Russell,Mercedes-AMG,63,57,91.004,Hard,0,4,345.9,28.211,34.582,28.211
Singapore GP,George Russell,Mercedes-AMG,63,58,91.408,Soft,0,3,328.9,28.336,34.735,28.336
Singapore GP,George Russell,Mercedes-AMG,63,59,91.286,Hard,0,5,334.5,28.299,34.689,28.299
Singapore GP,George Russell,Mercedes-AMG,63,60,91.52,Hard,0,1,336.4,28.371,34.778,28.371
Singapore GP,George Russell,Mercedes-AMG,63,61,91.449,Hard,0,4,302.5,28.349,34.751,28.349
Singapore GP,George Russell,Mercedes-AMG,63,62,91.249,Hard,0,5,341.7,28.287,34.675,28.287
Singapore GP,George Russell,Mercedes-AMG,63,63,91.177,Soft,0,7,318.3,28.265,34.647,28.265
Singapore GP,George Russell,Mercedes-AMG,63,64,91.393,Medium,0,5,322.6,28.332,34.729,28.332
Singapore GP,George Russell,Mercedes-AMG,63,65,91.428,Hard,0,7,335.6,28.343,34.743,28.343
Singapore GP,George Russell,Mercedes-AMG,63,66,91.119,Hard,0,8,297.9,28.247,34.625,28.247
Singapore GP,George Russell,Mercedes-AMG,63,67,91.773,Intermediate,0,8,328.7,28.45,34.874,28.45
Singapore GP,George Russell,Mercedes-AMG,63,68,91.522,Hard,0,6,330.6,28.372,34.778,28.372
Singapore GP,George Russell,Mercedes-AMG,63,69,91.333,Soft,0,6,333.0,28.313,34.707,28.313
Singapore GP,George Russell,Mercedes-AMG,63,70,91.87,Soft,0,4,333.9,28.48,34.911,28.48
Singapore GP,George Russell,Mercedes-AMG,63,71,91.405,Soft,0,7,319.4,28.336,34.734,28.336
Singapore GP,George Russell,Mercedes-AMG,63,72,91.145,Medium,0,9,329.9,28.255,34.635,28.255
Singapore GP,George Russell,Mercedes-AMG,63,73,91.11,Hard,0,6,339.8,28.244,34.622,28.244
Singapore GP,George Russell,Mercedes-AMG,63,74,91.452,Intermediate,0,9,346.3,28.35,34.752,28.35
Singapore GP,George Russell,Mercedes-AMG,63,75,91.733,Soft,0,2,299.7,28.437,34.859,28.437
Singapore GP,Fernando Alonso,Aston Martin,14,1,92.507,Soft,0,4,335.6,28.677,35.153,28.677
Singapore GP,Fernando Alonso,Aston Martin,14,2,91.854,Hard,0,8,297.2,28.475,34.905,28.475
Singapore GP,Fernando Alonso,Aston Martin,14,3,92.544,Hard,0,7,344.4,28.689,35.167,28.689
Singapore GP,Fernando Alonso,Aston Martin,14,4,92.056,Intermediate,0,9,308.2,28.537,34.981,28.537
Singapore GP,Fernando Alonso,Aston Martin,14,5,92.19,Medium,0,6,346.5,28.579,35.032,28.579
Singapore GP,Fernando Alonso,Aston Martin,14,6,91.972,Soft,0,5,342.9,28.511,34.949,28.511
Singapore GP,Fernando Alonso,Aston Martin,14,7,92.159,Hard,0,6,334.1,28.569,35.02,28.569
Singapore GP,Fernando Alonso,Aston Martin,14,8,92.508,Medium,0,3,322.3,28.677,35.153,28.677
Singapore GP,Fernando Alonso,Aston Martin,14,9,91.761,Medium,0,4,329.5,28.446,34.869,28.446
Singapore GP,Fernando Alonso,Aston Martin,14,10,92.694,Medium,0,8,329.8,28.735,35.224,28.735
Singapore GP,Fernando Alonso,Aston Martin,14,11,91.79,Medium,0,8,337.6,28.455,34.88,28.455
Singapore GP,Fernando Alonso,Aston Martin,14,12,91.996,Soft,0,7,317.3,28.519,34.958,28.519
Singapore GP,Fernando Alonso,Aston Martin,14,13,92.298,Medium,0,3,338.2,28.612,35.073,28.612
Singapore GP,Fernando Alonso,Aston Martin,14,14,92.236,Soft,0,6,323.9,28.593,35.05,28.593
Singapore GP,Fernando Alonso,Aston Martin,14,15,92.625,Soft,0,4,320.5,28.714,35.197,28.714
Singapore GP,Fernando Alonso,Aston Martin,14,16,92.396,Soft,0,9,320.5,28.643,35.11,28.643
Singapore GP,Fernando Alonso,Aston Martin,14,17,92.273,Medium,0,5,330.2,28.605,35.064,28.605
Singapore GP,Fernando Alonso,Aston Martin,14,18,92.004,Hard,0,4,340.1,28.521,34.962,28.521
Singapore GP,Fernando Alonso,Aston Martin,14,19,92.624,Medium,0,7,331.4,28.713,35.197,28.713
Singapore GP,Fernando Alonso,Aston Martin,14,20,92.12,Medium,0,5,321.2,28.557,35.006,28.557
Singapore GP,Fernando Alonso,Aston Martin,14,21,92.955,Medium,0,9,313.6,28.816,35.323,28.816
Singapore GP,Fernando Alonso,Aston Martin,14,22,91.539,Medium,0,5,337.7,28.377,34.785,28.377
Singapore GP,Fernando Alonso,Aston Martin,14,23,91.979,Intermediate,0,4,301.0,28.513,34.952,28.513
Singapore GP,Fernando Alonso,Aston Martin,14,24,92.171,Medium,0,2,309.2,28.573,35.025,28.573
Singapore GP,Fernando Alonso,Aston Martin,14,25,92.821,Intermediate,0,6,313.0,28.775,35.272,28.775
Singapore GP,Fernando Alonso,Aston Martin,14,26,91.996,Medium,0,5,312.6,28.519,34.958,28.519
Singapore GP,Fernando Alonso,Aston Martin,14,27,91.664,Hard,0,4,306.9,28.416,34.832,28.416
Singapore GP,Fernando Alonso,Aston Martin,14,28,92.311,Hard,0,9,305.2,28.616,35.078,28.616
Singapore GP,Fernando Alonso,Aston Martin,14,29,91.749,Soft,0,8,297.3,28.442,34.865,28.442
Singapore GP,Fernando Alonso,Aston Martin,14,30,91.877,Soft,0,6,334.8,28.482,34.913,28.482
Singapore GP,Fernando Alonso,Aston Martin,14,31,92.176,Medium,0,9,319.2,28.575,35.027,28.575
Singapore GP,Fernando Alonso,Aston Martin,14,32,92.148,Wet,0,8,335.4,28.566,35.016,28.566
Singapore GP,Fernando Alonso,Aston Martin,14,33,92.521,Medium,0,5,298.3,28.682,35.158,28.682
Singapore GP,Fernando Alonso,Aston Martin,14,34,91.946,Medium,0,4,345.1,28.503,34.939,28.503
Singapore GP,Fernando Alonso,Aston Martin,14,35,92.789,Medium,0,8,323.6,28.765,35.26,28.765
Singapore GP,Fernando Alonso,Aston Martin,14,36,92.026,Medium,0,7,299.0,28.528,34.97,28.528
Singapore GP,Fernando Alonso,Aston Martin,14,37,92.541,Hard,0,7,324.6,28.688,35.166,28.688
Singapore GP,Fernando Alonso,Aston Martin,14,38,92.527,Soft,0,5,302.9,28.683,35.16,28.683
Singapore GP,Fernando Alonso,Aston Martin,14,39,92.116,Hard,0,8,312.3,28.556,35.004,28.556
Singapore GP,Fernando Alonso,Aston Martin,14,40,92.615,Hard,0,5,296.5,28.711,35.194,28.711
Singapore GP,Fernando Alonso,Aston Martin,14,41,91.857,Soft,0,6,309.9,28.476,34.906,28.476
Singapore GP,Fernando Alonso,Aston Martin,14,42,92.034,Soft,0,9,306.9,28.531,34.973,28.531
Singapore GP,Fernando Alonso,Aston Martin,14,43,92.383,Soft,0,5,320.7,28.639,35.106,28.639
Singapore GP,Fernando Alonso,Aston Martin,14,44,92.785,Hard,0,3,346.3,28.763,35.258,28.763
Singapore GP,Fernando Alonso,Aston Martin,14,45,92.037,Soft,0,4,349.1,28.531,34.974,28.531
Singapore GP,Fernando Alonso,Aston Martin,14,46,92.518,Intermediate,0,8,337.0,28.681,35.157,28.681
Singapore GP,Fernando Alonso,Aston Martin,14,47,91.775,Soft,0,7,304.5,28.45,34.875,28.45
Singapore GP,Fernando Alonso,Aston Martin,14,48,92.421,Medium,0,6,303.1,28.651,35.12,28.651
Singapore GP,Fernando Alonso,Aston Martin,14,49,92.049,Soft,0,5,339.1,28.535,34.979,28.535
Singapore GP,Fernando Alonso,Aston Martin,14,50,92.818,Soft,0,7,332.5,28.774,35.271,28.774
Singapore GP,Fernando Alonso,Aston Martin,14,51,92.553,Soft,0,5,345.9,28.691,35.17,28.691
Singapore GP,Fernando Alonso,Aston Martin,14,52,92.175,Hard,0,7,329.7,28.574,35.026,28.574
Singapore GP,Fernando Alonso,Aston Martin,14,53,92.116,Hard,0,5,298.1,28.556,35.004,28.556
Singapore GP,Fernando Alonso,Aston Martin,14,54,91.806,Medium,0,5,328.7,28.46,34.886,28.46
Singapore GP,Fernando Alonso,Aston Martin,14,55,92.313,Soft,0,5,348.1,28.617,35.079,28.617
Singapore GP,Fernando Alonso,Aston Martin,14,56,92.157,Wet,0,6,311.2,28.569,35.02,28.569
Singapore GP,Fernando Alonso,Aston Martin,14,57,92.068,Medium,0,6,304.2,28.541,34.986,28.541
Singapore GP,Fernando Alonso,Aston Martin,14,58,92.434,Medium,0,7,312.7,28.655,35.125,28.655
Singapore GP,Fernando Alonso,Aston Martin,14,59,92.285,Soft,0,1,316.8,28.608,35.068,28.608
Singapore GP,Fernando Alonso,Aston Martin,14,60,92.954,Hard,0,5,311.2,28.816,35.323,28.816
Singapore GP,Fernando Alonso,Aston Martin,14,61,91.919,Medium,0,6,312.6,28.495,34.929,28.495
Singapore GP,Yuki Tsunoda,RB,22,1,89.296,Medium,0,11,336.8,27.682,33.932,27.682
Singapore GP,Yuki Tsunoda,RB,22,2,89.165,Soft,0,5,328.2,27.641,33.883,27.641
Singapore GP,Yuki Tsunoda,RB,22,3,88.857,Intermediate,0,8,317.3,27.546,33.766,27.546
Singapore GP,Yuki Tsunoda,RB,22,4,89.503,Soft,0,10,345.8,27.746,34.011,27.746
Singapore GP,Yuki Tsunoda,RB,22,5,88.79,Medium,0,5,348.2,27.525,33.74,27.525
Singapore GP,Yuki Tsunoda,RB,22,6,89.068,Hard,0,8,303.8,27.611,33.846,27.611
Singapore GP,Yuki Tsunoda,RB,22,7,89.767,Hard,0,6,348.7,27.828,34.111,27.828
Singapore GP,Yuki Tsunoda,RB,22,8,88.786,Medium,0,6,307.9,27.524,33.739,27.524
Singapore GP,Yuki Tsunoda,RB,22,9,88.891,Hard,0,6,321.0,27.556,33.779,27.556
Singapore GP,Yuki Tsunoda,RB,22,10,89.44,Medium,0,6,341.9,27.726,33.987,27.726
Singapore GP,Yuki Tsunoda,RB,22,11,89.252,Medium,0,13,347.0,27.668,33.916,27.668
Singapore GP,Yuki Tsunoda,RB,22,12,89.336,Soft,0,9,297.7,27.694,33.948,27.694
Singapore GP,Yuki Tsunoda,RB,22,13,89.271,Medium,0,10,331.2,27.674,33.923,27.674
Singapore GP,Yuki Tsunoda,RB,22,14,89.719,Medium,0,8,297.0,27.813,34.093,27.813
Singapore GP,Yuki Tsunoda,RB,22,15,89.028,Soft,0,4,306.9,27.599,33.831,27.599
Singapore GP,Yuki Tsunoda,RB,22,16,89.71,Medium,0,8,326.8,27.81,34.09,27.81
Singapore GP,Yuki Tsunoda,RB,22,17,90.096,Hard,0,10,343.1,27.93,34.236,27.93
Singapore GP,Yuki Tsunoda,RB,22,18,89.406,Medium,0,6,328.6,27.716,33.974,27.716
Singapore GP,Yuki Tsunoda,RB,22,19,90.044,Hard,0,9,306.8,27.914,34.217,27.914
Singapore GP,Yuki Tsunoda,RB,22,20,89.276,Hard,0,9,299.7,27.676,33.925,27.676
Singapore GP,Yuki Tsunoda,RB,22,21,89.287,Intermediate,0,11,345.6,27.679,33.929,27.679
Singapore GP,Yuki Tsunoda,RB,22,22,89.287,Hard,0,7,325.9,27.679,33.929,27.679
Singapore GP,Yuki Tsunoda,RB,22,23,89.337,Soft,0,5,319.1,27.694,33.948,27.694
Singapore GP,Yuki Tsunoda,RB,22,24,88.95,Soft,0,7,314.8,27.575,33.801,27.575
Singapore GP,Yuki Tsunoda,RB,22,25,89.104,Hard,1,10,304.9,27.622,33.86,27.622
Singapore GP,Yuki Tsunoda,RB,22,26,88.994,Medium,0,4,312.6,27.588,33.818,27.588
Singapore GP,Yuki Tsunoda,RB,22,27,89.648,Soft,0,3,326.2,27.791,34.066,27.791
Singapore GP,Yuki Tsunoda,RB,22,28,89.177,Hard,0,8,313.6,27.645,33.887,27.645
Singapore GP,Yuki Tsunoda,RB,22,29,89.406,Soft,0,7,340.8,27.716,33.974,27.716
Singapore GP,Yuki Tsunoda,RB,22,30,88.994,Medium,0,8,339.7,27.588,33.818,27.588
Singapore GP,Yuki Tsunoda,RB,22,31,89.576,Hard,0,9,341.4,27.769,34.039,27.769
Singapore GP,Yuki Tsunoda,RB,22,32,89.001,Intermediate,0,6,348.7,27.59,33.82,27.59
Singapore GP,Yuki Tsunoda,RB,22,33,89.205,Hard,0,4,319.9,27.654,33.898,27.654
Singapore GP,Yuki Tsunoda,RB,22,34,89.123,Hard,0,12,309.5,27.628,33.867,27.628
Singapore GP,Yuki Tsunoda,RB,22,35,89.111,Soft,0,6,346.5,27.624,33.862,27.624
Singapore GP,Yuki Tsunoda,RB,22,36,89.471,Medium,0,5,348.3,27.736,33.999,27.736
Singapore GP,Yuki Tsunoda,RB,22,37,89.749,Medium,0,10,314.5,27.822,34.105,27.822
Singapore GP,Yuki Tsunoda,RB,22,38,89.337,Wet,0,7,327.2,27.694,33.948,27.694
Singapore GP,Yuki Tsunoda,RB,22,39,88.913,Soft,0,7,349.1,27.563,33.787,27.563
Singapore GP,Yuki Tsunoda,RB,22,40,89.863,Soft,0,8,335.6,27.858,34.148,27.858
Singapore GP,Yuki Tsunoda,RB,22,41,89.571,Soft,0,10,341.8,27.767,34.037,27.767
Singapore GP,Yuki Tsunoda,RB,22,42,88.798,Medium,0,7,334.0,27.527,33.743,27.527
Singapore GP,Yuki Tsunoda,RB,22,43,89.021,Hard,0,11,302.2,27.597,33.828,27.597
Singapore GP,Yuki Tsunoda,RB,22,44,89.655,Hard,0,3,348.5,27.793,34.069,27.793
Singapore GP,Yuki Tsunoda,RB,22,45,89.791,Hard,0,9,345.4,27.835,34.121,27.835
Singapore GP,Yuki Tsunoda,RB,22,46,88.691,Medium,0,6,331.4,27.494,33.703,27.494
Singapore GP,Yuki Tsunoda,RB,22,47,89.866,Medium,0,10,335.5,27.858,34.149,27.858
Singapore GP,Yuki Tsunoda,RB,22,48,88.748,Soft,0,8,335.5,27.512,33.724,27.512
Singapore GP,Yuki Tsunoda,RB,22,49,89.108,Hard,0,6,349.2,27.623,33.861,27.623
Singapore GP,Yuki Tsunoda,RB,22,50,88.732,Medium,0,9,328.3,27.507,33.718,27.507
Singapore GP,Yuki Tsunoda,RB,22,51,88.968,Intermediate,0,9,336.8,27.58,33.808,27.58
Singapore GP,Yuki Tsunoda,RB,22,52,88.812,Medium,0,9,342.6,27.532,33.749,27.532
Singapore GP,Yuki Tsunoda,RB,22,53,89.416,Medium,0,5,312.8,27.719,33.978,27.719
Singapore GP,Yuki Tsunoda,RB,22,54,88.997,Medium,0,7,332.9,27.589,33.819,27.589
Singapore GP,Yuki Tsunoda,RB,22,55,89.697,Soft,0,7,313.8,27.806,34.085,27.806
Singapore GP,Yuki Tsunoda,RB,22,56,89.221,Medium,0,7,301.5,27.659,33.904,27.659
Singapore GP,Yuki Tsunoda,RB,22,57,89.301,Soft,0,9,348.5,27.683,33.934,27.683
Singapore GP,Yuki Tsunoda,RB,22,58,89.021,Soft,0,3,300.9,27.597,33.828,27.597
Singapore GP,Yuki Tsunoda,RB,22,59,89.533,Medium,0,8,306.9,27.755,34.023,27.755
Singapore GP,Yuki Tsunoda,RB,22,60,88.863,Medium,0,7,341.7,27.548,33.768,27.548
Singapore GP,Yuki Tsunoda,RB,22,61,89.246,Soft,0,6,308.3,27.666,33.913,27.666
Singapore GP,Yuki Tsunoda,RB,22,62,89.193,Hard,0,6,316.0,27.65,33.893,27.65
Singapore GP,Yuki Tsunoda,RB,22,63,89.454,Medium,0,7,328.3,27.731,33.993,27.731
Singapore GP,Yuki Tsunoda,RB,22,64,89.858,Soft,0,1,338.4,27.856,34.146,27.856
Singapore GP,Alexander Albon,Williams,23,1,90.646,Medium,0,7,302.7,28.1,34.445,28.1
Singapore GP,Alexander Albon,Williams,23,2,90.135,Soft,0,7,325.5,27.942,34.251,27.942
Singapore GP,Alexander Albon,Williams,23,3,90.098,Hard,0,10,330.5,27.93,34.237,27.93
Singapore GP,Alexander Albon,Williams,23,4,90.939,Medium,0,7,316.2,28.191,34.557,28.191
Singapore GP,Alexander Albon,Williams,23,5,90.329,Hard,0,8,328.4,28.002,34.325,28.002
Singapore GP,Alexander Albon,Williams,23,6,90.467,Hard,0,12,348.6,28.045,34.377,28.045
Singapore GP,Alexander Albon,Williams,23,7,90.446,Hard,0,10,301.2,28.038,34.369,28.038
Singapore GP,Alexander Albon,Williams,23,8,90.89,Intermediate,0,10,307.5,28.176,34.538,28.176
Singapore GP,Alexander Albon,Williams,23,9,90.45,Medium,0,8,319.2,28.04,34.371,28.04
Singapore GP,Alexander Albon,Williams,23,10,90.311,Soft,0,10,328.9,27.996,34.318,27.996
Singapore GP,Alexander Albon,Williams,23,11,90.799,Soft,0,8,313.2,28.148,34.504,28.148
Singapore GP,Alexander Albon,Williams,23,12,90.881,Soft,0,8,346.7,28.173,34.535,28.173
Singapore GP,Alexander Albon,Williams,23,13,91.31,Medium,0,9,344.2,28.306,34.698,28.306
Singapore GP,Alexander Albon,Williams,23,14,90.531,Hard,0,7,329.0,28.065,34.402,28.065
Singapore GP,Alexander Albon,Williams,23,15,90.953,Hard,0,11,308.6,28.195,34.562,28.195
Singapore GP,Alexander Albon,Williams,23,16,90.745,Hard,0,8,302.8,28.131,34.483,28.131
Singapore GP,Alexander Albon,Williams,23,17,90.925,Soft,0,10,304.7,28.187,34.551,28.187
Singapore GP,Alexander Albon,Williams,23,18,90.641,Soft,0,11,315.4,28.099,34.444,28.099
Singapore GP,Alexander Albon,Williams,23,19,91.03,Hard,0,11,348.7,28.219,34.591,28.219
Singapore GP,Alexander Albon,Williams,23,20,91.509,Medium,0,6,328.8,28.368,34.773,28.368
Singapore GP,Alexander Albon,Williams,23,21,90.542,Soft,0,9,328.4,28.068,34.406,28.068
Singapore GP,Alexander Albon,Williams,23,22,91.152,Medium,1,10,301.7,28.257,34.638,28.257
Singapore GP,Alexander Albon,Williams,23,23,90.778,Soft,0,10,299.7,28.141,34.496,28.141
Singapore GP,Alexander Albon,Williams,23,24,90.965,Medium,0,6,334.7,28.199,34.567,28.199
Singapore GP,Alexander Albon,Williams,23,25,90.656,Medium,0,7,345.0,28.103,34.449,28.103
Singapore GP,Alexander Albon,Williams,23,26,89.98,Soft,0,10,303.7,27.894,34.192,27.894
Singapore GP,Alexander Albon,Williams,23,27,91.198,Intermediate,0,7,306.1,28.271,34.655,28.271
Singapore GP,Alexander Albon,Williams,23,28,90.566,Intermediate,0,8,297.7,28.075,34.415,28.075
Singapore GP,Alexander Albon,Williams,23,29,90.606,Medium,0,12,312.6,28.088,34.43,28.088
Singapore GP,Alexander Albon,Williams,23,30,90.342,Hard,0,8,329.2,28.006,34.33,28.006
Singapore GP,Alexander Albon,Williams,23,31,90.192,Hard,0,7,310.4,27.96,34.273,27.96
Singapore GP,Alexander Albon,Williams,23,32,90.726,Soft,0,7,322.4,28.125,34.476,28.125
Singapore GP,Alexander Albon,Williams,23,33,90.463,Medium,0,9,299.8,28.044,34.376,28.044
Singapore GP,Alexander Albon,Williams,23,34,90.323,Medium,0,6,297.5,28.0,34.323,28.0
Singapore GP,Alexander Albon,Williams,23,35,90.223,Hard,0,8,304.7,27.969,34.285,27.969
Singapore GP,Alexander Albon,Williams,23,36,91.071,Medium,0,9,321.5,28.232,34.607,28.232
Singapore GP,Alexander Albon,Williams,23,37,90.468,Medium,0,11,314.0,28.045,34.378,28.045
Singapore GP,Alexander Albon,Williams,23,38,91.147,Soft,0,10,340.4,28.256,34.636,28.256
Singapore GP,Alexander Albon,Williams,23,39,91.04,Soft,0,7,324.9,28.222,34.595,28.222
Singapore GP,Alexander Albon,Williams,23,40,91.398,Medium,0,11,306.4,28.333,34.731,28.333
Singapore GP,Alexander Albon,Williams,23,41,91.196,Medium,0,8,299.9,28.271,34.654,28.271
Singapore GP,Alexander Albon,Williams,23,42,90.877,Medium,0,6,331.4,28.172,34.533,28.172
Singapore GP,Alexander Albon,Williams,23,43,90.671,Medium,0,8,343.1,28.108,34.455,28.108
Singapore GP,Alexander Albon,Williams,23,44,90.822,Medium,0,11,335.7,28.155,34.512,28.155
Singapore GP,Alexander Albon,Williams,23,45,90.714,Hard,0,9,347.6,28.121,34.471,28.121
Singapore GP,Alexander Albon,Williams,23,46,90.894,Soft,0,9,329.4,28.177,34.54,28.177
Singapore GP,Alexander Albon,Williams,23,47,90.419,Soft,0,12,331.6,28.03,34.359,28.03
Singapore GP,Alexander Albon,Williams,23,48,90.325,Intermediate,0,6,349.5,28.001,34.324,28.001
Singapore GP,Alexander Albon,Williams,23,49,91.002,Hard,0,6,339.1,28.211,34.581,28.211
Singapore GP,Alexander Albon,Williams,23,50,90.847,Intermediate,0,5,308.3,28.163,34.522,28.163
Singapore GP,Alexander Albon,Williams,23,51,91.585,Intermediate,0,9,338.9,28.391,34.802,28.391
Singapore GP,Alexander Albon,Williams,23,52,90.83,Soft,0,9,318.3,28.157,34.515,28.157
Singapore GP,Alexander Albon,Williams,23,53,91.059,Medium,0,12,314.2,28.228,34.602,28.228
Singapore GP,Alexander Albon,Williams,23,54,91.241,Soft,0,9,303.9,28.285,34.672,28.285
Singapore GP,Alexander Albon,Williams,23,55,90.478,Hard,0,8,298.2,28.048,34.382,28.048
Singapore GP,Alexander Albon,Williams,23,56,90.413,Soft,0,9,295.6,28.028,34.357,28.028
Singapore GP,Alexander Albon,Williams,23,57,90.223,Soft,0,9,337.2,27.969,34.285,27.969
Singapore GP,Alexander Albon,Williams,23,58,90.349,Soft,0,5,308.0,28.008,34.333,28.008
Singapore GP,Alexander Albon,Williams,23,59,90.883,Medium,0,14,306.7,28.174,34.536,28.174
Singapore GP,Alexander Albon,Williams,23,60,90.917,Medium,0,10,347.1,28.184,34.548,28.184
Singapore GP,Alexander Albon,Williams,23,61,90.34,Soft,0,9,326.7,28.005,34.329,28.005
Singapore GP,Alexander Albon,Williams,23,62,90.727,Soft,0,10,314.9,28.125,34.476,28.125
Singapore GP,Alexander Albon,Williams,23,63,91.035,Soft,0,10,332.4,28.221,34.593,28.221
Singapore GP,Alexander Albon,Williams,23,64,91.041,Intermediate,0,8,332.3,28.223,34.596,28.223
Singapore GP,Alexander Albon,Williams,23,65,91.062,Medium,0,7,295.2,28.229,34.604,28.229
Singapore GP,Alexander Albon,Williams,23,66,90.286,Hard,0,10,342.1,27.989,34.309,27.989
Singapore GP,Alexander Albon,Williams,23,67,90.23,Soft,0,9,334.7,27.971,34.287,27.971
Singapore GP,Alexander Albon,Williams,23,68,90.799,Soft,0,7,337.8,28.148,34.504,28.148
Singapore GP,Alexander Albon,Williams,23,69,90.055,Wet,0,11,295.3,27.917,34.221,27.917
Singapore GP,Alexander Albon,Williams,23,70,90.013,Medium,0,9,323.0,27.904,34.205,27.904
Singapore GP,Alexander Albon,Williams,23,71,90.132,Hard,0,10,304.5,27.941,34.25,27.941
Singapore GP,Alexander Albon,Williams,23,72,91.155,Wet,0,11,303.6,28.258,34.639,28.258
Singapore GP,Alexander Albon,Williams,23,73,90.83,Medium,0,9,337.4,28.157,34.515,28.157
Singapore GP,Alexander Albon,Williams,23,74,90.149,Soft,0,9,300.7,27.946,34.257,27.946
Singapore GP,Alexander Albon,Williams,23,75,91.263,Medium,0,10,301.5,28.292,34.68,28.292
Singapore GP,Alexander Albon,Williams,23,76,90.76,Soft,0,7,306.8,28.136,34.489,28.136
Singapore GP,Alexander Albon,Williams,23,77,91.347,Medium,0,9,347.9,28.318,34.712,28.318
Singapore GP,Alexander Albon,Williams,23,78,90.011,Intermediate,0,9,341.5,27.903,34.204,27.903
Singapore GP,Nico Hulkenberg,Kick Sauber,27,1,88.381,Soft,0,8,345.5,27.398,33.585,27.398
Singapore GP,Nico Hulkenberg,Kick Sauber,27,2,88.511,Medium,0,14,344.9,27.438,33.634,27.438
Singapore GP,Nico Hulkenberg,Kick Sauber,27,3,88.748,Soft,0,7,314.5,27.512,33.724,27.512
Singapore GP,Nico Hulkenberg,Kick Sauber,27,4,89.414,Medium,0,7,344.4,27.718,33.977,27.718
Singapore GP,Nico Hulkenberg,Kick Sauber,27,5,88.907,Soft,0,12,325.8,27.561,33.785,27.561
Singapore GP,Nico Hulkenberg,Kick Sauber,27,6,88.551,Medium,0,11,345.8,27.451,33.649,27.451
Singapore GP,Nico Hulkenberg,Kick Sauber,27,7,88.727,Medium,0,7,328.9,27.505,33.716,27.505
Singapore GP,Nico Hulkenberg,Kick Sauber,27,8,88.905,Medium,0,11,318.4,27.561,33.784,27.561
Singapore GP,Nico Hulkenberg,Kick Sauber,27,9,89.117,Medium,0,12,297.6,27.626,33.864,27.626
Singapore GP,Nico Hulkenberg,Kick Sauber,27,10,88.983,Soft,0,9,307.1,27.585,33.814,27.585
Singapore GP,Nico Hulkenberg,Kick Sauber,27,11,88.577,Soft,0,15,302.8,27.459,33.659,27.459
Singapore GP,Nico Hulkenberg,Kick Sauber,27,12,89.367,Medium,0,6,296.5,27.704,33.959,27.704
Singapore GP,Nico Hulkenberg,Kick Sauber,27,13,88.644,Soft,0,11,325.9,27.48,33.685,27.48
Singapore GP,Nico Hulkenberg,Kick Sauber,27,14,89.325,Soft,0,12,348.8,27.691,33.944,27.691
Singapore GP,Nico Hulkenberg,Kick Sauber,27,15,89.201,Medium,0,11,343.8,27.652,33.896,27.652
Singapore GP,Nico Hulkenberg,Kick Sauber,27,16,88.938,Hard,0,9,312.3,27.571,33.796,27.571
Singapore GP,Nico Hulkenberg,Kick Sauber,27,17,89.104,Medium,0,9,336.5,27.622,33.86,27.622
Singapore GP,Nico Hulkenberg,Kick Sauber,27,18,89.39,Soft,0,10,313.2,27.711,33.968,27.711
Singapore GP,Nico Hulkenberg,Kick Sauber,27,19,89.412,Medium,1,11,318.8,27.718,33.977,27.718
Singapore GP,Nico Hulkenberg,Kick Sauber,27,20,88.951,Hard,0,11,302.9,27.575,33.801,27.575
Singapore GP,Nico Hulkenberg,Kick Sauber,27,21,89.212,Soft,0,12,326.4,27.656,33.901,27.656
Singapore GP,Nico Hulkenberg,Kick Sauber,27,22,88.431,Hard,0,7,308.7,27.414,33.604,27.414
Singapore GP,Nico Hulkenberg,Kick Sauber,27,23,88.638,Medium,0,9,306.5,27.478,33.682,27.478
Singapore GP,Nico Hulkenberg,Kick Sauber,27,24,89.122,Soft,0,8,312.3,27.628,33.866,27.628
Singapore GP,Nico Hulkenberg,Kick Sauber,27,25,89.449,Medium,0,9,329.9,27.729,33.991,27.729
Singapore GP,Nico Hulkenberg,Kick Sauber,27,26,88.95,Medium,0,12,298.4,27.575,33.801,27.575
Singapore GP,Nico Hulkenberg,Kick Sauber,27,27,88.665,Medium,0,10,345.1,27.486,33.693,27.486
Singapore GP,Nico Hulkenberg,Kick Sauber,27,28,89.088,Soft,0,15,334.4,27.617,33.853,27.617
Singapore GP,Nico Hulkenberg,Kick Sauber,27,29,88.873,Soft,0,10,343.2,27.551,33.772,27.551
Singapore GP,Nico Hulkenberg,Kick Sauber,27,30,89.459,Medium,0,10,326.4,27.732,33.994,27.732
Singapore GP,Nico Hulkenberg,Kick Sauber,27,31,88.496,Medium,0,10,312.1,27.434,33.628,27.434
Singapore GP,Nico Hulkenberg,Kick Sauber,27,32,88.669,Soft,0,8,320.2,27.487,33.694,27.487
Singapore GP,Nico Hulkenberg,Kick Sauber,27,33,89.382,Wet,0,9,340.6,27.708,33.965,27.708
Singapore GP,Nico Hulkenberg,Kick Sauber,27,34,88.507,Hard,0,12,300.1,27.437,33.633,27.437
Singapore GP,Nico Hulkenberg,Kick Sauber,27,35,88.575,Hard,0,10,304.5,27.458,33.659,27.458
Singapore GP,Nico Hulkenberg,Kick Sauber,27,36,89.263,Medium,0,8,348.8,27.672,33.92,27.672
Singapore GP,Nico Hulkenberg,Kick Sauber,27,37,88.938,Intermediate,0,8,320.5,27.571,33.796,27.571
Singapore GP,Nico Hulkenberg,Kick Sauber,27,38,89.037,Hard,0,9,317.9,27.601,33.834,27.601
Singapore GP,Nico Hulkenberg,Kick Sauber,27,39,88.762,Hard,0,10,327.9,27.516,33.73,27.516
Singapore GP,Nico Hulkenberg,Kick Sauber,27,40,89.559,Medium,0,12,318.4,27.763,34.032,27.763
Singapore GP,Nico Hulkenberg,Kick Sauber,27,41,89.094,Medium,0,7,331.2,27.619,33.856,27.619
Singapore GP,Nico Hulkenberg,Kick Sauber,27,42,89.484,Soft,0,9,327.1,27.74,34.004,27.74
Singapore GP,Nico Hulkenberg,Kick Sauber,27,43,89.432,Hard,0,10,343.4,27.724,33.984,27.724
Singapore GP,Nico Hulkenberg,Kick Sauber,27,44,89.61,Soft,0,6,314.7,27.779,34.052,27.779
Singapore GP,Nico Hulkenberg,Kick Sauber,27,45,88.965,Hard,0,8,344.0,27.579,33.807,27.579
Singapore GP,Nico Hulkenberg,Kick Sauber,27,46,88.96,Medium,0,8,301.6,27.578,33.805,27.578
Singapore GP,Nico Hulkenberg,Kick Sauber,27,47,88.794,Medium,0,8,306.5,27.526,33.742,27.526
Singapore GP,Nico Hulkenberg,Kick Sauber,27,48,88.651,Soft,0,10,295.7,27.482,33.687,27.482
Singapore GP,Nico Hulkenberg,Kick Sauber,27,49,89.758,Soft,0,9,321.7,27.825,34.108,27.825
Singapore GP,Nico Hulkenberg,Kick Sauber,27,50,89.393,Medium,0,8,341.3,27.712,33.969,27.712
Singapore GP,Nico Hulkenberg,Kick Sauber,27,51,89.217,Soft,0,10,340.7,27.657,33.902,27.657
Singapore GP,Nico Hulkenberg,Kick Sauber,27,52,88.539,Soft,0,13,331.2,27.447,33.645,27.447
Singapore GP,Nico Hulkenberg,Kick Sauber,27,53,88.704,Medium,0,13,300.4,27.498,33.708,27.498
